market_date,article_count,sentiment_score_mean,sentiment_score_std,positive_ratio,negative_ratio,neutral_ratio,source_day_count,first_calendar_date,last_calendar_date
2023-01-03,9,-0.40845373629902804,0.6108441204700171,0.2222222222222222,0.7777777777777778,0.0,2,2023-01-02,2023-01-03
2023-01-04,7,-0.2569266990093248,0.6600583470668617,0.2857142857142857,0.7142857142857143,0.0,1,2023-01-04,2023-01-04
2023-01-05,6,0.6368752618630728,0.3136365190130811,0.8333333333333334,0.0,0.16666666666666666,1,2023-01-05,2023-01-05
2023-01-06,5,-0.2610561799257994,0.6843118127837622,0.4,0.6,0.0,1,2023-01-06,2023-01-06
2023-01-09,7,-0.12268797960132358,0.7722312990824902,0.42857142857142855,0.5714285714285714,0.0,1,2023-01-09,2023-01-09
2023-01-10,8,0.11142568470677361,0.8914906045956653,0.5,0.5,0.0,1,2023-01-10,2023-01-10
2023-01-11,6,0.24405288261671856,0.6101247204767292,0.6666666666666666,0.3333333333333333,0.0,1,2023-01-11,2023-01-11
2023-01-12,5,0.26754112206399444,0.6765792866183485,0.6,0.4,0.0,1,2023-01-12,2023-01-12
2023-01-13,4,0.5837176616769285,0.35317891991705674,1.0,0.0,0.0,1,2023-01-13,2023-01-13
2023-01-16,8,-0.10771252214908603,0.5727451060956571,0.625,0.375,0.0,1,2023-01-16,2023-01-16
2023-01-17,10,-0.14909628862515092,0.6540766925491655,0.4,0.6,0.0,1,2023-01-17,2023-01-17
2023-01-18,6,-0.5095586832612753,0.7229558221932885,0.16666666666666666,0.8333333333333334,0.0,1,2023-01-18,2023-01-18
2023-01-19,6,0.14100117050111297,0.5848099456705905,0.6666666666666666,0.3333333333333333,0.0,1,2023-01-19,2023-01-19
2023-01-20,11,0.3536177465522831,0.5211265500792849,0.6363636363636364,0.18181818181818182,0.18181818181818182,1,2023-01-20,2023-01-20
2023-01-25,5,0.24414724074304103,0.24232518590220856,0.8,0.2,0.0,1,2023-01-25,2023-01-25
2023-01-26,7,-0.41229223726051195,0.5301097264764271,0.14285714285714285,0.8571428571428571,0.0,1,2023-01-26,2023-01-26
2023-01-27,6,0.10680263241132099,0.8784789818913347,0.5,0.5,0.0,1,2023-01-27,2023-01-27
2023-01-30,8,0.20279962266795337,0.6370628966246209,0.625,0.25,0.125,1,2023-01-30,2023-01-30
2023-01-31,7,-0.11372329494250673,0.8063679984871989,0.42857142857142855,0.5714285714285714,0.0,1,2023-01-31,2023-01-31
2023-02-02,7,0.385784993746451,0.6311130043439349,0.7142857142857143,0.2857142857142857,0.0,1,2023-02-02,2023-02-02
2023-02-03,2,0.5019752085208893,0.27372679589830684,1.0,0.0,0.0,1,2023-02-03,2023-02-03
2023-02-07,12,0.03157026177116983,0.7162342513930807,0.4166666666666667,0.5833333333333334,0.0,3,2023-02-04,2023-02-07
2023-02-08,12,-0.21800686869149408,0.6837373040225007,0.3333333333333333,0.6666666666666666,0.0,1,2023-02-08,2023-02-08
2023-02-09,8,-0.17350875184638426,0.7102887201069061,0.375,0.625,0.0,1,2023-02-09,2023-02-09
2023-02-10,7,0.2229667957206922,0.6144080798752576,0.5714285714285714,0.2857142857142857,0.14285714285714285,1,2023-02-10,2023-02-10
2023-02-13,7,-0.20654035998242246,0.5003258616585087,0.2857142857142857,0.5714285714285714,0.14285714285714285,1,2023-02-13,2023-02-13
2023-02-14,3,0.8688164219881097,0.1072131348150594,1.0,0.0,0.0,1,2023-02-14,2023-02-14
2023-02-15,4,-0.44318541325628763,0.3324481293276279,0.0,1.0,0.0,1,2023-02-15,2023-02-15
2023-02-16,8,0.20171619957545772,0.5286900749447708,0.5,0.375,0.125,1,2023-02-16,2023-02-16
2023-02-17,7,-0.3909110481451665,0.6301789210680503,0.14285714285714285,0.8571428571428571,0.0,1,2023-02-17,2023-02-17
2023-02-20,9,-0.3705782615062263,0.5589972418047082,0.1111111111111111,0.7777777777777778,0.1111111111111111,2,2023-02-18,2023-02-20
2023-02-21,8,0.0882236324250698,0.35863747436049703,0.5,0.25,0.25,1,2023-02-21,2023-02-21
2023-02-22,4,-0.7989185797050596,0.08390796920168678,0.0,1.0,0.0,1,2023-02-22,2023-02-22
2023-02-23,10,0.17345229054335506,0.7771292440945038,0.6,0.4,0.0,1,2023-02-23,2023-02-23
2023-02-24,7,0.0764353651819485,0.562023827803601,0.7142857142857143,0.2857142857142857,0.0,1,2023-02-24,2023-02-24
2023-02-27,9,0.0043933539547854,0.6462221933220248,0.3333333333333333,0.5555555555555556,0.1111111111111111,1,2023-02-27,2023-02-27
2023-02-28,10,-0.23342942697927355,0.7343061171417629,0.3,0.6,0.1,1,2023-02-28,2023-02-28
2023-03-01,4,-0.14583069435320792,0.6701342575996658,0.25,0.5,0.25,1,2023-03-01,2023-03-01
2023-03-02,1,0.45616684854030615,0.0,1.0,0.0,0.0,1,2023-03-02,2023-03-02
2023-03-03,1,-0.3543674498796463,0.0,0.0,1.0,0.0,1,2023-03-03,2023-03-03
2023-03-06,4,0.46094612171873456,0.34800760877555453,0.75,0.0,0.25,1,2023-03-06,2023-03-06
2023-03-07,5,0.07645308841019864,0.9398768726841764,0.6,0.4,0.0,1,2023-03-07,2023-03-07
2023-03-08,3,-0.2572466085354488,0.9947704264224573,0.3333333333333333,0.6666666666666666,0.0,1,2023-03-08,2023-03-08
2023-03-09,4,0.0017544855363667289,0.8120484189021131,0.25,0.5,0.25,1,2023-03-09,2023-03-09
2023-03-10,10,-0.6141550347208977,0.41737548592662904,0.1,0.8,0.1,1,2023-03-10,2023-03-10
2023-03-13,5,-0.6121018808335066,0.659138236102558,0.2,0.8,0.0,1,2023-03-13,2023-03-13
2023-03-14,13,-0.4927557402182944,0.6966385189183602,0.23076923076923078,0.7692307692307693,0.0,1,2023-03-14,2023-03-14
2023-03-15,12,0.5379510507530844,0.44397422635180933,0.75,0.08333333333333333,0.16666666666666666,1,2023-03-15,2023-03-15
2023-03-16,8,-0.7170376018621027,0.4260769313819623,0.125,0.875,0.0,1,2023-03-16,2023-03-16
2023-03-17,7,0.6353213098565382,0.22322623579411646,1.0,0.0,0.0,1,2023-03-17,2023-03-17
2023-03-20,6,-0.6226312558477124,0.19392869464890183,0.0,1.0,0.0,1,2023-03-20,2023-03-20
2023-03-21,10,0.5488028297200799,0.5473242570226091,0.9,0.1,0.0,1,2023-03-21,2023-03-21
2023-03-22,7,0.4858707921313388,0.5500931386714372,0.8571428571428571,0.14285714285714285,0.0,1,2023-03-22,2023-03-22
2023-03-23,7,-0.5477552674710751,0.31376527498459117,0.0,0.8571428571428571,0.14285714285714285,1,2023-03-23,2023-03-23
2023-03-24,10,-0.20289128860458733,0.7752587228306541,0.3,0.6,0.1,1,2023-03-24,2023-03-24
2023-03-27,6,-0.30898738124718267,0.7787994790812772,0.3333333333333333,0.6666666666666666,0.0,1,2023-03-27,2023-03-27
2023-03-28,5,0.32223917581140993,0.6037847618534755,0.6,0.2,0.2,1,2023-03-28,2023-03-28
2023-03-29,6,0.5948346978984773,0.2472135257494759,0.8333333333333334,0.0,0.16666666666666666,1,2023-03-29,2023-03-29
2023-03-30,4,0.14472661656327546,0.5631046398103732,0.5,0.25,0.25,1,2023-03-30,2023-03-30
2023-03-31,4,-0.1617861371487379,0.6960091222554651,0.5,0.5,0.0,1,2023-03-31,2023-03-31
2023-04-03,8,0.5830570484395139,0.2838547260509224,0.875,0.0,0.125,1,2023-04-03,2023-04-03
2023-04-04,5,-0.23468223232775925,0.6235902882427562,0.2,0.6,0.2,1,2023-04-04,2023-04-04
2023-04-05,5,-0.5105102878063917,0.37285347120747214,0.0,0.8,0.2,1,2023-04-05,2023-04-05
2023-04-06,7,-0.3646072245069912,0.6654941159966523,0.2857142857142857,0.7142857142857143,0.0,1,2023-04-06,2023-04-06
2023-04-07,10,-0.01627118675969543,0.4359970365090199,0.2,0.4,0.4,1,2023-04-07,2023-04-07
2023-04-10,9,0.0690258867107332,0.4745220734529487,0.4444444444444444,0.3333333333333333,0.2222222222222222,1,2023-04-10,2023-04-10
2023-04-11,6,0.3564270945886771,0.3988551966945074,0.8333333333333334,0.16666666666666666,0.0,1,2023-04-11,2023-04-11
2023-04-12,6,-0.511014853293697,0.3686859845493708,0.16666666666666666,0.8333333333333334,0.0,1,2023-04-12,2023-04-12
2023-04-13,7,-0.263798906467855,0.5675810409276704,0.14285714285714285,0.7142857142857143,0.14285714285714285,1,2023-04-13,2023-04-13
2023-04-14,5,0.3343707490712404,0.330759790565875,0.6,0.2,0.2,1,2023-04-14,2023-04-14
2023-04-17,5,-0.7075839577242732,0.2237960364114443,0.0,1.0,0.0,1,2023-04-17,2023-04-17
2023-04-18,4,-0.7958050770685077,0.13875222995281478,0.0,1.0,0.0,1,2023-04-18,2023-04-18
2023-04-19,5,-0.49085698649287224,0.5838676538327457,0.2,0.8,0.0,1,2023-04-19,2023-04-19
2023-04-20,9,0.021717137243184765,0.6074001601696375,0.5555555555555556,0.3333333333333333,0.1111111111111111,1,2023-04-20,2023-04-20
2023-04-25,11,-0.0988635379313068,0.6629110331233123,0.45454545454545453,0.5454545454545454,0.0,2,2023-04-24,2023-04-25
2023-04-26,8,-0.7495340832974762,0.480857924721587,0.125,0.875,0.0,1,2023-04-26,2023-04-26
2023-04-27,5,0.6942637286614627,0.22713432217106685,1.0,0.0,0.0,1,2023-04-27,2023-04-27
2023-04-28,9,0.15990242134365767,0.6788880371987762,0.5555555555555556,0.4444444444444444,0.0,1,2023-04-28,2023-04-28
2023-05-02,10,0.41254737195558844,0.6037610356458718,0.7,0.1,0.2,1,2023-05-02,2023-05-02
2023-05-03,8,-0.2158136887010187,0.7745166657191157,0.375,0.625,0.0,1,2023-05-03,2023-05-03
2023-05-05,9,-0.45262369389335316,0.5725882179820175,0.2222222222222222,0.7777777777777778,0.0,2,2023-05-04,2023-05-05
2023-05-08,10,0.2726997053483501,0.8203494372438276,0.6,0.4,0.0,1,2023-05-08,2023-05-08
2023-05-09,6,-0.40375484169150394,0.6667007074443009,0.16666666666666666,0.8333333333333334,0.0,1,2023-05-09,2023-05-09
2023-05-10,8,-0.0824204126838595,0.5920282373238934,0.5,0.5,0.0,1,2023-05-10,2023-05-10
2023-05-11,8,0.2500875355908648,0.4096921634426845,0.625,0.125,0.25,1,2023-05-11,2023-05-11
2023-05-12,4,-0.011909343302249908,0.3029569644760675,0.5,0.5,0.0,1,2023-05-12,2023-05-12
2023-05-15,8,-0.4095251400722191,0.5248731657730958,0.25,0.625,0.125,1,2023-05-15,2023-05-15
2023-05-16,5,0.5099787421524525,0.6242238395470764,0.8,0.2,0.0,1,2023-05-16,2023-05-16
2023-05-17,6,-0.050439358378450094,0.3075408903106712,0.3333333333333333,0.3333333333333333,0.3333333333333333,1,2023-05-17,2023-05-17
2023-05-18,6,0.5171279185451567,0.5881608416361612,0.8333333333333334,0.16666666666666666,0.0,1,2023-05-18,2023-05-18
2023-05-19,10,-0.06894034862052645,0.7422026910545253,0.5,0.5,0.0,1,2023-05-19,2023-05-19
2023-05-22,4,-0.813227720092982,0.14791303637113395,0.0,1.0,0.0,1,2023-05-22,2023-05-22
2023-05-23,7,-0.7590184943484408,0.18415321887766753,0.0,1.0,0.0,1,2023-05-23,2023-05-23
2023-05-24,4,-0.3951960760168731,0.6747092551502151,0.25,0.75,0.0,1,2023-05-24,2023-05-24
2023-05-25,4,0.06847577728331089,0.6921863149935582,0.5,0.25,0.25,1,2023-05-25,2023-05-25
2023-05-26,6,0.019320854917168617,0.4459856619404689,0.5,0.5,0.0,1,2023-05-26,2023-05-26
2023-05-29,3,0.4799591266394903,0.7776028643007993,0.6666666666666666,0.0,0.3333333333333333,2,2023-05-27,2023-05-29
2023-05-30,4,-0.06699605041649195,0.7284132735781551,0.25,0.5,0.25,1,2023-05-30,2023-05-30
2023-05-31,9,-0.1960896553678645,0.7481065306660849,0.3333333333333333,0.6666666666666666,0.0,1,2023-05-31,2023-05-31
2023-06-01,5,0.39221035377122465,0.8435595570500743,0.6,0.2,0.2,1,2023-06-01,2023-06-01
2023-06-02,3,-0.38919806480407715,0.2373869274144288,0.0,1.0,0.0,1,2023-06-02,2023-06-02
2023-06-06,11,0.023560872259126456,0.747292752889423,0.45454545454545453,0.45454545454545453,0.09090909090909091,2,2023-06-05,2023-06-06
2023-06-07,2,-0.7146116252988578,0.19626669142948797,0.0,1.0,0.0,1,2023-06-07,2023-06-07
2023-06-08,6,-0.4014354959751169,0.73888253467183,0.3333333333333333,0.6666666666666666,0.0,1,2023-06-08,2023-06-08
2023-06-09,3,0.3688615479816994,0.49956020828159486,0.6666666666666666,0.3333333333333333,0.0,1,2023-06-09,2023-06-09
2023-06-12,3,0.8575521664073071,0.11391325127715589,1.0,0.0,0.0,1,2023-06-12,2023-06-12
2023-06-13,4,-0.08053168654441833,0.26645385104112485,0.75,0.25,0.0,1,2023-06-13,2023-06-13
2023-06-14,3,0.6079416622718176,0.32786540646456086,1.0,0.0,0.0,1,2023-06-14,2023-06-14
2023-06-15,7,-0.2724005037120411,0.7514563439259409,0.2857142857142857,0.7142857142857143,0.0,1,2023-06-15,2023-06-15
2023-06-16,8,0.567396440252196,0.19857526120032282,0.875,0.0,0.125,1,2023-06-16,2023-06-16
2023-06-19,8,-0.048651819175574935,0.5775863472938817,0.375,0.5,0.125,2,2023-06-17,2023-06-19
2023-06-20,7,-0.08514284236090527,0.6298745893498421,0.42857142857142855,0.5714285714285714,0.0,1,2023-06-20,2023-06-20
2023-06-21,7,-0.04760204268885509,0.71521613289334,0.42857142857142855,0.5714285714285714,0.0,1,2023-06-21,2023-06-21
2023-06-22,7,0.036643895187548195,0.39098341850699153,0.42857142857142855,0.2857142857142857,0.2857142857142857,1,2023-06-22,2023-06-22
2023-06-23,7,-0.075634362708245,0.6878998759532947,0.2857142857142857,0.5714285714285714,0.14285714285714285,1,2023-06-23,2023-06-23
2023-06-26,10,0.3944994407705963,0.6006904009093997,0.7,0.3,0.0,1,2023-06-26,2023-06-26
2023-06-27,6,0.2812638313043863,0.6240921671420384,0.6666666666666666,0.16666666666666666,0.16666666666666666,1,2023-06-27,2023-06-27
2023-06-28,7,0.7070321761337774,0.2695321445569704,1.0,0.0,0.0,1,2023-06-28,2023-06-28
2023-06-30,7,-0.11657605426652091,0.5734622224259402,0.2857142857142857,0.7142857142857143,0.0,2,2023-06-29,2023-06-30
2023-07-03,9,0.5008832712450789,0.4504941643473166,0.6666666666666666,0.2222222222222222,0.1111111111111111,1,2023-07-03,2023-07-03
2023-07-04,6,-0.46820364116380614,0.7480763748154728,0.3333333333333333,0.6666666666666666,0.0,1,2023-07-04,2023-07-04
2023-07-05,6,0.10089845582842825,0.6397210388434555,0.5,0.5,0.0,1,2023-07-05,2023-07-05
2023-07-06,5,-0.4268715977668762,0.3992652301774063,0.2,0.8,0.0,1,2023-07-06,2023-07-06
2023-07-07,5,-0.30198593214154246,0.4795206982925883,0.4,0.6,0.0,1,2023-07-07,2023-07-07
2023-07-10,6,0.19566558774871132,0.48511471940773393,0.6666666666666666,0.16666666666666666,0.16666666666666666,1,2023-07-10,2023-07-10
2023-07-11,4,0.7472152279224247,0.2965890662250754,1.0,0.0,0.0,1,2023-07-11,2023-07-11
2023-07-12,5,0.7583192825317384,0.12461858455403564,1.0,0.0,0.0,1,2023-07-12,2023-07-12
2023-07-13,7,0.2892147333228163,0.8036431630786453,0.7142857142857143,0.2857142857142857,0.0,1,2023-07-13,2023-07-13
2023-07-14,6,0.8431357798011353,0.16818011827721532,1.0,0.0,0.0,1,2023-07-14,2023-07-14
2023-07-17,5,0.010537633579224348,0.8345439937044213,0.4,0.4,0.2,1,2023-07-17,2023-07-17
2023-07-18,8,-0.4101139730773867,0.6068344188822477,0.125,0.625,0.25,1,2023-07-18,2023-07-18
2023-07-20,7,0.343329345541341,0.46110026161730205,0.8571428571428571,0.14285714285714285,0.0,2,2023-07-19,2023-07-20
2023-07-21,9,0.1642797839206954,0.4700852055006746,0.7777777777777778,0.2222222222222222,0.0,1,2023-07-21,2023-07-21
2023-07-24,8,0.11426742919138633,0.48672997988793243,0.375,0.375,0.25,1,2023-07-24,2023-07-24
2023-07-25,5,0.8803767045028508,0.06003731335746421,1.0,0.0,0.0,1,2023-07-25,2023-07-25
2023-07-26,8,0.2797724102274515,0.5764948655146105,0.875,0.125,0.0,1,2023-07-26,2023-07-26
2023-07-27,7,0.7837652417032848,0.180136134063959,1.0,0.0,0.0,1,2023-07-27,2023-07-27
2023-07-28,7,0.1347116061951965,0.9039358956493075,0.5714285714285714,0.42857142857142855,0.0,1,2023-07-28,2023-07-28
2023-07-31,9,0.8180687999766735,0.19059719531184993,1.0,0.0,0.0,1,2023-07-31,2023-07-31
2023-08-01,7,0.035977769510022246,0.7561138386701902,0.42857142857142855,0.5714285714285714,0.0,1,2023-08-01,2023-08-01
2023-08-02,6,-0.2216634154319764,0.7121498712860603,0.5,0.5,0.0,1,2023-08-02,2023-08-02
2023-08-03,5,-0.24432837218046188,0.6251331143231419,0.4,0.6,0.0,1,2023-08-03,2023-08-03
2023-08-04,6,0.49649890574316186,0.47162135111954595,0.6666666666666666,0.3333333333333333,0.0,1,2023-08-04,2023-08-04
2023-08-07,11,0.12415338404984638,0.4817962442211775,0.45454545454545453,0.2727272727272727,0.2727272727272727,1,2023-08-07,2023-08-07
2023-08-08,6,0.5362865081988275,0.4366381986850887,0.8333333333333334,0.16666666666666666,0.0,1,2023-08-08,2023-08-08
2023-08-09,8,0.02397272491361943,0.6821461071030261,0.375,0.5,0.125,1,2023-08-09,2023-08-09
2023-08-10,8,0.1609427246730775,0.3405805349194097,0.5,0.25,0.25,1,2023-08-10,2023-08-10
2023-08-11,8,0.31665628601331264,0.44489870582172303,0.5,0.5,0.0,1,2023-08-11,2023-08-11
2023-08-14,6,0.21521925382936993,0.41469378203494145,0.5,0.5,0.0,1,2023-08-14,2023-08-14
2023-08-15,7,0.6420492269098759,0.2949793604760871,1.0,0.0,0.0,1,2023-08-15,2023-08-15
2023-08-16,4,0.2590227676555515,0.6274783634598576,0.5,0.5,0.0,1,2023-08-16,2023-08-16
2023-08-17,8,0.009327570442110335,0.7363284770393398,0.5,0.5,0.0,1,2023-08-17,2023-08-17
2023-08-18,9,0.08933306043036282,0.6655431892834459,0.3333333333333333,0.6666666666666666,0.0,1,2023-08-18,2023-08-18
2023-08-21,8,0.07148037897422915,0.6863471438422697,0.375,0.375,0.25,1,2023-08-21,2023-08-21
2023-08-22,5,0.3103179908357561,0.6651566110471344,0.6,0.4,0.0,1,2023-08-22,2023-08-22
2023-08-23,4,-0.3947878656908869,0.6057623752430663,0.25,0.75,0.0,1,2023-08-23,2023-08-23
2023-08-24,6,0.41385497509812325,0.47617062804351584,0.8333333333333334,0.16666666666666666,0.0,1,2023-08-24,2023-08-24
2023-08-25,5,-0.2647645344957709,0.7845385587858948,0.2,0.6,0.2,1,2023-08-25,2023-08-25
2023-08-28,8,0.06908590698731133,0.6370427494709041,0.5,0.5,0.0,1,2023-08-28,2023-08-28
2023-08-29,6,0.03019395563751461,0.718977172036249,0.5,0.5,0.0,1,2023-08-29,2023-08-29
2023-08-30,12,0.48845905921189114,0.6609124326339787,0.75,0.16666666666666666,0.08333333333333333,1,2023-08-30,2023-08-30
2023-09-01,7,0.281601667803313,0.6180907652546843,0.7142857142857143,0.14285714285714285,0.14285714285714285,2,2023-08-31,2023-09-01
2023-09-04,9,0.6193628812777914,0.5815404957550458,0.7777777777777778,0.2222222222222222,0.0,1,2023-09-04,2023-09-04
2023-09-05,5,-0.516077971458435,0.282338669031341,0.0,0.8,0.2,1,2023-09-05,2023-09-05
2023-09-06,8,0.4349366942769848,0.47958785952415284,0.75,0.125,0.125,1,2023-09-06,2023-09-06
2023-09-07,6,-0.3497718224922816,0.42160769454878233,0.16666666666666666,0.8333333333333334,0.0,1,2023-09-07,2023-09-07
2023-09-08,7,-0.33410674386790823,0.3941251541044648,0.0,0.8571428571428571,0.14285714285714285,1,2023-09-08,2023-09-08
2023-09-11,11,0.1349061799066311,0.6955897567266403,0.45454545454545453,0.45454545454545453,0.09090909090909091,1,2023-09-11,2023-09-11
2023-09-12,7,0.2796083001552948,0.583249897166538,0.5714285714285714,0.42857142857142855,0.0,1,2023-09-12,2023-09-12
2023-09-13,4,0.3561768343206495,0.606957009446915,0.75,0.25,0.0,1,2023-09-13,2023-09-13
2023-09-14,6,-0.0862176980978499,0.8423255594745994,0.3333333333333333,0.6666666666666666,0.0,1,2023-09-14,2023-09-14
2023-09-15,4,0.23421053681522608,0.6260524344678192,0.75,0.25,0.0,1,2023-09-15,2023-09-15
2023-09-18,10,-0.004420332820154749,0.6895594829558178,0.4,0.4,0.2,1,2023-09-18,2023-09-18
2023-09-19,4,-0.5541251935064794,0.3496023980082144,0.0,1.0,0.0,1,2023-09-19,2023-09-19
2023-09-20,9,-0.16749540581885308,0.7691592545329002,0.3333333333333333,0.5555555555555556,0.1111111111111111,1,2023-09-20,2023-09-20
2023-09-21,6,-0.10673675251503789,0.6917764952343014,0.3333333333333333,0.5,0.16666666666666666,1,2023-09-21,2023-09-21
2023-09-22,9,-0.2307699067104194,0.5067523566624408,0.3333333333333333,0.6666666666666666,0.0,1,2023-09-22,2023-09-22
2023-09-25,6,-0.11098722616831459,0.7701028458459525,0.3333333333333333,0.6666666666666666,0.0,1,2023-09-25,2023-09-25
2023-09-26,9,0.16247607001827824,0.5224548334046859,0.7777777777777778,0.2222222222222222,0.0,1,2023-09-26,2023-09-26
2023-09-27,4,-0.48458800651133066,0.2509494124190726,0.0,1.0,0.0,1,2023-09-27,2023-09-27
2023-09-29,8,0.2735936695244164,0.5049554105484391,0.625,0.25,0.125,2,2023-09-28,2023-09-29
2023-10-02,9,-0.0639096802721421,0.600261649448862,0.4444444444444444,0.5555555555555556,0.0,2,2023-09-30,2023-10-02
2023-10-03,7,0.07150460114436487,0.6033804341883027,0.42857142857142855,0.5714285714285714,0.0,1,2023-10-03,2023-10-03
2023-10-04,4,-0.46631826926022774,0.48771149505813055,0.25,0.75,0.0,1,2023-10-04,2023-10-04
2023-10-05,5,-0.026544263958930968,0.3221433798581582,0.4,0.6,0.0,1,2023-10-05,2023-10-05
2023-10-06,5,0.25361030893400316,0.49650134809312063,0.8,0.2,0.0,1,2023-10-06,2023-10-06
2023-10-09,7,0.6231194220350257,0.4033037396108235,0.8571428571428571,0.14285714285714285,0.0,1,2023-10-09,2023-10-09
2023-10-10,6,0.028451703799267574,0.9109654131584372,0.5,0.5,0.0,1,2023-10-10,2023-10-10
2023-10-11,9,0.30569663726621205,0.4533724626008104,0.6666666666666666,0.1111111111111111,0.2222222222222222,1,2023-10-11,2023-10-11
2023-10-12,8,0.4446683817077428,0.619227320641371,0.75,0.125,0.125,1,2023-10-12,2023-10-12
2023-10-13,7,0.1724636309913227,0.5769160801100608,0.42857142857142855,0.5714285714285714,0.0,1,2023-10-13,2023-10-13
2023-10-16,7,0.2866352413381849,0.6319015724229515,0.5714285714285714,0.42857142857142855,0.0,2,2023-10-15,2023-10-16
2023-10-17,4,0.5616205697879195,0.24430550032402615,1.0,0.0,0.0,1,2023-10-17,2023-10-17
2023-10-18,4,-0.32331351842731243,0.46760588466882574,0.25,0.75,0.0,1,2023-10-18,2023-10-18
2023-10-19,4,-0.6487136911600828,0.14817824066070437,0.0,1.0,0.0,1,2023-10-19,2023-10-19
2023-10-20,10,-0.1921332337893546,0.7919449918550476,0.3,0.7,0.0,1,2023-10-20,2023-10-20
2023-10-23,10,0.03360280087217693,0.6093578978942369,0.4,0.6,0.0,1,2023-10-23,2023-10-23
2023-10-24,11,0.05679696396162566,0.6575623962820245,0.5454545454545454,0.45454545454545453,0.0,1,2023-10-24,2023-10-24
2023-10-25,6,0.6730835777319347,0.24362803714937684,1.0,0.0,0.0,1,2023-10-25,2023-10-25
2023-10-26,10,0.18502343366853893,0.7210650155953716,0.6,0.4,0.0,1,2023-10-26,2023-10-26
2023-10-27,10,0.23576473593711852,0.7430684298950575,0.6,0.4,0.0,1,2023-10-27,2023-10-27
2023-10-30,5,0.4395135680679232,0.6454412059940574,0.6,0.2,0.2,2,2023-10-29,2023-10-30
2023-10-31,8,0.42457818245748064,0.4046397804289016,0.625,0.125,0.25,1,2023-10-31,2023-10-31
2023-11-01,7,0.2064114535293941,0.7490350509496208,0.5714285714285714,0.2857142857142857,0.14285714285714285,1,2023-11-01,2023-11-01
2023-11-02,6,0.2719187185478707,0.39521058074737675,0.6666666666666666,0.0,0.3333333333333333,1,2023-11-02,2023-11-02
2023-11-03,3,0.15768681839108464,0.8463145615836781,0.6666666666666666,0.3333333333333333,0.0,1,2023-11-03,2023-11-03
2023-11-06,5,0.7032818598672749,0.31790479690373386,1.0,0.0,0.0,1,2023-11-06,2023-11-06
2023-11-07,8,0.03338171401992441,0.5545980533066345,0.375,0.375,0.25,1,2023-11-07,2023-11-07
2023-11-08,2,-0.2892171796411276,0.8278701962741948,0.5,0.5,0.0,1,2023-11-08,2023-11-08
2023-11-09,5,-0.11732116779312492,0.717352734450378,0.4,0.6,0.0,1,2023-11-09,2023-11-09
2023-11-10,5,0.08220526026561858,0.6150766558435001,0.6,0.4,0.0,1,2023-11-10,2023-11-10
2023-11-14,10,0.6065410373266786,0.5909614770289502,0.9,0.1,0.0,2,2023-11-13,2023-11-14
2023-11-15,3,0.3767453928788504,0.21685549562224649,1.0,0.0,0.0,1,2023-11-15,2023-11-15
2023-11-16,3,-0.12995720406373337,0.4732006294762881,0.3333333333333333,0.6666666666666666,0.0,1,2023-11-16,2023-11-16
2023-11-17,7,-0.1782510155545814,0.7770298987360942,0.2857142857142857,0.7142857142857143,0.0,1,2023-11-17,2023-11-17
2023-11-20,10,0.06160599743016063,0.581236237658399,0.3,0.3,0.4,1,2023-11-20,2023-11-20
2023-11-21,6,0.5104861659929156,0.5071160252584107,0.6666666666666666,0.3333333333333333,0.0,1,2023-11-21,2023-11-21
2023-11-22,9,-0.6459717062405415,0.36025816753454065,0.0,0.8888888888888888,0.1111111111111111,1,2023-11-22,2023-11-22
2023-11-23,7,0.4437804043159953,0.4868000916210377,0.7142857142857143,0.2857142857142857,0.0,1,2023-11-23,2023-11-23
2023-11-24,6,0.19954919132093588,0.5460027176080581,0.8333333333333334,0.16666666666666666,0.0,1,2023-11-24,2023-11-24
2023-11-27,6,-0.36511581848996383,0.46360905063496577,0.16666666666666666,0.6666666666666666,0.16666666666666666,1,2023-11-27,2023-11-27
2023-11-28,4,0.12167720485012981,0.6509941858440905,0.75,0.25,0.0,1,2023-11-28,2023-11-28
2023-11-29,4,-0.5487776119261981,0.4953478681075973,0.25,0.75,0.0,1,2023-11-29,2023-11-29
2023-11-30,5,0.12492864793166518,0.8898121930749545,0.4,0.4,0.2,1,2023-11-30,2023-11-30
2023-12-01,7,0.16860216583258342,0.6399436298274631,0.42857142857142855,0.42857142857142855,0.14285714285714285,1,2023-12-01,2023-12-01
2023-12-04,11,-0.2601313850080425,0.5465172846504212,0.18181818181818182,0.6363636363636364,0.18181818181818182,1,2023-12-04,2023-12-04
2023-12-05,4,-0.8038427848368883,0.13224203163660173,0.0,1.0,0.0,1,2023-12-05,2023-12-05
2023-12-06,7,-0.1451301904661315,0.5923142954270849,0.42857142857142855,0.5714285714285714,0.0,1,2023-12-06,2023-12-06
2023-12-07,4,0.4363533081486821,0.7935005885868652,0.75,0.25,0.0,1,2023-12-07,2023-12-07
2023-12-08,4,0.30121550336480146,0.49873424381008125,0.75,0.25,0.0,1,2023-12-08,2023-12-08
2023-12-11,8,0.34596861543832347,0.5048188179441487,0.875,0.125,0.0,1,2023-12-11,2023-12-11
2023-12-12,7,0.2516401943617633,0.5634775647850286,0.42857142857142855,0.2857142857142857,0.2857142857142857,1,2023-12-12,2023-12-12
2023-12-13,9,0.04370465409010648,0.5899046719906373,0.4444444444444444,0.4444444444444444,0.1111111111111111,1,2023-12-13,2023-12-13
2023-12-14,7,0.6199460907706192,0.43691162675058504,0.8571428571428571,0.14285714285714285,0.0,1,2023-12-14,2023-12-14
2023-12-15,7,0.49323359996612587,0.41498301664794945,0.7142857142857143,0.2857142857142857,0.0,1,2023-12-15,2023-12-15
2023-12-18,8,0.4516507717780769,0.41554489682784873,0.875,0.0,0.125,1,2023-12-18,2023-12-18
2023-12-19,4,0.04516022861935196,0.2137882525537375,0.5,0.25,0.25,1,2023-12-19,2023-12-19
2023-12-20,5,0.20734400115907192,0.47259167816962516,0.4,0.4,0.2,1,2023-12-20,2023-12-20
2023-12-21,4,-0.5206358060240746,0.45534329423483805,0.25,0.75,0.0,1,2023-12-21,2023-12-21
2023-12-22,5,-0.18471169769763945,0.5529450133168,0.4,0.6,0.0,1,2023-12-22,2023-12-22
2023-12-26,7,0.14901794453284573,0.6889530634031308,0.5714285714285714,0.2857142857142857,0.14285714285714285,2,2023-12-25,2023-12-26
2023-12-27,5,0.3087703390978277,0.4779862789763563,0.4,0.2,0.4,1,2023-12-27,2023-12-27
2023-12-28,5,0.04025326780974867,0.6941258712023717,0.6,0.4,0.0,1,2023-12-28,2023-12-28
2023-12-29,9,0.16464486257690522,0.7840580494074709,0.6666666666666666,0.3333333333333333,0.0,1,2023-12-29,2023-12-29
2024-01-02,4,0.21405008807778358,0.7133034759077796,0.75,0.25,0.0,2,2023-12-31,2024-01-02
2024-01-03,6,0.03861785369614762,0.6350236068689177,0.6666666666666666,0.3333333333333333,0.0,1,2024-01-03,2024-01-03
2024-01-04,5,0.38410439658910034,0.6934062304206763,0.6,0.4,0.0,1,2024-01-04,2024-01-04
2024-01-05,4,0.5132975950837135,0.4746297801919671,0.75,0.25,0.0,1,2024-01-05,2024-01-05
2024-01-08,13,0.24652101493512207,0.6156811049353317,0.5384615384615384,0.3076923076923077,0.15384615384615385,1,2024-01-08,2024-01-08
2024-01-09,10,0.520896518509835,0.38472455150396845,0.8,0.2,0.0,1,2024-01-09,2024-01-09
2024-01-10,7,-0.5642519218048879,0.4844835391732891,0.14285714285714285,0.8571428571428571,0.0,1,2024-01-10,2024-01-10
2024-01-11,2,0.1619953438639641,0.6371138365025819,0.5,0.5,0.0,1,2024-01-11,2024-01-11
2024-01-12,4,0.5924928358290344,0.4263830889463103,1.0,0.0,0.0,1,2024-01-12,2024-01-12
2024-01-15,8,0.2591128530912101,0.5539376453627993,0.75,0.25,0.0,1,2024-01-15,2024-01-15
2024-01-16,4,-0.18422256549820304,0.5651859735904363,0.25,0.75,0.0,1,2024-01-16,2024-01-16
2024-01-17,4,-0.22200490348041058,0.4974656306848086,0.5,0.5,0.0,1,2024-01-17,2024-01-17
2024-01-18,7,-0.6459426435508898,0.5878988063008734,0.14285714285714285,0.8571428571428571,0.0,1,2024-01-18,2024-01-18
2024-01-19,6,0.0470778650293748,0.8307291344483954,0.5,0.5,0.0,1,2024-01-19,2024-01-19
2024-01-22,5,0.32427802719175824,0.7618130388025927,0.6,0.4,0.0,1,2024-01-22,2024-01-22
2024-01-23,7,0.6102841448571,0.3328436897126201,0.8571428571428571,0.14285714285714285,0.0,1,2024-01-23,2024-01-23
2024-01-24,7,0.34989345047090736,0.5990002345089369,0.7142857142857143,0.2857142857142857,0.0,1,2024-01-24,2024-01-24
2024-01-26,7,0.5639930820491698,0.3609623772712872,0.8571428571428571,0.14285714285714285,0.0,2,2024-01-25,2024-01-26
2024-01-29,8,0.18800265906611457,0.6505079577530797,0.75,0.25,0.0,1,2024-01-29,2024-01-29
2024-01-30,6,0.3409188527148217,0.5240744769446714,0.5,0.3333333333333333,0.16666666666666666,1,2024-01-30,2024-01-30
2024-01-31,9,-0.1431090556499031,0.5130758245150175,0.3333333333333333,0.6666666666666666,0.0,1,2024-01-31,2024-01-31
2024-02-02,10,0.21779893778730183,0.6288242597208432,0.5,0.5,0.0,1,2024-02-02,2024-02-02
2024-02-05,8,0.15779697860125452,0.6591185171485697,0.5,0.375,0.125,1,2024-02-05,2024-02-05
2024-02-06,5,0.38677908629179003,0.29325182336283834,1.0,0.0,0.0,1,2024-02-06,2024-02-06
2024-02-07,5,-0.06957379262894392,0.9277234614252324,0.4,0.6,0.0,1,2024-02-07,2024-02-07
2024-02-08,10,0.4193214921280742,0.4133535882643248,0.8,0.1,0.1,1,2024-02-08,2024-02-08
2024-02-09,5,-0.015577253699302674,0.4957253145021443,0.2,0.4,0.4,1,2024-02-09,2024-02-09
2024-02-13,16,0.5960683472221717,0.39240353772673153,0.8125,0.0625,0.125,2,2024-02-12,2024-02-13
2024-02-14,12,-0.18643963026503726,0.6391291712497819,0.25,0.6666666666666666,0.08333333333333333,1,2024-02-14,2024-02-14
2024-02-15,7,-0.08335909327226029,0.689183619191785,0.42857142857142855,0.5714285714285714,0.0,1,2024-02-15,2024-02-15
2024-02-16,9,0.34355866453713846,0.5288064572142649,0.8888888888888888,0.1111111111111111,0.0,1,2024-02-16,2024-02-16
2024-02-19,3,-0.08595493435859682,0.10745152653583286,0.3333333333333333,0.6666666666666666,0.0,1,2024-02-19,2024-02-19
2024-02-20,6,-0.03712890607615319,0.7570379858912278,0.5,0.5,0.0,1,2024-02-20,2024-02-20
2024-02-22,2,-0.7028273344039918,0.23044855738598652,0.0,1.0,0.0,1,2024-02-22,2024-02-22
2024-02-23,3,0.3739294397334258,0.660876524814845,0.6666666666666666,0.3333333333333333,0.0,1,2024-02-23,2024-02-23
2024-02-26,5,-0.00719298105686903,0.4662226600962218,0.4,0.2,0.4,2,2024-02-24,2024-02-26
2024-02-27,3,-0.28735457857449853,0.44754790912333564,0.3333333333333333,0.6666666666666666,0.0,1,2024-02-27,2024-02-27
2024-02-28,3,-0.46384495745102566,0.5710042740230966,0.3333333333333333,0.6666666666666666,0.0,1,2024-02-28,2024-02-28
2024-02-29,11,0.5554617592133582,0.4893721844270543,0.8181818181818182,0.18181818181818182,0.0,1,2024-02-29,2024-02-29
2024-03-01,8,0.08598291515954773,0.8718933788134846,0.5,0.5,0.0,1,2024-03-01,2024-03-01
2024-03-04,8,0.3486629732651636,0.559731063549488,0.75,0.25,0.0,1,2024-03-04,2024-03-04
2024-03-05,7,0.04483875618981465,0.5682485623506562,0.2857142857142857,0.42857142857142855,0.2857142857142857,1,2024-03-05,2024-03-05
2024-03-06,14,-0.25213822383167483,0.7022872209656025,0.21428571428571427,0.6428571428571429,0.14285714285714285,1,2024-03-06,2024-03-06
2024-03-07,6,0.23555714140335723,0.34437597932575126,0.6666666666666666,0.16666666666666666,0.16666666666666666,1,2024-03-07,2024-03-07
2024-03-08,8,0.6216811332851649,0.3789138551054841,0.875,0.125,0.0,1,2024-03-08,2024-03-08
2024-03-11,7,0.4536980369261333,0.6028675219210913,0.8571428571428571,0.14285714285714285,0.0,1,2024-03-11,2024-03-11
2024-03-12,5,0.07973900735378266,0.4893429907803945,0.6,0.4,0.0,1,2024-03-12,2024-03-12
2024-03-13,10,-0.28097060406580565,0.6764649951207368,0.3,0.7,0.0,1,2024-03-13,2024-03-13
2024-03-14,5,0.17247063741087915,0.5176535691095455,0.6,0.4,0.0,1,2024-03-14,2024-03-14
2024-03-15,4,-0.11389652639627455,0.32651406677243483,0.25,0.75,0.0,1,2024-03-15,2024-03-15
2024-03-18,4,0.15173702454194427,0.7630615347677411,0.75,0.25,0.0,1,2024-03-18,2024-03-18
2024-03-19,5,-0.6516445800662041,0.3355881817837882,0.0,1.0,0.0,1,2024-03-19,2024-03-19
2024-03-20,12,-0.11446513889435056,0.7140299155781692,0.4166666666666667,0.5833333333333334,0.0,1,2024-03-20,2024-03-20
2024-03-21,8,0.5340514134149998,0.23795334803377857,1.0,0.0,0.0,1,2024-03-21,2024-03-21
2024-03-22,4,0.24766780622303486,0.4116662138080317,0.75,0.25,0.0,1,2024-03-22,2024-03-22
2024-03-25,6,-0.49946811407183606,0.7274047063981309,0.16666666666666666,0.8333333333333334,0.0,1,2024-03-25,2024-03-25
2024-03-26,12,0.0233407279398913,0.5717612225206816,0.5,0.5,0.0,1,2024-03-26,2024-03-26
2024-03-27,8,-0.19987467816099524,0.5102502641353912,0.25,0.5,0.25,1,2024-03-27,2024-03-27
2024-03-29,7,0.40342804856066194,0.4041112318304675,0.8571428571428571,0.14285714285714285,0.0,2,2024-03-28,2024-03-29
2024-04-01,2,0.20997095410712055,0.9914337455735504,0.5,0.5,0.0,1,2024-04-01,2024-04-01
2024-04-02,9,0.5921808956449646,0.517294008739597,0.7777777777777778,0.1111111111111111,0.1111111111111111,1,2024-04-02,2024-04-02
2024-04-03,10,-0.23841717666946355,0.6750720119467226,0.3,0.6,0.1,1,2024-04-03,2024-04-03
2024-04-04,7,0.6211165529675782,0.35916844987760405,0.8571428571428571,0.0,0.14285714285714285,1,2024-04-04,2024-04-04
2024-04-05,4,-0.14997760951519012,0.09374459633806596,0.0,1.0,0.0,1,2024-04-05,2024-04-05
2024-04-08,5,0.5009908631443978,0.3074850954187938,0.8,0.0,0.2,1,2024-04-08,2024-04-08
2024-04-09,13,-0.16002118157652706,0.6689927534535489,0.38461538461538464,0.5384615384615384,0.07692307692307693,1,2024-04-09,2024-04-09
2024-04-12,7,-0.4782144089362451,0.3426427483704196,0.0,0.8571428571428571,0.14285714285714285,3,2024-04-10,2024-04-12
2024-04-15,4,-0.36073784716427326,0.5522353956563679,0.25,0.75,0.0,1,2024-04-15,2024-04-15
2024-04-16,15,-0.1141607221371184,0.7287134592617036,0.3333333333333333,0.5333333333333333,0.13333333333333333,1,2024-04-16,2024-04-16
2024-04-17,8,0.4602241520769894,0.36868994814781675,0.75,0.125,0.125,1,2024-04-17,2024-04-17
2024-04-18,12,0.6057401469442995,0.3084734173266501,1.0,0.0,0.0,1,2024-04-18,2024-04-18
2024-04-19,9,0.09345037857484485,0.7253606077002765,0.5555555555555556,0.4444444444444444,0.0,1,2024-04-19,2024-04-19
2024-04-22,4,0.42545195296406746,0.3473682265004662,1.0,0.0,0.0,1,2024-04-22,2024-04-22
2024-04-23,9,0.7801959820919566,0.1946853174400284,1.0,0.0,0.0,1,2024-04-23,2024-04-23
2024-04-24,5,0.7245204765349628,0.27946014615788367,1.0,0.0,0.0,1,2024-04-24,2024-04-24
2024-04-25,4,-0.140247967094183,0.28149132623986756,0.5,0.5,0.0,1,2024-04-25,2024-04-25
2024-04-26,4,0.058630594983696965,0.7800570396486253,0.5,0.5,0.0,1,2024-04-26,2024-04-26
2024-04-29,6,0.5541729138543209,0.4116315995328994,0.8333333333333334,0.0,0.16666666666666666,2,2024-04-27,2024-04-29
2024-04-30,10,0.39519572264980535,0.7358025423226142,0.7,0.2,0.1,1,2024-04-30,2024-04-30
2024-05-02,7,0.24007385307257728,0.61715806599189,0.5714285714285714,0.42857142857142855,0.0,2,2024-05-01,2024-05-02
2024-05-03,5,0.7323658153414727,0.26900261290113364,1.0,0.0,0.0,1,2024-05-03,2024-05-03
2024-05-06,5,0.7252071097493171,0.14556068902746358,1.0,0.0,0.0,1,2024-05-06,2024-05-06
2024-05-07,9,0.5450004572048783,0.29371275763876226,1.0,0.0,0.0,1,2024-05-07,2024-05-07
2024-05-08,10,0.3155482481699437,0.6380693471073112,0.7,0.2,0.1,1,2024-05-08,2024-05-08
2024-05-09,6,0.08513084535176557,0.48622383465914204,0.5,0.3333333333333333,0.16666666666666666,1,2024-05-09,2024-05-09
2024-05-10,8,0.4983818434993737,0.40191704626614183,0.875,0.0,0.125,1,2024-05-10,2024-05-10
2024-05-13,6,0.6725370634812862,0.2517984789414988,1.0,0.0,0.0,1,2024-05-13,2024-05-13
2024-05-14,6,0.623932527533422,0.3373483472397218,0.8333333333333334,0.0,0.16666666666666666,1,2024-05-14,2024-05-14
2024-05-15,6,-0.03904879271673659,0.5659273073707795,0.5,0.3333333333333333,0.16666666666666666,1,2024-05-15,2024-05-15
2024-05-16,3,0.14016613364219666,0.6875285714513186,0.3333333333333333,0.3333333333333333,0.3333333333333333,1,2024-05-16,2024-05-16
2024-05-17,3,0.8383058027829975,0.18413425568346245,1.0,0.0,0.0,1,2024-05-17,2024-05-17
2024-05-20,6,0.6502075533693036,0.30423265120517223,1.0,0.0,0.0,1,2024-05-20,2024-05-20
2024-05-21,6,-0.49038981553167105,0.40706773399173823,0.0,1.0,0.0,1,2024-05-21,2024-05-21
2024-05-23,8,0.11034367978572848,0.48524490618110167,0.375,0.25,0.375,2,2024-05-22,2024-05-23
2024-05-24,5,-0.35793878426775344,0.7215755610323265,0.2,0.8,0.0,1,2024-05-24,2024-05-24
2024-05-27,7,0.1381653371666159,0.7225452052170307,0.7142857142857143,0.2857142857142857,0.0,1,2024-05-27,2024-05-27
2024-05-28,3,0.16360838400820896,0.9309092535124013,0.6666666666666666,0.3333333333333333,0.0,1,2024-05-28,2024-05-28
2024-05-29,6,-0.6593795058627924,0.1437411782978902,0.0,1.0,0.0,1,2024-05-29,2024-05-29
2024-05-30,6,-0.28000688599422574,0.6658319428370962,0.16666666666666666,0.6666666666666666,0.16666666666666666,1,2024-05-30,2024-05-30
2024-05-31,8,0.36532470997190103,0.7640207153269023,0.75,0.25,0.0,1,2024-05-31,2024-05-31
2024-06-04,12,0.38245389331132174,0.4220866597680235,0.5833333333333334,0.16666666666666666,0.25,2,2024-06-03,2024-06-04
2024-06-05,10,0.27617803276516495,0.686851830577469,0.7,0.3,0.0,1,2024-06-05,2024-06-05
2024-06-06,7,0.30920205025800634,0.5153682391565026,0.8571428571428571,0.14285714285714285,0.0,1,2024-06-06,2024-06-06
2024-06-07,5,0.578000291902572,0.34453887225531526,1.0,0.0,0.0,1,2024-06-07,2024-06-07
2024-06-10,1,-0.7165547236800195,0.0,0.0,1.0,0.0,1,2024-06-10,2024-06-10
2024-06-11,2,0.02064754068851471,0.48511408279702906,0.5,0.5,0.0,1,2024-06-11,2024-06-11
2024-06-12,9,0.6649147188290954,0.32897256781325757,0.8888888888888888,0.1111111111111111,0.0,1,2024-06-12,2024-06-12
2024-06-13,5,0.11914454903453589,0.32398821323747695,0.6,0.4,0.0,1,2024-06-13,2024-06-13
2024-06-18,4,0.42439720581751317,0.4352924609267593,0.75,0.25,0.0,1,2024-06-18,2024-06-18
2024-06-19,2,-0.010537380585446898,1.1421439775947864,0.5,0.5,0.0,1,2024-06-19,2024-06-19
2024-06-20,5,-0.09269312052056193,0.7032394441210991,0.2,0.4,0.4,1,2024-06-20,2024-06-20
2024-06-24,5,-0.3230279618874192,0.7490604638389536,0.4,0.6,0.0,1,2024-06-24,2024-06-24
2024-06-25,2,-0.06069464981555944,0.25768783377091037,0.5,0.5,0.0,1,2024-06-25,2024-06-25
2024-06-26,6,0.2721286912759146,0.5236233196347533,0.5,0.5,0.0,1,2024-06-26,2024-06-26
2024-06-27,10,-0.0013424588367343005,0.6669003844084364,0.5,0.4,0.1,1,2024-06-27,2024-06-27
2024-06-28,8,0.4699808950244915,0.4094701587511224,0.875,0.125,0.0,1,2024-06-28,2024-06-28
2024-07-01,5,0.34236248806118963,0.5084062482117939,0.6,0.2,0.2,1,2024-07-01,2024-07-01
2024-07-02,4,0.6258828935679048,0.5343785626140706,0.75,0.25,0.0,1,2024-07-02,2024-07-02
2024-07-03,4,0.6698080867063254,0.2241073237925926,1.0,0.0,0.0,1,2024-07-03,2024-07-03
2024-07-04,5,-0.09312402158975601,0.4246315036062484,0.4,0.2,0.4,1,2024-07-04,2024-07-04
2024-07-05,5,0.2884462356567383,0.7570125698780127,0.6,0.2,0.2,1,2024-07-05,2024-07-05
2024-07-09,8,0.5812472394900396,0.4412400558106811,0.875,0.125,0.0,2,2024-07-08,2024-07-09
2024-07-10,5,0.21944776624441148,0.4281086378118756,0.6,0.2,0.2,1,2024-07-10,2024-07-10
2024-07-11,8,0.5256013439502567,0.35769757516507955,0.875,0.125,0.0,1,2024-07-11,2024-07-11
2024-07-12,3,-0.1315241456031799,0.16494548845713689,0.3333333333333333,0.6666666666666666,0.0,1,2024-07-12,2024-07-12
2024-07-15,4,0.4138831552118063,0.31140378806377145,0.75,0.0,0.25,1,2024-07-15,2024-07-15
2024-07-16,5,0.06844399962574246,0.5242419024009114,0.6,0.4,0.0,1,2024-07-16,2024-07-16
2024-07-17,2,0.6950216293334962,0.29614948828855736,1.0,0.0,0.0,1,2024-07-17,2024-07-17
2024-07-18,5,-0.0670180339366198,0.6829210300310062,0.4,0.6,0.0,1,2024-07-18,2024-07-18
2024-07-19,4,0.11300540267257014,0.97556155393264,0.5,0.5,0.0,1,2024-07-19,2024-07-19
2024-07-22,6,0.4749225102132187,0.7249154658801112,0.6666666666666666,0.3333333333333333,0.0,2,2024-07-21,2024-07-22
2024-07-23,3,0.8297412289927403,0.13876449010280575,1.0,0.0,0.0,1,2024-07-23,2024-07-23
2024-07-24,3,-0.07574809342622764,0.7933672532037903,0.3333333333333333,0.6666666666666666,0.0,1,2024-07-24,2024-07-24
2024-07-25,4,-0.5026813633739948,0.28555792532641733,0.0,1.0,0.0,1,2024-07-25,2024-07-25
2024-07-26,5,0.016250989679247162,0.7207793880328436,0.4,0.4,0.2,1,2024-07-26,2024-07-26
2024-07-29,4,0.6018895576708019,0.3983944623634605,0.75,0.0,0.25,2,2024-07-27,2024-07-29
2024-07-30,4,-0.021480293944478007,0.7906787433733622,0.5,0.5,0.0,1,2024-07-30,2024-07-30
2024-07-31,9,0.47076631435710525,0.30791782735993384,0.7777777777777778,0.0,0.2222222222222222,1,2024-07-31,2024-07-31
2024-08-01,3,-0.2903641154989601,0.827501527079416,0.3333333333333333,0.6666666666666666,0.0,1,2024-08-01,2024-08-01
2024-08-02,2,-0.5760139599442482,0.07807139972544286,0.0,1.0,0.0,1,2024-08-02,2024-08-02
2024-08-05,7,-0.09197533356824093,0.8838372362428523,0.42857142857142855,0.5714285714285714,0.0,1,2024-08-05,2024-08-05
2024-08-06,3,0.3602854534983635,0.6928654181319677,0.6666666666666666,0.3333333333333333,0.0,1,2024-08-06,2024-08-06
2024-08-07,5,0.6653001826256515,0.33633528632773935,1.0,0.0,0.0,1,2024-08-07,2024-08-07
2024-08-08,4,-0.5256990725174546,0.36285005781455515,0.0,1.0,0.0,1,2024-08-08,2024-08-08
2024-08-09,6,0.23018620574536422,0.703948315783688,0.6666666666666666,0.3333333333333333,0.0,1,2024-08-09,2024-08-09
2024-08-12,3,0.7222158430765072,0.33080375815614077,1.0,0.0,0.0,1,2024-08-12,2024-08-12
2024-08-13,5,0.6807193307671697,0.557217586777704,0.8,0.2,0.0,1,2024-08-13,2024-08-13
2024-08-14,5,-0.11757449274882677,0.966461204247403,0.4,0.6,0.0,1,2024-08-14,2024-08-14
2024-08-15,8,0.43291881709592417,0.6441425303872713,0.75,0.25,0.0,1,2024-08-15,2024-08-15
2024-08-16,6,0.7994785937480628,0.23191161422409937,0.8333333333333334,0.0,0.16666666666666666,1,2024-08-16,2024-08-16
2024-08-19,9,0.4618965803852513,0.6255309495721435,0.7777777777777778,0.1111111111111111,0.1111111111111111,1,2024-08-19,2024-08-19
2024-08-20,4,-0.1920124553143978,0.4847530182424842,0.5,0.5,0.0,1,2024-08-20,2024-08-20
2024-08-21,6,-0.3029461260885001,0.7133666601651559,0.3333333333333333,0.6666666666666666,0.0,1,2024-08-21,2024-08-21
2024-08-22,9,0.43884039918581647,0.4739451405895596,0.8888888888888888,0.1111111111111111,0.0,1,2024-08-22,2024-08-22
2024-08-23,5,-0.3852642609737814,0.7499011393329652,0.2,0.8,0.0,1,2024-08-23,2024-08-23
2024-08-26,5,0.3871861737221479,0.3908650510462076,0.8,0.0,0.2,2,2024-08-24,2024-08-26
2024-08-27,5,0.7252827859483659,0.2077752286252692,1.0,0.0,0.0,1,2024-08-27,2024-08-27
2024-08-28,13,0.0750928627900206,0.820679848309732,0.6153846153846154,0.38461538461538464,0.0,1,2024-08-28,2024-08-28
2024-08-29,15,0.209960516806071,0.7555322285228552,0.6,0.3333333333333333,0.06666666666666667,1,2024-08-29,2024-08-29
2024-08-30,16,0.4721303957048804,0.5775174581738167,0.75,0.1875,0.0625,1,2024-08-30,2024-08-30
2024-09-02,5,0.3576689827721566,0.596819426115856,0.6,0.4,0.0,2,2024-08-31,2024-09-02
2024-09-03,6,0.4254764859409382,0.5755431020451625,0.6666666666666666,0.3333333333333333,0.0,1,2024-09-03,2024-09-03
2024-09-04,5,-0.1956177833490074,0.6920238633171802,0.2,0.8,0.0,1,2024-09-04,2024-09-04
2024-09-05,6,0.031543935338656126,0.4930261409744992,0.5,0.5,0.0,1,2024-09-05,2024-09-05
2024-09-06,4,0.45881169103086,0.3099103583535619,0.75,0.0,0.25,1,2024-09-06,2024-09-06
2024-09-09,7,0.18601277271019562,0.8006054535095051,0.5714285714285714,0.42857142857142855,0.0,1,2024-09-09,2024-09-09
2024-09-10,6,0.5190706362870212,0.7224588680284793,0.8333333333333334,0.16666666666666666,0.0,1,2024-09-10,2024-09-10
2024-09-11,9,-0.10852550283177861,0.8354669572143211,0.3333333333333333,0.5555555555555556,0.1111111111111111,1,2024-09-11,2024-09-11
2024-09-12,8,0.3404128590482287,0.5890109788756797,0.75,0.125,0.125,1,2024-09-12,2024-09-12
2024-09-13,6,0.35169831733219326,0.5581514943008792,0.6666666666666666,0.3333333333333333,0.0,1,2024-09-13,2024-09-13
2024-09-17,6,0.3822854325796168,0.2283844979231125,0.8333333333333334,0.0,0.16666666666666666,2,2024-09-16,2024-09-17
2024-09-18,7,-0.25904635339975357,0.4685013896772996,0.42857142857142855,0.5714285714285714,0.0,1,2024-09-18,2024-09-18
2024-09-19,3,-0.04155684821307659,0.7581333072606279,0.6666666666666666,0.3333333333333333,0.0,1,2024-09-19,2024-09-19
2024-09-20,11,0.34659667194566945,0.5916025281019934,0.6363636363636364,0.36363636363636365,0.0,1,2024-09-20,2024-09-20
2024-09-23,3,0.6017274533708891,0.30828017342800557,1.0,0.0,0.0,1,2024-09-23,2024-09-23
2024-09-24,6,0.264032119885087,0.6093702050491253,0.6666666666666666,0.16666666666666666,0.16666666666666666,1,2024-09-24,2024-09-24
2024-09-25,11,0.5713241121054373,0.3581978712816909,0.8181818181818182,0.09090909090909091,0.09090909090909091,1,2024-09-25,2024-09-25
2024-09-26,14,0.21334582287818193,0.6169799583117528,0.7142857142857143,0.2857142857142857,0.0,1,2024-09-26,2024-09-26
2024-09-27,4,-0.4966635489836335,0.5438672251161771,0.25,0.75,0.0,1,2024-09-27,2024-09-27
2024-09-30,7,-0.12044729585094112,0.7702246956363785,0.42857142857142855,0.5714285714285714,0.0,1,2024-09-30,2024-09-30
2024-10-01,7,0.33036818571521775,0.6437003579522533,0.7142857142857143,0.2857142857142857,0.0,1,2024-10-01,2024-10-01
2024-10-02,10,0.02778184162452818,0.7414152670281252,0.4,0.6,0.0,1,2024-10-02,2024-10-02
2024-10-03,6,0.508573351505523,0.5123204705680535,0.8333333333333334,0.16666666666666666,0.0,1,2024-10-03,2024-10-03
2024-10-04,6,-0.07108951189244785,0.6689239660225902,0.16666666666666666,0.5,0.3333333333333333,1,2024-10-04,2024-10-04
2024-10-07,4,0.541573042050004,0.23481166564098876,1.0,0.0,0.0,1,2024-10-07,2024-10-07
2024-10-08,2,-0.2942219711840153,0.6983196321557159,0.5,0.5,0.0,1,2024-10-08,2024-10-08
2024-10-09,7,0.22456272239131586,0.532734930368981,0.5714285714285714,0.42857142857142855,0.0,1,2024-10-09,2024-10-09
2024-10-10,8,0.5140331703587435,0.36608157726749707,0.75,0.125,0.125,1,2024-10-10,2024-10-10
2024-10-11,5,0.05195787828415628,0.7992836504688416,0.4,0.6,0.0,1,2024-10-11,2024-10-11
2024-10-14,1,0.9045796310529114,0.0,1.0,0.0,0.0,1,2024-10-14,2024-10-14
2024-10-15,1,-0.5807351022958755,0.0,0.0,1.0,0.0,1,2024-10-15,2024-10-15
2024-10-16,1,-0.9607353871688246,0.0,0.0,1.0,0.0,1,2024-10-16,2024-10-16
2024-10-17,2,0.3635244199540466,0.8202599607802652,0.5,0.5,0.0,1,2024-10-17,2024-10-17
2024-10-18,6,0.38644140989830095,0.6898392795287509,0.6666666666666666,0.16666666666666666,0.16666666666666666,1,2024-10-18,2024-10-18
2024-10-21,10,0.06434934460557995,0.626765114844678,0.4,0.5,0.1,3,2024-10-19,2024-10-21
2024-10-22,5,-0.3547873474657536,0.4193794444468036,0.2,0.6,0.2,1,2024-10-22,2024-10-22
2024-10-23,8,0.3043210993928369,0.7520682289173996,0.75,0.25,0.0,1,2024-10-23,2024-10-23
2024-10-24,7,-0.2934926961149488,0.7203409677034727,0.2857142857142857,0.7142857142857143,0.0,1,2024-10-24,2024-10-24
2024-10-25,5,-0.41641043275594714,0.450842592978728,0.2,0.8,0.0,1,2024-10-25,2024-10-25
2024-10-28,4,0.26429199916310614,0.6366079562531352,0.75,0.25,0.0,1,2024-10-28,2024-10-28
2024-10-29,6,0.25128402661842614,0.8445419026050485,0.6666666666666666,0.3333333333333333,0.0,1,2024-10-29,2024-10-29
2024-10-30,8,0.054566699662245796,0.9625551036512086,0.5,0.5,0.0,1,2024-10-30,2024-10-30
2024-11-01,8,0.09222621732624248,0.7745288191484568,0.5,0.5,0.0,2,2024-10-31,2024-11-01
2024-11-04,4,0.5813209749758244,0.36751022820816187,1.0,0.0,0.0,1,2024-11-04,2024-11-04
2024-11-05,6,0.06199263498031846,0.8105378516075523,0.5,0.5,0.0,1,2024-11-05,2024-11-05
2024-11-06,7,0.6867138471986566,0.3364747333570766,0.8571428571428571,0.0,0.14285714285714285,1,2024-11-06,2024-11-06
2024-11-07,10,0.5423685130896047,0.574691720273875,0.9,0.1,0.0,1,2024-11-07,2024-11-07
2024-11-08,7,0.20287486245589598,0.6439608140669348,0.7142857142857143,0.2857142857142857,0.0,1,2024-11-08,2024-11-08
2024-11-11,3,0.3634430666764577,0.16817383775362366,0.6666666666666666,0.0,0.3333333333333333,1,2024-11-11,2024-11-11
2024-11-12,3,-0.12140197803576791,0.7684767251032952,0.3333333333333333,0.6666666666666666,0.0,1,2024-11-12,2024-11-12
2024-11-13,6,0.0785662535733233,0.7711784631321289,0.5,0.5,0.0,1,2024-11-13,2024-11-13
2024-11-14,5,0.7363668408244848,0.28611442173858437,1.0,0.0,0.0,1,2024-11-14,2024-11-14
2024-11-15,9,-0.10557458138403791,0.8078066343277652,0.3333333333333333,0.5555555555555556,0.1111111111111111,1,2024-11-15,2024-11-15
2024-11-18,7,0.18214441463351252,0.5451692197151943,0.5714285714285714,0.2857142857142857,0.14285714285714285,1,2024-11-18,2024-11-18
2024-11-19,6,-0.1386071619732926,0.6033477201414399,0.3333333333333333,0.6666666666666666,0.0,1,2024-11-19,2024-11-19
2024-11-20,5,-0.2213225832208991,0.6308385023208202,0.4,0.6,0.0,1,2024-11-20,2024-11-20
2024-11-21,6,-0.03832791931927204,0.7382755551807069,0.3333333333333333,0.5,0.16666666666666666,1,2024-11-21,2024-11-21
2024-11-22,4,0.5783295789733529,0.3959806214108529,1.0,0.0,0.0,1,2024-11-22,2024-11-22
2024-11-25,3,-0.2881168766568105,0.5777488557447915,0.3333333333333333,0.3333333333333333,0.3333333333333333,1,2024-11-25,2024-11-25
2024-11-26,8,0.5589621545514092,0.6391501108552161,0.75,0.125,0.125,1,2024-11-26,2024-11-26
2024-11-27,3,0.5083356282363335,0.4431820588132192,1.0,0.0,0.0,1,2024-11-27,2024-11-27
2024-11-28,13,0.2337215880576808,0.7070411133573765,0.46153846153846156,0.5384615384615384,0.0,1,2024-11-28,2024-11-28
2024-11-29,7,0.5898236883138972,0.6836749400030131,0.8571428571428571,0.14285714285714285,0.0,1,2024-11-29,2024-11-29
2024-12-02,7,0.5375224165951035,0.3679097266497621,1.0,0.0,0.0,3,2024-11-30,2024-12-02
2024-12-03,2,0.905290842987597,0.06446414875517589,1.0,0.0,0.0,1,2024-12-03,2024-12-03
2024-12-04,6,0.6021782374785593,0.28351818106546395,1.0,0.0,0.0,1,2024-12-04,2024-12-04
2024-12-05,8,0.4888193120714277,0.596654243344214,0.75,0.125,0.125,1,2024-12-05,2024-12-05
2024-12-06,7,0.18393066186191778,0.6575169168870386,0.5714285714285714,0.42857142857142855,0.0,1,2024-12-06,2024-12-06
2024-12-09,6,-0.23201438070585334,0.5440082068321518,0.16666666666666666,0.6666666666666666,0.16666666666666666,1,2024-12-09,2024-12-09
2024-12-10,8,0.2882471941411495,0.5163667941391189,0.625,0.125,0.25,1,2024-12-10,2024-12-10
2024-12-11,7,-0.13915816734411887,0.8198961915459255,0.2857142857142857,0.42857142857142855,0.2857142857142857,1,2024-12-11,2024-12-11
2024-12-12,6,-0.43763469563176244,0.7097529326777917,0.16666666666666666,0.8333333333333334,0.0,1,2024-12-12,2024-12-12
2024-12-13,5,0.3961668721400201,0.7932595402183472,0.8,0.2,0.0,1,2024-12-13,2024-12-13
2024-12-16,4,0.38996071927249426,0.612097326438453,0.75,0.25,0.0,1,2024-12-16,2024-12-16
2024-12-17,3,0.7256501615047456,0.299171755553698,1.0,0.0,0.0,1,2024-12-17,2024-12-17
2024-12-18,8,0.3618655263853725,0.5460439730536142,0.625,0.375,0.0,1,2024-12-18,2024-12-18
2024-12-19,7,-0.09908060596457548,0.5543327500964632,0.2857142857142857,0.7142857142857143,0.0,1,2024-12-19,2024-12-19
2024-12-20,7,0.061923588759132765,0.6759824781336473,0.42857142857142855,0.5714285714285714,0.0,1,2024-12-20,2024-12-20
2024-12-23,4,0.26348548009991646,0.4382762958482985,0.75,0.25,0.0,1,2024-12-23,2024-12-23
2024-12-24,7,0.3454434100006308,0.7445899265823488,0.5714285714285714,0.2857142857142857,0.14285714285714285,1,2024-12-24,2024-12-24
2024-12-26,7,0.37555890317474094,0.5859526657062583,0.8571428571428571,0.14285714285714285,0.0,2,2024-12-25,2024-12-26
2024-12-27,6,0.4982644205447287,0.6700189346762838,0.8333333333333334,0.16666666666666666,0.0,1,2024-12-27,2024-12-27
2024-12-30,5,0.06436663195490835,0.8267660544268816,0.6,0.4,0.0,1,2024-12-30,2024-12-30
2024-12-31,7,0.13453692783202448,0.5049163569299766,0.5714285714285714,0.42857142857142855,0.0,1,2024-12-31,2024-12-31
2025-01-02,8,0.25965995143633336,0.6868573460774284,0.625,0.375,0.0,2,2025-01-01,2025-01-02
2025-01-03,6,0.04362542973831296,0.7452206713224998,0.3333333333333333,0.6666666666666666,0.0,1,2025-01-03,2025-01-03
2025-01-06,3,-0.42229760189851123,0.6866197134360728,0.3333333333333333,0.6666666666666666,0.0,1,2025-01-06,2025-01-06
2025-01-07,3,0.14102253022914132,0.6918836527846796,0.3333333333333333,0.6666666666666666,0.0,1,2025-01-07,2025-01-07
2025-01-08,6,0.3433300063479692,0.7358312705531029,0.5,0.3333333333333333,0.16666666666666666,1,2025-01-08,2025-01-08
2025-01-09,6,-0.0878176616194347,0.8626391094354356,0.5,0.5,0.0,1,2025-01-09,2025-01-09
2025-01-10,6,0.20045946600536504,0.6844997927316048,0.6666666666666666,0.3333333333333333,0.0,1,2025-01-10,2025-01-10
2025-01-13,10,0.050935850199311995,0.7557190794912557,0.4,0.6,0.0,1,2025-01-13,2025-01-13
2025-01-14,8,0.400359204330016,0.5578620652921213,0.75,0.125,0.125,1,2025-01-14,2025-01-14
2025-01-15,10,0.2053223065799102,0.7188822620106929,0.6,0.3,0.1,1,2025-01-15,2025-01-15
2025-01-16,11,0.24239883703094992,0.7870078567740864,0.6363636363636364,0.36363636363636365,0.0,1,2025-01-16,2025-01-16
2025-01-17,9,0.16376208984810445,0.7991000579760636,0.4444444444444444,0.3333333333333333,0.2222222222222222,1,2025-01-17,2025-01-17
2025-01-20,6,0.46478028626491624,0.6789842115014699,0.6666666666666666,0.16666666666666666,0.16666666666666666,1,2025-01-20,2025-01-20
2025-01-21,6,0.9106027636056145,0.05555849884889406,1.0,0.0,0.0,1,2025-01-21,2025-01-21
2025-01-22,8,0.7598821686115116,0.2647243984912429,1.0,0.0,0.0,1,2025-01-22,2025-01-22
2025-01-23,12,0.31022547057364136,0.7792696870201877,0.6666666666666666,0.3333333333333333,0.0,1,2025-01-23,2025-01-23
2025-01-24,6,-0.35204086514810723,0.5938581275985568,0.3333333333333333,0.6666666666666666,0.0,1,2025-01-24,2025-01-24
2025-01-27,6,-0.3851287006788577,0.7306266023290673,0.16666666666666666,0.6666666666666666,0.16666666666666666,1,2025-01-27,2025-01-27
2025-01-28,8,-0.18199694436043504,0.7050267281426038,0.25,0.5,0.25,1,2025-01-28,2025-01-28
2025-01-31,10,0.45801566541194916,0.6519519619095289,0.8,0.2,0.0,2,2025-01-29,2025-01-31
2025-02-03,2,-0.029288733378052767,1.114361823788534,0.5,0.5,0.0,1,2025-02-03,2025-02-03
2025-02-04,7,0.5965594222236958,0.3744920361778385,0.8571428571428571,0.14285714285714285,0.0,1,2025-02-04,2025-02-04
2025-02-05,3,-0.20071129795784748,0.98337353008283,0.3333333333333333,0.6666666666666666,0.0,1,2025-02-05,2025-02-05
2025-02-06,3,0.5585014770428339,0.526377966642937,0.6666666666666666,0.0,0.3333333333333333,1,2025-02-06,2025-02-06
2025-02-07,8,0.543012069480028,0.5780483118778529,0.875,0.125,0.0,1,2025-02-07,2025-02-07
2025-02-10,5,0.0488200068473816,0.5328031411792747,0.4,0.6,0.0,1,2025-02-10,2025-02-10
2025-02-12,7,0.2496761740850551,0.6038390588375597,0.5714285714285714,0.2857142857142857,0.14285714285714285,2,2025-02-11,2025-02-12
2025-02-13,7,-0.004205405446035537,0.6990410642202509,0.42857142857142855,0.5714285714285714,0.0,1,2025-02-13,2025-02-13
2025-02-14,4,-0.07422843948006635,0.6397774250814104,0.5,0.5,0.0,1,2025-02-14,2025-02-14
2025-02-17,9,-0.39545930570198434,0.5548872986024986,0.1111111111111111,0.7777777777777778,0.1111111111111111,2,2025-02-15,2025-02-17
2025-02-18,8,-0.004177385941147832,0.5565148070921562,0.5,0.5,0.0,1,2025-02-18,2025-02-18
2025-02-19,7,-0.630250573025218,0.3279882773137097,0.14285714285714285,0.8571428571428571,0.0,1,2025-02-19,2025-02-19
2025-02-20,11,0.11555379781533369,0.8899148176687782,0.5454545454545454,0.45454545454545453,0.0,1,2025-02-20,2025-02-20
2025-02-21,7,0.5772629958976593,0.40910073756332216,0.8571428571428571,0.14285714285714285,0.0,1,2025-02-21,2025-02-21
2025-02-24,4,-0.5954640954732895,0.21302989216467305,0.0,1.0,0.0,1,2025-02-24,2025-02-24
2025-02-25,3,-0.05339624701688681,0.920086607299254,0.3333333333333333,0.6666666666666666,0.0,1,2025-02-25,2025-02-25
2025-02-26,6,0.3837974810351929,0.42520361565374365,0.8333333333333334,0.16666666666666666,0.0,1,2025-02-26,2025-02-26
2025-02-27,4,0.16947516938671472,0.5591913286716439,0.5,0.5,0.0,1,2025-02-27,2025-02-27
2025-02-28,8,0.30798547319136566,0.764098869231483,0.625,0.375,0.0,1,2025-02-28,2025-02-28
2025-03-03,6,0.542671803307409,0.488681545849329,0.8333333333333334,0.16666666666666666,0.0,2,2025-03-01,2025-03-03
2025-03-04,5,0.09098943956196313,0.660811923782124,0.4,0.6,0.0,1,2025-03-04,2025-03-04
2025-03-05,6,0.6387820212791363,0.3360558628804805,0.8333333333333334,0.0,0.16666666666666666,1,2025-03-05,2025-03-05
2025-03-06,11,0.13080019884827465,0.7561865253524215,0.5454545454545454,0.45454545454545453,0.0,1,2025-03-06,2025-03-06
2025-03-07,11,-0.2576582804957236,0.6741090600258081,0.2727272727272727,0.6363636363636364,0.09090909090909091,1,2025-03-07,2025-03-07
2025-03-10,3,-0.19155647419393063,0.6535668395314936,0.3333333333333333,0.6666666666666666,0.0,2,2025-03-08,2025-03-10
2025-03-11,4,-0.8018559264019132,0.06827546885819923,0.0,1.0,0.0,1,2025-03-11,2025-03-11
2025-03-12,7,-0.4186498427630535,0.7066616417474526,0.2857142857142857,0.7142857142857143,0.0,1,2025-03-12,2025-03-12
2025-03-13,8,0.5514684825902805,0.6322823076873264,0.875,0.125,0.0,1,2025-03-13,2025-03-13
2025-03-14,8,-0.2046843768330291,0.5653384386440897,0.5,0.5,0.0,1,2025-03-14,2025-03-14
2025-03-17,7,0.3030204747670463,0.624359980212165,0.5714285714285714,0.2857142857142857,0.14285714285714285,1,2025-03-17,2025-03-17
2025-03-19,10,-0.190206908620894,0.726565815522533,0.3,0.7,0.0,2,2025-03-18,2025-03-19
2025-03-20,9,0.40213168536623317,0.5766065195908937,0.6666666666666666,0.1111111111111111,0.2222222222222222,1,2025-03-20,2025-03-20
2025-03-21,7,0.11582108317608279,0.5032796273688276,0.7142857142857143,0.2857142857142857,0.0,1,2025-03-21,2025-03-21
2025-03-24,8,-0.13487801409792155,0.8248336519729591,0.375,0.625,0.0,1,2025-03-24,2025-03-24
2025-03-25,7,0.539608898971762,0.6509415404674147,0.7142857142857143,0.14285714285714285,0.14285714285714285,1,2025-03-25,2025-03-25
2025-03-26,8,0.42999469744972885,0.6485000211221257,0.75,0.125,0.125,1,2025-03-26,2025-03-26
2025-03-27,8,0.4770285665872507,0.46596803845739704,0.625,0.125,0.25,1,2025-03-27,2025-03-27
2025-03-28,4,-0.7559466571547092,0.28640269582334843,0.0,1.0,0.0,1,2025-03-28,2025-03-28
2025-04-02,9,-0.027186362900667695,0.6397103992352182,0.5555555555555556,0.4444444444444444,0.0,3,2025-03-31,2025-04-02
2025-04-03,11,-0.3562537087974223,0.5976837413304277,0.36363636363636365,0.6363636363636364,0.0,1,2025-04-03,2025-04-03
2025-04-04,7,-0.5604187352582813,0.4012157506001481,0.14285714285714285,0.8571428571428571,0.0,1,2025-04-04,2025-04-04
2025-04-07,5,-0.6991985235363245,0.29445537720685055,0.0,1.0,0.0,1,2025-04-07,2025-04-07
2025-04-08,2,0.7491242103278637,0.16162528784696314,1.0,0.0,0.0,1,2025-04-08,2025-04-08
2025-04-09,11,-0.6123031249100511,0.4020838409480508,0.09090909090909091,0.8181818181818182,0.09090909090909091,1,2025-04-09,2025-04-09
2025-04-10,12,0.3912839063753684,0.5165423233866163,0.8333333333333334,0.16666666666666666,0.0,1,2025-04-10,2025-04-10
2025-04-11,11,-0.24204831261357124,0.714599082900083,0.36363636363636365,0.6363636363636364,0.0,1,2025-04-11,2025-04-11
2025-04-14,10,0.2211009157821536,0.7073600479087244,0.6,0.2,0.2,1,2025-04-14,2025-04-14
2025-04-15,7,0.6334740315963117,0.5307623574907435,0.8571428571428571,0.14285714285714285,0.0,1,2025-04-15,2025-04-15
2025-04-16,8,-0.6229390418156981,0.1626621969623821,0.0,1.0,0.0,1,2025-04-16,2025-04-16
2025-04-17,5,-0.28265235126018523,0.7267023315452192,0.4,0.6,0.0,1,2025-04-17,2025-04-17
2025-04-18,12,0.5040079717097493,0.4574457214914281,0.75,0.16666666666666666,0.08333333333333333,1,2025-04-18,2025-04-18
2025-04-21,11,0.0674376687542959,0.7176238950557735,0.5454545454545454,0.36363636363636365,0.09090909090909091,1,2025-04-21,2025-04-21
2025-04-22,4,-0.5237721027806401,0.24157017933665617,0.0,1.0,0.0,1,2025-04-22,2025-04-22
2025-04-23,6,0.5775787389526764,0.3172457019335458,1.0,0.0,0.0,1,2025-04-23,2025-04-23
2025-04-24,8,0.2410035878419876,0.7861607161777908,0.625,0.375,0.0,1,2025-04-24,2025-04-24
2025-04-25,5,0.8616513284854591,0.10411249035916063,1.0,0.0,0.0,1,2025-04-25,2025-04-25
2025-04-28,6,0.3789768284186721,0.6760787775858457,0.8333333333333334,0.16666666666666666,0.0,1,2025-04-28,2025-04-28
2025-04-29,13,0.017773663947502,0.7386978701226549,0.46153846153846156,0.46153846153846156,0.07692307692307693,1,2025-04-29,2025-04-29
2025-04-30,16,0.5852493544080062,0.44974862840807944,0.875,0.125,0.0,1,2025-04-30,2025-04-30
2025-05-02,10,0.4059328970964998,0.4108756295666292,0.5,0.1,0.4,2,2025-05-01,2025-05-02
2025-05-05,4,0.14423623733455315,0.6366244693796868,0.5,0.25,0.25,1,2025-05-05,2025-05-05
2025-05-06,6,-0.18105126032605764,0.7560909829573154,0.5,0.5,0.0,1,2025-05-06,2025-05-06
2025-05-07,9,0.3302450126243962,0.521768088204763,0.6666666666666666,0.2222222222222222,0.1111111111111111,1,2025-05-07,2025-05-07
2025-05-08,8,-0.27044848771765834,0.6328957458475676,0.25,0.625,0.125,1,2025-05-08,2025-05-08
2025-05-09,6,0.579401876234139,0.7209828043589694,0.8333333333333334,0.16666666666666666,0.0,1,2025-05-09,2025-05-09
2025-05-13,12,0.47818858199752867,0.5984918501039872,0.75,0.25,0.0,1,2025-05-13,2025-05-13
2025-05-14,11,0.07536481828852133,0.6249554093555727,0.5454545454545454,0.45454545454545453,0.0,1,2025-05-14,2025-05-14
2025-05-15,7,-0.20672428554722241,0.4322285878627674,0.42857142857142855,0.42857142857142855,0.14285714285714285,1,2025-05-15,2025-05-15
2025-05-16,8,-0.11658689577598129,0.6538987177294667,0.5,0.5,0.0,1,2025-05-16,2025-05-16
2025-05-19,4,-0.011552022944670143,1.0331292366859304,0.5,0.5,0.0,1,2025-05-19,2025-05-19
2025-05-20,6,0.2726004742629205,0.7447771028110582,0.6666666666666666,0.3333333333333333,0.0,1,2025-05-20,2025-05-20
2025-05-21,11,-0.21633801050484183,0.720331351696535,0.36363636363636365,0.5454545454545454,0.09090909090909091,1,2025-05-21,2025-05-21
2025-05-22,13,-0.36092392605944323,0.7304569634132717,0.3076923076923077,0.6923076923076923,0.0,1,2025-05-22,2025-05-22
2025-05-23,12,0.21307994848272452,0.6037810419773418,0.6666666666666666,0.3333333333333333,0.0,1,2025-05-23,2025-05-23
2025-05-26,6,-0.5325718550011516,0.3722711150170567,0.16666666666666666,0.8333333333333334,0.0,1,2025-05-26,2025-05-26
2025-05-27,12,0.06460752594284713,0.6792057951394396,0.4166666666666667,0.5833333333333334,0.0,1,2025-05-27,2025-05-27
2025-05-28,12,-0.07593058069081356,0.7867810272510868,0.4166666666666667,0.5833333333333334,0.0,1,2025-05-28,2025-05-28
2025-05-29,9,0.03745819121185272,0.8024289010702895,0.4444444444444444,0.5555555555555556,0.0,1,2025-05-29,2025-05-29
2025-05-30,13,0.26209679926530677,0.8106730014436035,0.6153846153846154,0.38461538461538464,0.0,1,2025-05-30,2025-05-30
2025-06-03,14,0.19205831849415386,0.6770435218514125,0.5,0.35714285714285715,0.14285714285714285,4,2025-05-31,2025-06-03
2025-06-04,7,0.3035873676583703,0.7098495985384695,0.5714285714285714,0.42857142857142855,0.0,1,2025-06-04,2025-06-04
2025-06-05,5,0.0016694582998752594,0.8575760289464818,0.4,0.6,0.0,1,2025-06-05,2025-06-05
2025-06-06,7,-0.09361165189849482,0.9425346141577782,0.42857142857142855,0.5714285714285714,0.0,1,2025-06-06,2025-06-06
2025-06-09,11,0.31164577357809653,0.5953031027965231,0.6363636363636364,0.2727272727272727,0.09090909090909091,2,2025-06-07,2025-06-09
2025-06-10,4,-0.28174202144145966,0.4740372062430958,0.25,0.75,0.0,1,2025-06-10,2025-06-10
2025-06-11,7,0.7912688223711614,0.21381527654703272,1.0,0.0,0.0,1,2025-06-11,2025-06-11
2025-06-12,5,-0.09892506748437882,0.32068470463679843,0.4,0.6,0.0,1,2025-06-12,2025-06-12
2025-06-13,5,-0.6394076205790042,0.13211547048812003,0.0,1.0,0.0,1,2025-06-13,2025-06-13
2025-06-16,9,0.2068393076252606,0.5378231600072189,0.5555555555555556,0.2222222222222222,0.2222222222222222,1,2025-06-16,2025-06-16
2025-06-17,8,-0.21320897550322115,0.7143903434127412,0.375,0.625,0.0,1,2025-06-17,2025-06-17
2025-06-18,7,-0.0841177751842354,0.6407895521737337,0.42857142857142855,0.42857142857142855,0.14285714285714285,1,2025-06-18,2025-06-18
2025-06-19,7,-0.4413527434558741,0.6508226909490438,0.14285714285714285,0.8571428571428571,0.0,1,2025-06-19,2025-06-19
2025-06-20,8,0.18211779999546707,0.6584785192632112,0.75,0.25,0.0,1,2025-06-20,2025-06-20
2025-06-23,9,-0.004672848205599507,0.6202966697547903,0.6666666666666666,0.3333333333333333,0.0,1,2025-06-23,2025-06-23
2025-06-24,10,0.12681907750666138,0.6949936785273748,0.7,0.3,0.0,1,2025-06-24,2025-06-24
2025-06-25,13,0.5821326981800107,0.48210344584877857,0.8461538461538461,0.15384615384615385,0.0,1,2025-06-25,2025-06-25
2025-06-26,9,0.46768799299995106,0.4225644548945128,0.8888888888888888,0.1111111111111111,0.0,1,2025-06-26,2025-06-26
2025-06-30,10,0.6360622591804713,0.4138780167060683,0.8,0.1,0.1,2,2025-06-27,2025-06-30
2025-07-01,12,0.4420514188629265,0.4920491231242915,0.6666666666666666,0.16666666666666666,0.16666666666666666,1,2025-07-01,2025-07-01
2025-07-02,10,0.3172902434132993,0.6738799179090366,0.6,0.4,0.0,1,2025-07-02,2025-07-02
2025-07-03,14,-0.07200460378745834,0.756260747041847,0.42857142857142855,0.5714285714285714,0.0,1,2025-07-03,2025-07-03
2025-07-04,11,-0.1716618291949007,0.6880813553553297,0.36363636363636365,0.6363636363636364,0.0,1,2025-07-04,2025-07-04
2025-07-07,4,-0.5583515367470682,0.7472284236544853,0.25,0.75,0.0,1,2025-07-07,2025-07-07
2025-07-08,7,-0.6272993611970119,0.6863272446649121,0.14285714285714285,0.8571428571428571,0.0,1,2025-07-08,2025-07-08
2025-07-09,7,-0.032172718351440754,0.5693190224202143,0.5714285714285714,0.42857142857142855,0.0,1,2025-07-09,2025-07-09
2025-07-10,11,0.0021998836150900884,0.5954020436467726,0.36363636363636365,0.5454545454545454,0.09090909090909091,1,2025-07-10,2025-07-10
2025-07-11,9,0.15417874935600498,0.5380432953407636,0.6666666666666666,0.3333333333333333,0.0,1,2025-07-11,2025-07-11
2025-07-14,9,-0.12444533780217171,0.6420212722465759,0.3333333333333333,0.5555555555555556,0.1111111111111111,1,2025-07-14,2025-07-14
2025-07-15,3,0.4691003954503686,0.5104661245428209,0.6666666666666666,0.3333333333333333,0.0,1,2025-07-15,2025-07-15
2025-07-16,9,-0.5298591234928204,0.6071041684395828,0.1111111111111111,0.8888888888888888,0.0,1,2025-07-16,2025-07-16
2025-07-17,9,0.420180689310655,0.769090690723237,0.7777777777777778,0.2222222222222222,0.0,1,2025-07-17,2025-07-17
2025-07-18,10,0.8478909804485738,0.14315143073085632,1.0,0.0,0.0,1,2025-07-18,2025-07-18
2025-07-21,5,0.22543394067324699,0.5974078629932863,0.4,0.6,0.0,1,2025-07-21,2025-07-21
2025-07-22,9,0.20601381283874312,0.5693046468555851,0.6666666666666666,0.3333333333333333,0.0,1,2025-07-22,2025-07-22
2025-07-23,9,0.39460741604367894,0.5115298594363666,0.7777777777777778,0.1111111111111111,0.1111111111111111,1,2025-07-23,2025-07-23
2025-07-24,7,0.2269679202831218,0.5491862236148071,0.7142857142857143,0.2857142857142857,0.0,1,2025-07-24,2025-07-24
2025-07-25,14,-0.22772099310532212,0.7169987406167032,0.2857142857142857,0.7142857142857143,0.0,1,2025-07-25,2025-07-25
2025-07-28,11,0.1069478400644254,0.7458146663524235,0.5454545454545454,0.36363636363636365,0.09090909090909091,1,2025-07-28,2025-07-28
2025-07-29,8,0.3692691928590648,0.6197337446647956,0.875,0.125,0.0,1,2025-07-29,2025-07-29
2025-07-30,12,-0.10034246591385458,0.793521288601368,0.3333333333333333,0.5,0.16666666666666666,1,2025-07-30,2025-07-30
2025-07-31,15,0.2716877004131675,0.6993632949633324,0.6666666666666666,0.26666666666666666,0.06666666666666667,1,2025-07-31,2025-07-31
2025-08-01,11,0.5405297352593731,0.3577140425667535,0.9090909090909091,0.09090909090909091,0.0,1,2025-08-01,2025-08-01
2025-08-04,6,0.0016559123372038391,0.8895901962172271,0.5,0.5,0.0,1,2025-08-04,2025-08-04
2025-08-05,8,0.19419741281308234,0.6236150961611121,0.625,0.25,0.125,1,2025-08-05,2025-08-05
2025-08-06,8,0.3515265113674104,0.5192944363642809,0.625,0.375,0.0,1,2025-08-06,2025-08-06
2025-08-07,8,0.25519082864047965,0.5262059700431376,0.75,0.25,0.0,1,2025-08-07,2025-08-07
2025-08-08,8,0.39209721353836363,0.593261064416977,0.875,0.125,0.0,1,2025-08-08,2025-08-08
2025-08-11,5,0.2319125071167946,0.5898654807765866,0.6,0.4,0.0,1,2025-08-11,2025-08-11
2025-08-12,4,0.5987179991789162,0.26416097887372103,1.0,0.0,0.0,1,2025-08-12,2025-08-12
2025-08-13,7,-0.01729730303798404,0.5485027588901037,0.42857142857142855,0.5714285714285714,0.0,1,2025-08-13,2025-08-13
2025-08-14,13,-0.026251194568780743,0.7032156364047648,0.5384615384615384,0.46153846153846156,0.0,1,2025-08-14,2025-08-14
2025-08-15,15,0.24350407011806965,0.6843216537783902,0.6666666666666666,0.3333333333333333,0.0,1,2025-08-15,2025-08-15
2025-08-18,10,0.5128918445901945,0.34510911423508767,0.9,0.0,0.1,1,2025-08-18,2025-08-18
2025-08-19,5,0.4345974814146757,0.45983482583030405,0.8,0.2,0.0,1,2025-08-19,2025-08-19
2025-08-20,9,-0.019490376839207253,0.7306579148324646,0.4444444444444444,0.5555555555555556,0.0,1,2025-08-20,2025-08-20
2025-08-21,9,-0.10224888235744506,0.8120018876311706,0.4444444444444444,0.4444444444444444,0.1111111111111111,1,2025-08-21,2025-08-21
2025-08-22,9,0.47875139161220026,0.6597581092974476,0.7777777777777778,0.2222222222222222,0.0,1,2025-08-22,2025-08-22
2025-08-25,7,0.16338137005056658,0.44126211908668117,0.42857142857142855,0.2857142857142857,0.2857142857142857,1,2025-08-25,2025-08-25
2025-08-26,8,-0.5923120023799129,0.3417331865350983,0.0,0.875,0.125,1,2025-08-26,2025-08-26
2025-08-27,11,0.21121421731500467,0.7553606398793716,0.5454545454545454,0.45454545454545453,0.0,1,2025-08-27,2025-08-27
2025-08-28,11,0.3315855917436155,0.767255755392303,0.7272727272727273,0.2727272727272727,0.0,1,2025-08-28,2025-08-28
2025-08-29,10,0.05603033187799159,0.7199577991170595,0.4,0.6,0.0,1,2025-08-29,2025-08-29
2025-09-02,14,-0.13436362762669365,0.7630361658538729,0.42857142857142855,0.5714285714285714,0.0,3,2025-08-30,2025-09-02
2025-09-03,5,0.4777867246419191,0.33882451026449867,1.0,0.0,0.0,1,2025-09-03,2025-09-03
2025-09-04,5,0.09909944594837727,0.5878027327740706,0.6,0.4,0.0,1,2025-09-04,2025-09-04
2025-09-08,9,0.16660520248115063,0.6511494974132433,0.5555555555555556,0.4444444444444444,0.0,1,2025-09-08,2025-09-08
2025-09-09,5,0.5207284392789007,0.30061909677925003,0.6,0.0,0.4,1,2025-09-09,2025-09-09
2025-09-10,9,0.32579541444364524,0.566520764968091,0.7777777777777778,0.1111111111111111,0.1111111111111111,1,2025-09-10,2025-09-10
2025-09-11,7,-0.04783257842063903,0.3902804586813882,0.5714285714285714,0.42857142857142855,0.0,1,2025-09-11,2025-09-11
2025-09-12,4,0.1132727861404419,0.31693680465935525,0.5,0.5,0.0,1,2025-09-12,2025-09-12
2025-09-17,9,0.3307823778854477,0.2198759373907418,0.8888888888888888,0.0,0.1111111111111111,3,2025-09-14,2025-09-17
2025-09-18,7,-0.16700030830023543,0.658641527175834,0.2857142857142857,0.7142857142857143,0.0,1,2025-09-18,2025-09-18
2025-09-19,11,0.13663157486272134,0.6813116331053244,0.5454545454545454,0.45454545454545453,0.0,1,2025-09-19,2025-09-19
2025-09-22,6,0.7848138599656522,0.2022907084955228,1.0,0.0,0.0,1,2025-09-22,2025-09-22
2025-09-23,8,0.3994665207574144,0.47025531475233545,0.625,0.25,0.125,1,2025-09-23,2025-09-23
2025-09-24,9,-0.05618416771499649,0.7200093554470617,0.5555555555555556,0.4444444444444444,0.0,1,2025-09-24,2025-09-24
2025-09-25,11,0.08067064778879288,0.5529842355923487,0.45454545454545453,0.45454545454545453,0.09090909090909091,1,2025-09-25,2025-09-25
2025-09-26,13,0.3585048999923926,0.4870419673522127,0.7692307692307693,0.23076923076923078,0.0,1,2025-09-26,2025-09-26
2025-09-29,6,-0.10795208625495432,0.515771791762765,0.3333333333333333,0.5,0.16666666666666666,2,2025-09-27,2025-09-29
2025-09-30,2,0.5579573325812817,0.22843985439102535,1.0,0.0,0.0,1,2025-09-30,2025-09-30
2025-10-01,9,-0.010195922520425596,0.6483385095183791,0.5555555555555556,0.3333333333333333,0.1111111111111111,1,2025-10-01,2025-10-01
2025-10-02,4,0.40104816737584775,0.790417192171106,0.75,0.25,0.0,1,2025-10-02,2025-10-02
2025-10-03,6,-0.19469891240199408,0.5646287131558477,0.5,0.5,0.0,1,2025-10-03,2025-10-03
2025-10-06,10,0.21394145907834172,0.6549752624206366,0.6,0.4,0.0,1,2025-10-06,2025-10-06
2025-10-07,4,-0.42556388885714114,0.896205255021622,0.25,0.75,0.0,1,2025-10-07,2025-10-07
2025-10-08,11,-0.06699155359952287,0.7213189266093485,0.36363636363636365,0.6363636363636364,0.0,1,2025-10-08,2025-10-08
2025-10-09,11,0.7844377945346589,0.20928787045994723,1.0,0.0,0.0,1,2025-10-09,2025-10-09
2025-10-10,9,0.31018278827994233,0.6790683376367977,0.6666666666666666,0.3333333333333333,0.0,1,2025-10-10,2025-10-10
2025-10-13,5,-0.12478204816579819,0.5944995824190724,0.2,0.6,0.2,1,2025-10-13,2025-10-13
2025-10-14,5,0.08850054144859314,0.7499353954319427,0.6,0.4,0.0,1,2025-10-14,2025-10-14
2025-10-15,8,0.43288059753831476,0.5760398579660301,0.625,0.25,0.125,1,2025-10-15,2025-10-15
2025-10-16,9,0.4759832510414223,0.6542843401424758,0.7777777777777778,0.2222222222222222,0.0,1,2025-10-16,2025-10-16
2025-10-17,10,0.24087877690326426,0.7141708164252771,0.6,0.3,0.1,1,2025-10-17,2025-10-17
2025-10-21,4,0.27814807626418775,0.45602658500697674,0.75,0.25,0.0,1,2025-10-21,2025-10-21
2025-10-22,15,-0.010511330654844641,0.6595265971045667,0.4,0.4666666666666667,0.13333333333333333,1,2025-10-22,2025-10-22
2025-10-23,14,0.1842297708249784,0.5600724320966178,0.5714285714285714,0.42857142857142855,0.0,1,2025-10-23,2025-10-23
2025-10-24,7,0.09135203572389272,0.8436650939411598,0.5714285714285714,0.42857142857142855,0.0,1,2025-10-24,2025-10-24
2025-10-27,5,0.8922126026824116,0.07704493796511383,1.0,0.0,0.0,2,2025-10-26,2025-10-27
2025-10-28,6,0.11902492151906092,0.5960427628367663,0.5,0.5,0.0,1,2025-10-28,2025-10-28
2025-10-29,9,0.20966476740108597,0.5939390620691214,0.5555555555555556,0.3333333333333333,0.1111111111111111,1,2025-10-29,2025-10-29
2025-10-30,9,0.6287045081973904,0.5097798517334512,0.8888888888888888,0.1111111111111111,0.0,1,2025-10-30,2025-10-30
2025-10-31,13,0.08637019687403853,0.7992955453276825,0.46153846153846156,0.5384615384615384,0.0,1,2025-10-31,2025-10-31
2025-11-03,11,0.45224762604233215,0.6131795429853849,0.8181818181818182,0.18181818181818182,0.0,1,2025-11-03,2025-11-03
2025-11-04,5,0.4798388881608844,0.6387609716392981,0.6,0.4,0.0,1,2025-11-04,2025-11-04
2025-11-05,13,0.13634854530055934,0.789473886573811,0.5384615384615384,0.46153846153846156,0.0,1,2025-11-05,2025-11-05
2025-11-06,9,0.2941459860756166,0.6053961918184781,0.7777777777777778,0.2222222222222222,0.0,1,2025-11-06,2025-11-06
2025-11-07,11,0.2233523310331459,0.6283031812557778,0.7272727272727273,0.2727272727272727,0.0,1,2025-11-07,2025-11-07
2025-11-10,5,0.6554293957538903,0.5636478271579043,0.8,0.0,0.2,1,2025-11-10,2025-11-10
2025-11-11,8,0.46140993878361775,0.5714062176305016,0.625,0.375,0.0,1,2025-11-11,2025-11-11
2025-11-12,6,-0.29763505755302805,0.7375901674218944,0.3333333333333333,0.6666666666666666,0.0,1,2025-11-12,2025-11-12
2025-11-13,11,0.6317724140614949,0.2347534954190911,1.0,0.0,0.0,1,2025-11-13,2025-11-13
2025-11-14,9,0.017619721824303256,0.8339459516842891,0.4444444444444444,0.5555555555555556,0.0,1,2025-11-14,2025-11-14
2025-11-17,10,0.5479005535133183,0.42909615485824826,0.9,0.1,0.0,2,2025-11-15,2025-11-17
2025-11-18,4,0.2205826926510781,0.843248391152887,0.5,0.5,0.0,1,2025-11-18,2025-11-18
2025-11-19,10,0.5886030500289053,0.2522085949438036,1.0,0.0,0.0,1,2025-11-19,2025-11-19
2025-11-20,10,0.23395618996582926,0.6073850751483987,0.7,0.3,0.0,1,2025-11-20,2025-11-20
2025-11-21,6,-0.49963093199767167,0.7423878663658017,0.16666666666666666,0.8333333333333334,0.0,1,2025-11-21,2025-11-21
2025-11-24,5,0.7317099582403899,0.28670870403511756,1.0,0.0,0.0,1,2025-11-24,2025-11-24
2025-11-25,7,0.5977514179290405,0.653136646025078,0.8571428571428571,0.14285714285714285,0.0,1,2025-11-25,2025-11-25
2025-11-26,8,0.7693802388384938,0.23268723262856936,1.0,0.0,0.0,1,2025-11-26,2025-11-26
2025-11-27,14,0.2060800744054307,0.8282264507569452,0.5714285714285714,0.42857142857142855,0.0,1,2025-11-27,2025-11-27
2025-11-28,14,-0.26763947346314254,0.7802641011693039,0.2857142857142857,0.6428571428571429,0.07142857142857142,1,2025-11-28,2025-11-28
2025-12-01,15,0.25789253823459146,0.6405872066029454,0.6666666666666666,0.26666666666666666,0.06666666666666667,2,2025-11-29,2025-12-01
2025-12-02,8,0.5747620186884888,0.6014051090477118,0.875,0.125,0.0,1,2025-12-02,2025-12-02
2025-12-03,11,0.23140977022492074,0.6683522465413336,0.6363636363636364,0.36363636363636365,0.0,1,2025-12-03,2025-12-03
2025-12-04,8,0.36621780288987793,0.651545484179931,0.625,0.25,0.125,1,2025-12-04,2025-12-04
2025-12-05,6,-0.17571141244843602,0.5877501255153172,0.5,0.5,0.0,1,2025-12-05,2025-12-05
2025-12-08,4,-0.6660720966756345,0.29259903214153216,0.0,1.0,0.0,1,2025-12-08,2025-12-08
2025-12-09,5,0.37853668555617337,0.4211933144135139,0.8,0.2,0.0,1,2025-12-09,2025-12-09
2025-12-10,6,-0.2690959970156352,0.3526559637828846,0.3333333333333333,0.6666666666666666,0.0,1,2025-12-10,2025-12-10
2025-12-11,7,0.23321562579699928,0.5619437923812406,0.8571428571428571,0.14285714285714285,0.0,1,2025-12-11,2025-12-11
2025-12-12,11,0.5369665091857314,0.5515392858951672,0.8181818181818182,0.09090909090909091,0.09090909090909091,1,2025-12-12,2025-12-12
2025-12-15,9,0.5094838655139837,0.4718835463109122,0.7777777777777778,0.2222222222222222,0.0,1,2025-12-15,2025-12-15
2025-12-16,5,0.32178091648966073,0.6328807220581926,0.6,0.4,0.0,1,2025-12-16,2025-12-16
2025-12-17,12,0.05726282960191989,0.6788333797291897,0.5,0.5,0.0,1,2025-12-17,2025-12-17
2025-12-18,8,0.16984167080954654,0.7871892624918522,0.5,0.5,0.0,1,2025-12-18,2025-12-18
2025-12-19,11,0.5350416517096825,0.6523264349721044,0.8181818181818182,0.18181818181818182,0.0,1,2025-12-19,2025-12-19
2025-12-22,5,0.18751795543357727,0.7396557597287824,0.6,0.4,0.0,2,2025-12-20,2025-12-22
2025-12-23,3,0.7161438602488488,0.20577269230230472,1.0,0.0,0.0,1,2025-12-23,2025-12-23
2025-12-24,6,0.11649970275660355,0.5661335181245472,0.6666666666666666,0.3333333333333333,0.0,1,2025-12-24,2025-12-24
2025-12-26,8,-0.1823420758883003,0.8055074269098951,0.5,0.5,0.0,2,2025-12-25,2025-12-26
2025-12-29,9,0.2889891115741598,0.7024377998715944,0.7777777777777778,0.2222222222222222,0.0,1,2025-12-29,2025-12-29
2025-12-30,7,-0.2909448029739516,0.7237620197074639,0.42857142857142855,0.5714285714285714,0.0,1,2025-12-30,2025-12-30
2025-12-31,10,-0.1989877876359969,0.7303314624416753,0.4,0.6,0.0,1,2025-12-31,2025-12-31
