Date,Adj Close 1023.KL,Close 1023.KL,High 1023.KL,Low 1023.KL,Open 1023.KL,Volume 1023.KL,date,close
2023-01-03,4.589832782745361,5.699999809265137,5.800000190734863,5.679999828338623,5.800000190734863,5720400,2023-01-03,4.589832782745361
2023-01-04,4.549570560455322,5.650000095367432,5.78000020980835,5.639999866485596,5.699999809265137,9812200,2023-01-04,4.549570560455322
2023-01-05,4.613988876342773,5.730000019073486,5.769999980926514,5.659999847412109,5.659999847412109,15203100,2023-01-05,4.613988876342773
2023-01-06,4.565675258636475,5.670000076293945,5.78000020980835,5.650000095367432,5.699999809265137,7522100,2023-01-06,4.565675258636475
2023-01-09,4.597884654998779,5.710000038146973,5.71999979019165,5.670000076293945,5.679999828338623,14187700,2023-01-09,4.597884654998779
2023-01-10,4.605936527252197,5.71999979019165,5.75,5.690000057220459,5.699999809265137,11432100,2023-01-10,4.605936527252197
2023-01-11,4.646198272705078,5.769999980926514,5.78000020980835,5.71999979019165,5.71999979019165,10322100,2023-01-11,4.646198272705078
2023-01-12,4.630093574523926,5.75,5.800000190734863,5.75,5.769999980926514,9168700,2023-01-12,4.630093574523926
2023-01-13,4.654251575469971,5.78000020980835,5.800000190734863,5.739999771118164,5.769999980926514,10371500,2023-01-13,4.654251575469971
2023-01-16,4.63814640045166,5.760000228881836,5.78000020980835,5.71999979019165,5.78000020980835,9620600,2023-01-16,4.63814640045166
2023-01-17,4.646198272705078,5.769999980926514,5.769999980926514,5.739999771118164,5.760000228881836,6571500,2023-01-17,4.646198272705078
2023-01-18,4.605936527252197,5.71999979019165,5.78000020980835,5.690000057220459,5.75,17261800,2023-01-18,4.605936527252197
2023-01-19,4.581779956817627,5.690000057220459,5.75,5.639999866485596,5.739999771118164,18884300,2023-01-19,4.581779956817627
2023-01-20,4.646198272705078,5.769999980926514,5.78000020980835,5.730000019073486,5.75,10153400,2023-01-20,4.646198272705078
2023-01-25,4.654251575469971,5.78000020980835,5.789999961853027,5.730000019073486,5.78000020980835,7642700,2023-01-25,4.654251575469971
2023-01-26,4.605936527252197,5.71999979019165,5.78000020980835,5.659999847412109,5.78000020980835,18411800,2023-01-26,4.605936527252197
2023-01-27,4.622041702270508,5.739999771118164,5.769999980926514,5.679999828338623,5.71999979019165,10004800,2023-01-27,4.622041702270508
2023-01-30,4.654251575469971,5.78000020980835,5.800000190734863,5.690000057220459,5.739999771118164,14508500,2023-01-30,4.654251575469971
2023-01-31,4.630093574523926,5.75,5.769999980926514,5.730000019073486,5.769999980926514,17045300,2023-01-31,4.630093574523926
2023-02-02,4.589832782745361,5.699999809265137,5.75,5.670000076293945,5.75,16386800,2023-02-02,4.589832782745361
2023-02-03,4.557623386383057,5.659999847412109,5.699999809265137,5.599999904632568,5.699999809265137,19969200,2023-02-03,4.557623386383057
2023-02-07,4.493203639984131,5.579999923706055,5.670000076293945,5.550000190734863,5.610000133514404,17304400,2023-02-07,4.493203639984131
2023-02-08,4.348262786865234,5.400000095367432,5.570000171661377,5.380000114440918,5.559999942779541,27002600,2023-02-08,4.348262786865234
2023-02-09,4.324104309082031,5.369999885559082,5.440000057220459,5.349999904632568,5.389999866485596,20468400,2023-02-09,4.324104309082031
2023-02-10,4.324104309082031,5.369999885559082,5.440000057220459,5.360000133514404,5.369999885559082,9083200,2023-02-10,4.324104309082031
2023-02-13,4.380472183227539,5.440000057220459,5.480000019073486,5.389999866485596,5.400000095367432,11967400,2023-02-13,4.380472183227539
2023-02-14,4.356314659118652,5.409999847412109,5.510000228881836,5.389999866485596,5.46999979019165,8493300,2023-02-14,4.356314659118652
2023-02-15,4.372419357299805,5.429999828338623,5.460000038146973,5.389999866485596,5.409999847412109,7518100,2023-02-15,4.372419357299805
2023-02-16,4.372419357299805,5.429999828338623,5.46999979019165,5.409999847412109,5.440000057220459,13476200,2023-02-16,4.372419357299805
2023-02-17,4.348262786865234,5.400000095367432,5.440000057220459,5.400000095367432,5.440000057220459,19114100,2023-02-17,4.348262786865234
2023-02-20,4.3643670082092285,5.420000076293945,5.429999828338623,5.400000095367432,5.400000095367432,12595400,2023-02-20,4.3643670082092285
2023-02-21,4.380472183227539,5.440000057220459,5.460000038146973,5.420000076293945,5.420000076293945,7625200,2023-02-21,4.380472183227539
2023-02-22,4.404628753662109,5.46999979019165,5.519999980926514,5.440000057220459,5.449999809265137,16480500,2023-02-22,4.404628753662109
2023-02-23,4.404628753662109,5.46999979019165,5.46999979019165,5.449999809265137,5.460000038146973,11705000,2023-02-23,4.404628753662109
2023-02-24,4.404628753662109,5.46999979019165,5.489999771118164,5.440000057220459,5.460000038146973,9789700,2023-02-24,4.404628753662109
2023-02-27,4.460995197296143,5.539999961853027,5.570000171661377,5.480000019073486,5.480000019073486,14955800,2023-02-27,4.460995197296143
2023-02-28,4.517361164093018,5.610000133514404,5.619999885559082,5.5,5.519999980926514,24358600,2023-02-28,4.517361164093018
2023-03-01,4.525413513183594,5.619999885559082,5.639999866485596,5.550000190734863,5.610000133514404,11177300,2023-03-01,4.525413513183594
2023-03-02,4.493203639984131,5.579999923706055,5.599999904632568,5.550000190734863,5.579999923706055,8771800,2023-03-02,4.493203639984131
2023-03-03,4.501256465911865,5.590000152587891,5.630000114440918,5.579999923706055,5.610000133514404,6808500,2023-03-03,4.501256465911865
2023-03-06,4.501256465911865,5.590000152587891,5.639999866485596,5.559999942779541,5.590000152587891,6502600,2023-03-06,4.501256465911865
2023-03-07,4.469047546386719,5.550000190734863,5.599999904632568,5.519999980926514,5.559999942779541,7418800,2023-03-07,4.469047546386719
2023-03-08,4.485152244567871,5.570000171661377,5.599999904632568,5.539999961853027,5.550000190734863,8212000,2023-03-08,4.485152244567871
2023-03-09,4.4287848472595215,5.5,5.599999904632568,5.480000019073486,5.570000171661377,7843500,2023-03-09,4.4287848472595215
2023-03-10,4.372419357299805,5.429999828338623,5.53000020980835,5.420000076293945,5.5,11699000,2023-03-10,4.372419357299805
2023-03-13,4.3971686363220215,5.329999923706055,5.380000114440918,5.110000133514404,5.28000020980835,10023600,2023-03-13,4.3971686363220215
2023-03-14,4.265171527862549,5.170000076293945,5.329999923706055,5.170000076293945,5.309999942779541,18779400,2023-03-14,4.265171527862549
2023-03-15,4.314670085906982,5.230000019073486,5.25,5.179999828338623,5.199999809265137,19090100,2023-03-15,4.314670085906982
2023-03-16,4.248671054840088,5.150000095367432,5.179999828338623,5.110000133514404,5.170000076293945,10812500,2023-03-16,4.248671054840088
2023-03-17,4.306419849395752,5.21999979019165,5.25,5.170000076293945,5.179999828338623,16934900,2023-03-17,4.306419849395752
2023-03-20,4.248671054840088,5.150000095367432,5.21999979019165,5.130000114440918,5.210000038146973,8224100,2023-03-20,4.248671054840088
2023-03-21,4.281670570373535,5.190000057220459,5.25,5.179999828338623,5.179999828338623,3416300,2023-03-21,4.281670570373535
2023-03-22,4.289920330047607,5.199999809265137,5.25,5.179999828338623,5.210000038146973,13500600,2023-03-22,4.289920330047607
2023-03-23,4.298171043395996,5.210000038146973,5.21999979019165,5.150000095367432,5.190000057220459,9582800,2023-03-23,4.298171043395996
2023-03-24,4.281670570373535,5.190000057220459,5.25,5.170000076293945,5.230000019073486,11183500,2023-03-24,4.281670570373535
2023-03-27,4.25692081451416,5.159999847412109,5.190000057220459,5.139999866485596,5.179999828338623,7911100,2023-03-27,4.25692081451416
2023-03-28,4.298171043395996,5.210000038146973,5.21999979019165,5.159999847412109,5.199999809265137,5674800,2023-03-28,4.298171043395996
2023-03-29,4.380668640136719,5.309999942779541,5.340000152587891,5.21999979019165,5.230000019073486,7074500,2023-03-29,4.380668640136719
2023-03-30,4.413668632507324,5.349999904632568,5.380000114440918,5.230000019073486,5.28000020980835,12464800,2023-03-30,4.413668632507324
2023-03-31,4.380668640136719,5.309999942779541,5.389999866485596,5.28000020980835,5.369999885559082,8557300,2023-03-31,4.380668640136719
2023-04-03,4.372419357299805,5.300000190734863,5.340000152587891,5.269999980926514,5.309999942779541,3041000,2023-04-03,4.372419357299805
2023-04-04,4.3971686363220215,5.329999923706055,5.349999904632568,5.28000020980835,5.300000190734863,3720200,2023-04-04,4.3971686363220215
2023-04-05,4.380668640136719,5.309999942779541,5.340000152587891,5.28000020980835,5.340000152587891,1957300,2023-04-05,4.380668640136719
2023-04-06,4.339419364929199,5.260000228881836,5.340000152587891,5.21999979019165,5.329999923706055,6147000,2023-04-06,4.339419364929199
2023-04-07,4.25692081451416,5.159999847412109,5.25,5.159999847412109,5.25,6914500,2023-04-07,4.25692081451416
2023-04-10,4.273420810699463,5.179999828338623,5.210000038146973,5.159999847412109,5.170000076293945,5560300,2023-04-10,4.273420810699463
2023-04-11,4.306419849395752,5.21999979019165,5.28000020980835,5.179999828338623,5.179999828338623,8097300,2023-04-11,4.306419849395752
2023-04-12,4.322920322418213,5.239999771118164,5.269999980926514,5.170000076293945,5.25,9447200,2023-04-12,4.322920322418213
2023-04-13,4.289920330047607,5.199999809265137,5.260000228881836,5.199999809265137,5.25,12037600,2023-04-13,4.289920330047607
2023-04-14,4.314670085906982,5.230000019073486,5.25,5.199999809265137,5.21999979019165,6578400,2023-04-14,4.314670085906982
2023-04-17,4.339419364929199,5.260000228881836,5.269999980926514,5.21999979019165,5.21999979019165,5654700,2023-04-17,4.339419364929199
2023-04-18,4.331169605255127,5.25,5.269999980926514,5.21999979019165,5.260000228881836,2452700,2023-04-18,4.331169605255127
2023-04-19,4.306419849395752,5.21999979019165,5.239999771118164,5.190000057220459,5.21999979019165,7006500,2023-04-19,4.306419849395752
2023-04-20,4.281670570373535,5.190000057220459,5.21999979019165,5.179999828338623,5.210000038146973,10528900,2023-04-20,4.281670570373535
2023-04-25,4.25692081451416,5.159999847412109,5.179999828338623,5.130000114440918,5.150000095367432,9811700,2023-04-25,4.25692081451416
2023-04-26,4.166172981262207,5.050000190734863,5.150000095367432,5.03000020980835,5.150000095367432,12020400,2023-04-26,4.166172981262207
2023-04-27,4.182672500610352,5.070000171661377,5.130000114440918,5.03000020980835,5.059999942779541,11806600,2023-04-27,4.182672500610352
2023-04-28,4.1744232177734375,5.059999942779541,5.119999885559082,5.050000190734863,5.090000152587891,4936600,2023-04-28,4.1744232177734375
2023-05-02,4.199172019958496,5.090000152587891,5.110000133514404,5.03000020980835,5.059999942779541,12502400,2023-05-02,4.199172019958496
2023-05-03,4.182672500610352,5.070000171661377,5.110000133514404,5.03000020980835,5.090000152587891,14480800,2023-05-03,4.182672500610352
2023-05-05,4.232172012329102,5.130000114440918,5.150000095367432,5.059999942779541,5.079999923706055,7619700,2023-05-05,4.232172012329102
2023-05-08,4.25692081451416,5.159999847412109,5.190000057220459,5.130000114440918,5.130000114440918,7903500,2023-05-08,4.25692081451416
2023-05-09,4.215671539306641,5.110000133514404,5.150000095367432,5.090000152587891,5.150000095367432,12551800,2023-05-09,4.215671539306641
2023-05-10,4.141423225402832,5.019999980926514,5.119999885559082,5.019999980926514,5.090000152587891,17772400,2023-05-10,4.141423225402832
2023-05-11,4.083674430847168,4.949999809265137,5.059999942779541,4.949999809265137,5.019999980926514,20247600,2023-05-11,4.083674430847168
2023-05-12,4.083674430847168,4.949999809265137,5.0,4.949999809265137,4.989999771118164,18488900,2023-05-12,4.083674430847168
2023-05-15,4.108423709869385,4.980000019073486,5.010000228881836,4.960000038146973,4.96999979019165,6756100,2023-05-15,4.108423709869385
2023-05-16,4.116673946380615,4.989999771118164,5.03000020980835,4.96999979019165,4.980000019073486,12211800,2023-05-16,4.116673946380615
2023-05-17,4.108423709869385,4.980000019073486,5.019999980926514,4.980000019073486,4.989999771118164,9409900,2023-05-17,4.108423709869385
2023-05-18,4.133173942565918,5.010000228881836,5.010000228881836,4.960000038146973,4.989999771118164,4825400,2023-05-18,4.133173942565918
2023-05-19,4.141423225402832,5.019999980926514,5.019999980926514,4.960000038146973,4.989999771118164,7919700,2023-05-19,4.141423225402832
2023-05-22,4.166172981262207,5.050000190734863,5.070000171661377,4.989999771118164,5.010000228881836,13131900,2023-05-22,4.166172981262207
2023-05-23,4.133173942565918,5.010000228881836,5.039999961853027,4.980000019073486,5.03000020980835,11277600,2023-05-23,4.133173942565918
2023-05-24,4.108423709869385,4.980000019073486,5.0,4.949999809265137,5.0,8313700,2023-05-24,4.108423709869385
2023-05-25,4.09192419052124,4.960000038146973,5.0,4.949999809265137,5.0,10317700,2023-05-25,4.09192419052124
2023-05-26,4.04242467880249,4.900000095367432,4.980000019073486,4.900000095367432,4.960000038146973,7661400,2023-05-26,4.04242467880249
2023-05-29,4.034175395965576,4.889999866485596,4.949999809265137,4.880000114440918,4.920000076293945,9323900,2023-05-29,4.034175395965576
2023-05-30,4.034175395965576,4.889999866485596,4.929999828338623,4.880000114440918,4.889999866485596,11597000,2023-05-30,4.034175395965576
2023-05-31,3.976426839828491,4.820000171661377,4.920000076293945,4.800000190734863,4.880000114440918,86111100,2023-05-31,3.976426839828491
2023-06-01,4.009426116943359,4.860000133514404,4.889999866485596,4.809999942779541,4.820000171661377,21148900,2023-06-01,4.009426116943359
2023-06-02,3.9681766033172607,4.809999942779541,4.880000114440918,4.800000190734863,4.849999904632568,13605800,2023-06-02,3.9681766033172607
2023-06-06,4.025925159454346,4.880000114440918,4.900000095367432,4.809999942779541,4.809999942779541,11372200,2023-06-06,4.025925159454346
2023-06-07,4.04242467880249,4.900000095367432,4.929999828338623,4.829999923706055,4.849999904632568,13221300,2023-06-07,4.04242467880249
2023-06-08,4.04242467880249,4.900000095367432,4.940000057220459,4.840000152587891,4.900000095367432,13845200,2023-06-08,4.04242467880249
2023-06-09,4.083674430847168,4.949999809265137,4.989999771118164,4.900000095367432,4.909999847412109,7626300,2023-06-09,4.083674430847168
2023-06-12,4.141423225402832,5.019999980926514,5.070000171661377,4.949999809265137,4.949999809265137,17010100,2023-06-12,4.141423225402832
2023-06-13,4.116673946380615,4.989999771118164,5.019999980926514,4.940000057220459,5.010000228881836,18907500,2023-06-13,4.116673946380615
2023-06-14,4.116673946380615,4.989999771118164,5.019999980926514,4.960000038146973,5.0,9116500,2023-06-14,4.116673946380615
2023-06-15,4.124923229217529,5.0,5.019999980926514,4.980000019073486,5.0,10264600,2023-06-15,4.124923229217529
2023-06-16,4.108423709869385,4.980000019073486,5.03000020980835,4.940000057220459,5.0,58887900,2023-06-16,4.108423709869385
2023-06-19,4.190922737121582,5.079999923706055,5.139999866485596,4.960000038146973,4.980000019073486,11548200,2023-06-19,4.190922737121582
2023-06-20,4.240421295166016,5.139999866485596,5.179999828338623,5.0,5.079999923706055,12125500,2023-06-20,4.240421295166016
2023-06-21,4.331169605255127,5.25,5.269999980926514,5.110000133514404,5.139999866485596,26409200,2023-06-21,4.331169605255127
2023-06-22,4.322920322418213,5.239999771118164,5.320000171661377,5.210000038146973,5.210000038146973,12601200,2023-06-22,4.322920322418213
2023-06-23,4.298171043395996,5.210000038146973,5.269999980926514,5.179999828338623,5.25,8002000,2023-06-23,4.298171043395996
2023-06-26,4.281670570373535,5.190000057220459,5.25,5.139999866485596,5.210000038146973,11322700,2023-06-26,4.281670570373535
2023-06-27,4.248671054840088,5.150000095367432,5.199999809265137,5.119999885559082,5.190000057220459,13223900,2023-06-27,4.248671054840088
2023-06-28,4.248671054840088,5.150000095367432,5.210000038146973,5.130000114440918,5.150000095367432,9894100,2023-06-28,4.248671054840088
2023-06-30,4.1744232177734375,5.059999942779541,5.130000114440918,5.039999961853027,5.090000152587891,26450600,2023-06-30,4.1744232177734375
2023-07-03,4.25692081451416,5.159999847412109,5.179999828338623,5.079999923706055,5.099999904632568,6655400,2023-07-03,4.25692081451416
2023-07-04,4.289920330047607,5.199999809265137,5.21999979019165,5.119999885559082,5.119999885559082,8184600,2023-07-04,4.289920330047607
2023-07-05,4.273420810699463,5.179999828338623,5.21999979019165,5.170000076293945,5.199999809265137,6366300,2023-07-05,4.273420810699463
2023-07-06,4.298171043395996,5.210000038146973,5.21999979019165,5.130000114440918,5.179999828338623,5699400,2023-07-06,4.298171043395996
2023-07-07,4.25692081451416,5.159999847412109,5.210000038146973,5.139999866485596,5.179999828338623,12088700,2023-07-07,4.25692081451416
2023-07-10,4.281670570373535,5.190000057220459,5.199999809265137,5.150000095367432,5.159999847412109,11885300,2023-07-10,4.281670570373535
2023-07-11,4.298171043395996,5.210000038146973,5.230000019073486,5.159999847412109,5.210000038146973,14832100,2023-07-11,4.298171043395996
2023-07-12,4.306419849395752,5.21999979019165,5.25,5.159999847412109,5.210000038146973,10335400,2023-07-12,4.306419849395752
2023-07-13,4.289920330047607,5.199999809265137,5.269999980926514,5.199999809265137,5.21999979019165,6786000,2023-07-13,4.289920330047607
2023-07-14,4.372419357299805,5.300000190734863,5.340000152587891,5.199999809265137,5.230000019073486,28525200,2023-07-14,4.372419357299805
2023-07-17,4.364168643951416,5.289999961853027,5.320000171661377,5.260000228881836,5.309999942779541,5336700,2023-07-17,4.364168643951416
2023-07-18,4.306419849395752,5.21999979019165,5.300000190734863,5.210000038146973,5.300000190734863,5570500,2023-07-18,4.306419849395752
2023-07-20,4.306419849395752,5.21999979019165,5.28000020980835,5.170000076293945,5.21999979019165,9271600,2023-07-20,4.306419849395752
2023-07-21,4.372419357299805,5.300000190734863,5.309999942779541,5.210000038146973,5.269999980926514,13850800,2023-07-21,4.372419357299805
2023-07-24,4.413668632507324,5.349999904632568,5.360000133514404,5.25,5.300000190734863,10772000,2023-07-24,4.413668632507324
2023-07-25,4.4796671867370605,5.429999828338623,5.449999809265137,5.360000133514404,5.380000114440918,21182900,2023-07-25,4.4796671867370605
2023-07-26,4.520915985107422,5.480000019073486,5.489999771118164,5.429999828338623,5.429999828338623,17159800,2023-07-26,4.520915985107422
2023-07-27,4.537415981292725,5.5,5.559999942779541,5.420000076293945,5.449999809265137,18961500,2023-07-27,4.537415981292725
2023-07-28,4.537415981292725,5.5,5.53000020980835,5.420000076293945,5.460000038146973,11370000,2023-07-28,4.537415981292725
2023-07-31,4.578665733337402,5.550000190734863,5.599999904632568,5.5,5.5,13113800,2023-07-31,4.578665733337402
2023-08-01,4.553915500640869,5.519999980926514,5.559999942779541,5.46999979019165,5.550000190734863,10927800,2023-08-01,4.553915500640869
2023-08-02,4.51266622543335,5.46999979019165,5.510000228881836,5.449999809265137,5.5,9699900,2023-08-02,4.51266622543335
2023-08-03,4.504416465759277,5.460000038146973,5.480000019073486,5.420000076293945,5.480000019073486,4492800,2023-08-03,4.504416465759277
2023-08-04,4.537415981292725,5.5,5.510000228881836,5.440000057220459,5.460000038146973,3418100,2023-08-04,4.537415981292725
2023-08-07,4.553915500640869,5.519999980926514,5.53000020980835,5.460000038146973,5.510000228881836,4206400,2023-08-07,4.553915500640869
2023-08-08,4.6199140548706055,5.599999904632568,5.619999885559082,5.460000038146973,5.519999980926514,9501700,2023-08-08,4.6199140548706055
2023-08-09,4.661163330078125,5.650000095367432,5.650000095367432,5.550000190734863,5.599999904632568,18468100,2023-08-09,4.661163330078125
2023-08-10,4.669414043426514,5.659999847412109,5.670000076293945,5.599999904632568,5.650000095367432,7221500,2023-08-10,4.669414043426514
2023-08-11,4.628163814544678,5.610000133514404,5.650000095367432,5.579999923706055,5.650000095367432,10889400,2023-08-11,4.628163814544678
2023-08-14,4.661163330078125,5.650000095367432,5.659999847412109,5.550000190734863,5.610000133514404,6496600,2023-08-14,4.661163330078125
2023-08-15,4.685912609100342,5.679999828338623,5.699999809265137,5.619999885559082,5.650000095367432,5094900,2023-08-15,4.685912609100342
2023-08-16,4.7271623611450195,5.730000019073486,5.75,5.639999866485596,5.650000095367432,12325400,2023-08-16,4.7271623611450195
2023-08-17,4.652913570404053,5.639999866485596,5.699999809265137,5.639999866485596,5.699999809265137,13523100,2023-08-17,4.652913570404053
2023-08-18,4.578665733337402,5.550000190734863,5.639999866485596,5.510000228881836,5.639999866485596,18008100,2023-08-18,4.578665733337402
2023-08-21,4.6199140548706055,5.599999904632568,5.619999885559082,5.53000020980835,5.550000190734863,9754400,2023-08-21,4.6199140548706055
2023-08-22,4.603414535522461,5.579999923706055,5.630000114440918,5.53000020980835,5.599999904632568,7474300,2023-08-22,4.603414535522461
2023-08-23,4.603414535522461,5.579999923706055,5.590000152587891,5.539999961853027,5.579999923706055,6284900,2023-08-23,4.603414535522461
2023-08-24,4.603414535522461,5.579999923706055,5.630000114440918,5.539999961853027,5.539999961853027,3664300,2023-08-24,4.603414535522461
2023-08-25,4.628163814544678,5.610000133514404,5.610000133514404,5.559999942779541,5.599999904632568,4321300,2023-08-25,4.628163814544678
2023-08-28,4.6199140548706055,5.599999904632568,5.630000114440918,5.579999923706055,5.610000133514404,5802500,2023-08-28,4.6199140548706055
2023-08-29,4.6446638107299805,5.630000114440918,5.659999847412109,5.579999923706055,5.599999904632568,7190300,2023-08-29,4.6446638107299805
2023-08-30,4.6446638107299805,5.630000114440918,5.699999809265137,5.619999885559082,5.619999885559082,16601400,2023-08-30,4.6446638107299805
2023-09-01,4.735411643981934,5.739999771118164,5.78000020980835,5.659999847412109,5.760000228881836,22632400,2023-09-01,4.735411643981934
2023-09-04,4.710662841796875,5.710000038146973,5.760000228881836,5.710000038146973,5.739999771118164,10575100,2023-09-04,4.710662841796875
2023-09-05,4.661163330078125,5.650000095367432,5.710000038146973,5.610000133514404,5.710000038146973,13505800,2023-09-05,4.661163330078125
2023-09-06,4.718912124633789,5.71999979019165,5.739999771118164,5.619999885559082,5.619999885559082,12523600,2023-09-06,4.718912124633789
2023-09-07,4.735411643981934,5.739999771118164,5.75,5.699999809265137,5.71999979019165,4663100,2023-09-07,4.735411643981934
2023-09-08,4.694163799285889,5.690000057220459,5.75,5.670000076293945,5.739999771118164,7476900,2023-09-08,4.694163799285889
2023-09-11,4.710662841796875,5.710000038146973,5.71999979019165,5.659999847412109,5.659999847412109,5188200,2023-09-11,4.710662841796875
2023-09-12,4.7024126052856445,5.699999809265137,5.730000019073486,5.670000076293945,5.699999809265137,8339300,2023-09-12,4.7024126052856445
2023-09-13,4.7024126052856445,5.699999809265137,5.730000019073486,5.679999828338623,5.699999809265137,7232300,2023-09-13,4.7024126052856445
2023-09-14,4.694163799285889,5.690000057220459,5.75,5.679999828338623,5.699999809265137,13128300,2023-09-14,4.694163799285889
2023-09-15,4.768412113189697,5.78000020980835,5.78000020980835,5.690000057220459,5.699999809265137,21882000,2023-09-15,4.768412113189697
2023-09-18,4.751911640167236,5.760000228881836,5.769999980926514,5.739999771118164,5.75,7805000,2023-09-18,4.751911640167236
2023-09-19,4.743661880493164,5.75,5.789999961853027,5.730000019073486,5.78000020980835,8423100,2023-09-19,4.743661880493164
2023-09-20,4.781951904296875,5.619999885559082,5.639999866485596,5.550000190734863,5.579999923706055,10520600,2023-09-20,4.781951904296875
2023-09-21,4.7564263343811035,5.590000152587891,5.639999866485596,5.570000171661377,5.630000114440918,13143300,2023-09-21,4.7564263343811035
2023-09-22,4.7564263343811035,5.590000152587891,5.619999885559082,5.559999942779541,5.579999923706055,8715000,2023-09-22,4.7564263343811035
2023-09-25,4.713881492614746,5.539999961853027,5.599999904632568,5.539999961853027,5.590000152587891,7969300,2023-09-25,4.713881492614746
2023-09-26,4.722390174865723,5.550000190734863,5.579999923706055,5.53000020980835,5.539999961853027,12927500,2023-09-26,4.722390174865723
2023-09-27,4.722390174865723,5.550000190734863,5.550000190734863,5.53000020980835,5.550000190734863,8701800,2023-09-27,4.722390174865723
2023-09-29,4.620284080505371,5.429999828338623,5.559999942779541,5.380000114440918,5.550000190734863,36339100,2023-09-29,4.620284080505371
2023-10-02,4.594758033752441,5.400000095367432,5.480000019073486,5.380000114440918,5.429999828338623,9387700,2023-10-02,4.594758033752441
2023-10-03,4.60326623916626,5.409999847412109,5.460000038146973,5.389999866485596,5.409999847412109,14460800,2023-10-03,4.60326623916626
2023-10-04,4.594758033752441,5.400000095367432,5.420000076293945,5.380000114440918,5.400000095367432,19660000,2023-10-04,4.594758033752441
2023-10-05,4.60326623916626,5.409999847412109,5.440000057220459,5.389999866485596,5.400000095367432,24914600,2023-10-05,4.60326623916626
2023-10-06,4.611775875091553,5.420000076293945,5.440000057220459,5.389999866485596,5.409999847412109,20448400,2023-10-06,4.611775875091553
2023-10-09,4.611775875091553,5.420000076293945,5.46999979019165,5.400000095367432,5.420000076293945,8085200,2023-10-09,4.611775875091553
2023-10-10,4.722390174865723,5.550000190734863,5.579999923706055,5.420000076293945,5.420000076293945,15660600,2023-10-10,4.722390174865723
2023-10-11,4.764934062957764,5.599999904632568,5.639999866485596,5.53000020980835,5.590000152587891,24099200,2023-10-11,4.764934062957764
2023-10-12,4.8159871101379395,5.659999847412109,5.670000076293945,5.619999885559082,5.619999885559082,11273900,2023-10-12,4.8159871101379395
2023-10-13,4.8159871101379395,5.659999847412109,5.670000076293945,5.599999904632568,5.670000076293945,9192600,2023-10-13,4.8159871101379395
2023-10-16,4.773443222045898,5.610000133514404,5.659999847412109,5.579999923706055,5.659999847412109,21005500,2023-10-16,4.773443222045898
2023-10-17,4.773443222045898,5.610000133514404,5.650000095367432,5.550000190734863,5.610000133514404,11328500,2023-10-17,4.773443222045898
2023-10-18,4.739408016204834,5.570000171661377,5.610000133514404,5.539999961853027,5.610000133514404,25811200,2023-10-18,4.739408016204834
2023-10-19,4.747915744781494,5.579999923706055,5.599999904632568,5.539999961853027,5.539999961853027,22416900,2023-10-19,4.747915744781494
2023-10-20,4.781951904296875,5.619999885559082,5.650000095367432,5.559999942779541,5.590000152587891,23342100,2023-10-20,4.781951904296875
2023-10-23,4.8159871101379395,5.659999847412109,5.699999809265137,5.590000152587891,5.639999866485596,14288600,2023-10-23,4.8159871101379395
2023-10-24,4.833004474639893,5.679999828338623,5.699999809265137,5.610000133514404,5.659999847412109,17871600,2023-10-24,4.833004474639893
2023-10-25,4.841513633728027,5.690000057220459,5.710000038146973,5.670000076293945,5.699999809265137,15502800,2023-10-25,4.841513633728027
2023-10-26,4.833004474639893,5.679999828338623,5.71999979019165,5.659999847412109,5.690000057220459,30106600,2023-10-26,4.833004474639893
2023-10-27,4.833004474639893,5.679999828338623,5.699999809265137,5.639999866485596,5.659999847412109,7021200,2023-10-27,4.833004474639893
2023-10-30,4.850021839141846,5.699999809265137,5.699999809265137,5.679999828338623,5.679999828338623,7730200,2023-10-30,4.850021839141846
2023-10-31,4.8585309982299805,5.710000038146973,5.710000038146973,5.670000076293945,5.679999828338623,12901300,2023-10-31,4.8585309982299805
2023-11-01,4.850021839141846,5.699999809265137,5.71999979019165,5.679999828338623,5.710000038146973,10703100,2023-11-01,4.850021839141846
2023-11-02,4.850021839141846,5.699999809265137,5.730000019073486,5.670000076293945,5.679999828338623,6236300,2023-11-02,4.850021839141846
2023-11-03,4.875548362731934,5.730000019073486,5.75,5.699999809265137,5.710000038146973,15867100,2023-11-03,4.875548362731934
2023-11-06,4.943619728088379,5.809999942779541,5.809999942779541,5.730000019073486,5.730000019073486,17848400,2023-11-06,4.943619728088379
2023-11-07,4.943619728088379,5.809999942779541,5.809999942779541,5.75,5.760000228881836,13595500,2023-11-07,4.943619728088379
2023-11-08,4.909583568572998,5.769999980926514,5.809999942779541,5.760000228881836,5.800000190734863,12994200,2023-11-08,4.909583568572998
2023-11-09,4.918093204498291,5.78000020980835,5.78000020980835,5.739999771118164,5.760000228881836,10540800,2023-11-09,4.918093204498291
2023-11-10,4.892565727233887,5.75,5.769999980926514,5.710000038146973,5.739999771118164,5426200,2023-11-10,4.892565727233887
2023-11-14,4.875548362731934,5.730000019073486,5.800000190734863,5.71999979019165,5.75,12272300,2023-11-14,4.875548362731934
2023-11-15,4.935110569000244,5.800000190734863,5.800000190734863,5.730000019073486,5.75,11783600,2023-11-15,4.935110569000244
2023-11-16,4.918093204498291,5.78000020980835,5.800000190734863,5.75,5.769999980926514,9787500,2023-11-16,4.918093204498291
2023-11-17,4.935110569000244,5.800000190734863,5.800000190734863,5.739999771118164,5.769999980926514,4892100,2023-11-17,4.935110569000244
2023-11-20,4.909583568572998,5.769999980926514,5.78000020980835,5.699999809265137,5.769999980926514,9029500,2023-11-20,4.909583568572998
2023-11-21,4.926601409912109,5.789999961853027,5.789999961853027,5.730000019073486,5.78000020980835,11162400,2023-11-21,4.926601409912109
2023-11-22,4.909583568572998,5.769999980926514,5.800000190734863,5.739999771118164,5.800000190734863,7707800,2023-11-22,4.909583568572998
2023-11-23,4.88405704498291,5.739999771118164,5.769999980926514,5.71999979019165,5.760000228881836,7093600,2023-11-23,4.88405704498291
2023-11-24,4.892565727233887,5.75,5.769999980926514,5.71999979019165,5.739999771118164,6179900,2023-11-24,4.892565727233887
2023-11-27,4.892565727233887,5.75,5.760000228881836,5.71999979019165,5.730000019073486,9060300,2023-11-27,4.892565727233887
2023-11-28,4.833004474639893,5.679999828338623,5.760000228881836,5.650000095367432,5.75,10264500,2023-11-28,4.833004474639893
2023-11-29,4.798969268798828,5.639999866485596,5.710000038146973,5.619999885559082,5.679999828338623,7639800,2023-11-29,4.798969268798828
2023-11-30,4.8074774742126465,5.650000095367432,5.670000076293945,5.599999904632568,5.659999847412109,28171400,2023-11-30,4.8074774742126465
2023-12-01,4.909583568572998,5.769999980926514,5.829999923706055,5.690000057220459,5.690000057220459,32963000,2023-12-01,4.909583568572998
2023-12-04,4.918093204498291,5.78000020980835,5.920000076293945,5.760000228881836,5.820000171661377,14243700,2023-12-04,4.918093204498291
2023-12-05,4.892565727233887,5.75,5.829999923706055,5.71999979019165,5.769999980926514,11372600,2023-12-05,4.892565727233887
2023-12-06,4.892565727233887,5.75,5.829999923706055,5.71999979019165,5.760000228881836,12405000,2023-12-06,4.892565727233887
2023-12-07,4.901075839996338,5.760000228881836,5.789999961853027,5.699999809265137,5.75,10562500,2023-12-07,4.901075839996338
2023-12-08,4.901075839996338,5.760000228881836,5.789999961853027,5.71999979019165,5.75,8878100,2023-12-08,4.901075839996338
2023-12-11,4.918093204498291,5.78000020980835,5.800000190734863,5.710000038146973,5.739999771118164,12856700,2023-12-11,4.918093204498291
2023-12-12,4.926601409912109,5.789999961853027,5.820000171661377,5.760000228881836,5.789999961853027,25020600,2023-12-12,4.926601409912109
2023-12-13,4.926601409912109,5.789999961853027,5.809999942779541,5.760000228881836,5.769999980926514,24409400,2023-12-13,4.926601409912109
2023-12-14,4.943619728088379,5.809999942779541,5.860000133514404,5.75,5.800000190734863,17904000,2023-12-14,4.943619728088379
2023-12-15,4.960636615753174,5.829999923706055,5.869999885559082,5.800000190734863,5.809999942779541,40625500,2023-12-15,4.960636615753174
2023-12-18,5.054233551025391,5.940000057220459,5.960000038146973,5.829999923706055,5.849999904632568,24331700,2023-12-18,5.054233551025391
2023-12-19,5.071250915527344,5.960000038146973,5.989999771118164,5.909999847412109,5.940000057220459,19559800,2023-12-19,5.071250915527344
2023-12-20,5.020198822021484,5.900000095367432,5.989999771118164,5.900000095367432,5.980000019073486,34643900,2023-12-20,5.020198822021484
2023-12-21,4.935110569000244,5.800000190734863,5.900000095367432,5.789999961853027,5.889999866485596,17551400,2023-12-21,4.935110569000244
2023-12-22,4.935110569000244,5.800000190734863,5.829999923706055,5.760000228881836,5.800000190734863,15422600,2023-12-22,4.935110569000244
2023-12-26,4.918093204498291,5.78000020980835,5.860000133514404,5.78000020980835,5.800000190734863,23001900,2023-12-26,4.918093204498291
2023-12-27,4.935110569000244,5.800000190734863,5.829999923706055,5.769999980926514,5.769999980926514,41519500,2023-12-27,4.935110569000244
2023-12-28,4.96914529800415,5.840000152587891,5.909999847412109,5.789999961853027,5.800000190734863,33168100,2023-12-28,4.96914529800415
2023-12-29,4.977654457092285,5.849999904632568,5.920000076293945,5.789999961853027,5.840000152587891,101708800,2023-12-29,4.977654457092285
2024-01-02,4.96914529800415,5.840000152587891,5.900000095367432,5.809999942779541,5.820000171661377,6863600,2024-01-02,4.96914529800415
2024-01-03,5.020198822021484,5.900000095367432,5.920000076293945,5.829999923706055,5.849999904632568,14459300,2024-01-03,5.020198822021484
2024-01-04,5.062742710113525,5.949999809265137,5.96999979019165,5.889999866485596,5.900000095367432,14955600,2024-01-04,5.062742710113525
2024-01-05,5.105286598205566,6.0,6.039999961853027,5.949999809265137,5.949999809265137,12481500,2024-01-05,5.105286598205566
2024-01-08,5.130812644958496,6.03000020980835,6.050000190734863,6.010000228881836,6.019999980926514,10981800,2024-01-08,5.130812644958496
2024-01-09,5.147830963134766,6.050000190734863,6.079999923706055,6.03000020980835,6.050000190734863,16803300,2024-01-09,5.147830963134766
2024-01-10,5.062742710113525,5.949999809265137,6.070000171661377,5.940000057220459,6.059999942779541,14398100,2024-01-10,5.062742710113525
2024-01-11,5.062742710113525,5.949999809265137,6.0,5.920000076293945,5.949999809265137,18183600,2024-01-11,5.062742710113525
2024-01-12,5.0372161865234375,5.920000076293945,5.989999771118164,5.880000114440918,5.949999809265137,14772600,2024-01-12,5.0372161865234375
2024-01-15,5.105286598205566,6.0,6.0,5.920000076293945,5.920000076293945,11051300,2024-01-15,5.105286598205566
2024-01-16,5.113795280456543,6.010000228881836,6.03000020980835,5.980000019073486,6.0,8227800,2024-01-16,5.113795280456543
2024-01-17,5.130812644958496,6.03000020980835,6.050000190734863,5.960000038146973,6.03000020980835,24124500,2024-01-17,5.130812644958496
2024-01-18,5.054233551025391,5.940000057220459,6.010000228881836,5.909999847412109,5.949999809265137,17104300,2024-01-18,5.054233551025391
2024-01-19,5.113795280456543,6.010000228881836,6.019999980926514,5.929999828338623,5.940000057220459,9533100,2024-01-19,5.113795280456543
2024-01-22,5.0797600746154785,5.96999979019165,6.019999980926514,5.940000057220459,6.010000228881836,14926400,2024-01-22,5.0797600746154785
2024-01-23,5.1223039627075195,6.019999980926514,6.039999961853027,5.980000019073486,5.980000019073486,9741100,2024-01-23,5.1223039627075195
2024-01-24,5.207392692565918,6.119999885559082,6.150000095367432,6.03000020980835,6.039999961853027,11231800,2024-01-24,5.207392692565918
2024-01-26,5.2584452629089355,6.179999828338623,6.199999809265137,6.119999885559082,6.139999866485596,19998200,2024-01-26,5.2584452629089355
2024-01-29,5.292479991912842,6.21999979019165,6.25,6.170000076293945,6.190000057220459,20812800,2024-01-29,5.292479991912842
2024-01-30,5.292479991912842,6.21999979019165,6.230000019073486,6.190000057220459,6.21999979019165,18078800,2024-01-30,5.292479991912842
2024-01-31,5.300989151000977,6.230000019073486,6.269999980926514,6.210000038146973,6.21999979019165,20186400,2024-01-31,5.300989151000977
2024-02-02,5.300989151000977,6.230000019073486,6.260000228881836,6.019999980926514,6.070000171661377,27813700,2024-02-02,5.300989151000977
2024-02-05,5.300989151000977,6.230000019073486,6.269999980926514,6.230000019073486,6.25,8309500,2024-02-05,5.300989151000977
2024-02-06,5.283971309661865,6.210000038146973,6.25,6.179999828338623,6.21999979019165,10469400,2024-02-06,5.283971309661865
2024-02-07,5.275462627410889,6.199999809265137,6.239999771118164,6.179999828338623,6.239999771118164,11350400,2024-02-07,5.275462627410889
2024-02-08,5.300989151000977,6.230000019073486,6.28000020980835,6.199999809265137,6.199999809265137,6590200,2024-02-08,5.300989151000977
2024-02-09,5.266953945159912,6.190000057220459,6.230000019073486,6.150000095367432,6.210000038146973,3262700,2024-02-09,5.266953945159912
2024-02-13,5.394586563110352,6.340000152587891,6.380000114440918,6.199999809265137,6.199999809265137,12502800,2024-02-13,5.394586563110352
2024-02-14,5.420112609863281,6.369999885559082,6.400000095367432,6.28000020980835,6.300000190734863,10686300,2024-02-14,5.420112609863281
2024-02-15,5.4116034507751465,6.360000133514404,6.400000095367432,6.329999923706055,6.369999885559082,7225800,2024-02-15,5.4116034507751465
2024-02-16,5.4541473388671875,6.409999847412109,6.409999847412109,6.349999904632568,6.389999866485596,10558100,2024-02-16,5.4541473388671875
2024-02-19,5.445639133453369,6.400000095367432,6.440000057220459,6.380000114440918,6.409999847412109,5655500,2024-02-19,5.445639133453369
2024-02-20,5.488182544708252,6.449999809265137,6.460000038146973,6.360000133514404,6.380000114440918,13891700,2024-02-20,5.488182544708252
2024-02-21,5.462656497955322,6.420000076293945,6.460000038146973,6.400000095367432,6.409999847412109,11702700,2024-02-21,5.462656497955322
2024-02-22,5.437130451202393,6.389999866485596,6.440000057220459,6.389999866485596,6.409999847412109,7593700,2024-02-22,5.437130451202393
2024-02-23,5.4541473388671875,6.409999847412109,6.440000057220459,6.349999904632568,6.389999866485596,17587300,2024-02-23,5.4541473388671875
2024-02-26,5.471165657043457,6.429999828338623,6.449999809265137,6.400000095367432,6.420000076293945,16012900,2024-02-26,5.471165657043457
2024-02-27,5.488182544708252,6.449999809265137,6.480000019073486,6.380000114440918,6.380000114440918,11683400,2024-02-27,5.488182544708252
2024-02-28,5.471165657043457,6.429999828338623,6.449999809265137,6.400000095367432,6.440000057220459,19355600,2024-02-28,5.471165657043457
2024-02-29,5.496691703796387,6.460000038146973,6.480000019073486,6.420000076293945,6.420000076293945,22246900,2024-02-29,5.496691703796387
2024-03-01,5.394586563110352,6.340000152587891,6.559999942779541,6.28000020980835,6.460000038146973,46004400,2024-03-01,5.394586563110352
2024-03-04,5.488182544708252,6.449999809265137,6.550000190734863,6.349999904632568,6.380000114440918,42300900,2024-03-04,5.488182544708252
2024-03-05,5.556253433227539,6.53000020980835,6.53000020980835,6.349999904632568,6.429999828338623,39363200,2024-03-05,5.556253433227539
2024-03-06,5.539236545562744,6.510000228881836,6.519999980926514,6.380000114440918,6.420000076293945,22251500,2024-03-06,5.539236545562744
2024-03-07,5.547745227813721,6.519999980926514,6.599999904632568,6.5,6.53000020980835,17967800,2024-03-07,5.547745227813721
2024-03-08,5.658359050750732,6.650000095367432,6.670000076293945,6.570000171661377,6.599999904632568,14781600,2024-03-08,5.658359050750732
2024-03-11,5.675376892089844,6.670000076293945,6.739999771118164,6.650000095367432,6.699999809265137,15748800,2024-03-11,5.675376892089844
2024-03-12,5.717920303344727,6.71999979019165,6.760000228881836,6.639999866485596,6.670000076293945,26293400,2024-03-12,5.717920303344727
2024-03-13,5.700903415679932,6.699999809265137,6.769999980926514,6.670000076293945,6.71999979019165,24032000,2024-03-13,5.700903415679932
2024-03-14,5.700903415679932,6.699999809265137,6.739999771118164,6.670000076293945,6.699999809265137,29328200,2024-03-14,5.700903415679932
2024-03-15,5.846853733062744,6.610000133514404,6.650000095367432,6.440000057220459,6.440000057220459,35612300,2024-03-15,5.846853733062744
2024-03-18,5.882235527038574,6.650000095367432,6.699999809265137,6.53000020980835,6.53000020980835,20556300,2024-03-18,5.882235527038574
2024-03-19,5.846853733062744,6.610000133514404,6.71999979019165,6.550000190734863,6.630000114440918,28848300,2024-03-19,5.846853733062744
2024-03-20,5.731862545013428,6.480000019073486,6.639999866485596,6.449999809265137,6.610000133514404,21258700,2024-03-20,5.731862545013428
2024-03-21,5.793780326843262,6.550000190734863,6.579999923706055,6.46999979019165,6.5,20647800,2024-03-21,5.793780326843262
2024-03-22,5.793780326843262,6.550000190734863,6.599999904632568,6.510000228881836,6.570000171661377,7059200,2024-03-22,5.793780326843262
2024-03-25,5.749553680419922,6.5,6.579999923706055,6.460000038146973,6.559999942779541,15572600,2024-03-25,5.749553680419922
2024-03-26,5.749553680419922,6.5,6.519999980926514,6.460000038146973,6.46999979019165,25921200,2024-03-26,5.749553680419922
2024-03-27,5.793780326843262,6.550000190734863,6.579999923706055,6.489999771118164,6.5,16721000,2024-03-27,5.793780326843262
2024-03-29,5.873389720916748,6.639999866485596,6.699999809265137,6.590000152587891,6.610000133514404,14151800,2024-03-29,5.873389720916748
2024-04-01,5.891080379486084,6.659999847412109,6.690000057220459,6.639999866485596,6.679999828338623,15773600,2024-04-01,5.891080379486084
2024-04-02,5.891080379486084,6.659999847412109,6.699999809265137,6.650000095367432,6.699999809265137,14514400,2024-04-02,5.891080379486084
2024-04-03,5.802626609802246,6.559999942779541,6.659999847412109,6.519999980926514,6.659999847412109,12189600,2024-04-03,5.802626609802246
2024-04-04,5.882235527038574,6.650000095367432,6.659999847412109,6.559999942779541,6.559999942779541,13388400,2024-04-04,5.882235527038574
2024-04-05,5.8645453453063965,6.630000114440918,6.659999847412109,6.570000171661377,6.619999885559082,17083000,2024-04-05,5.8645453453063965
2024-04-08,5.873389720916748,6.639999866485596,6.670000076293945,6.590000152587891,6.639999866485596,9286900,2024-04-08,5.873389720916748
2024-04-09,5.811471939086914,6.570000171661377,6.650000095367432,6.550000190734863,6.639999866485596,8992000,2024-04-09,5.811471939086914
2024-04-12,5.846853733062744,6.610000133514404,6.619999885559082,6.460000038146973,6.53000020980835,25296200,2024-04-12,5.846853733062744
2024-04-15,5.82031774520874,6.579999923706055,6.630000114440918,6.559999942779541,6.579999923706055,26103500,2024-04-15,5.82031774520874
2024-04-16,5.731862545013428,6.480000019073486,6.579999923706055,6.480000019073486,6.570000171661377,43155400,2024-04-16,5.731862545013428
2024-04-17,5.776090621948242,6.53000020980835,6.539999961853027,6.449999809265137,6.480000019073486,32164700,2024-04-17,5.776090621948242
2024-04-18,5.82916259765625,6.590000152587891,6.599999904632568,6.53000020980835,6.53000020980835,28598200,2024-04-18,5.82916259765625
2024-04-19,5.802626609802246,6.559999942779541,6.599999904632568,6.550000190734863,6.590000152587891,32899200,2024-04-19,5.802626609802246
2024-04-22,5.855698585510254,6.619999885559082,6.639999866485596,6.53000020980835,6.550000190734863,14881900,2024-04-22,5.855698585510254
2024-04-23,5.89992618560791,6.670000076293945,6.699999809265137,6.630000114440918,6.630000114440918,19915000,2024-04-23,5.89992618560791
2024-04-24,5.89992618560791,6.670000076293945,6.800000190734863,6.659999847412109,6.710000038146973,27025900,2024-04-24,5.89992618560791
2024-04-25,5.908771514892578,6.679999828338623,6.699999809265137,6.659999847412109,6.670000076293945,23375000,2024-04-25,5.908771514892578
2024-04-26,5.846853733062744,6.610000133514404,6.699999809265137,6.559999942779541,6.690000057220459,21526700,2024-04-26,5.846853733062744
2024-04-29,5.846853733062744,6.610000133514404,6.639999866485596,6.570000171661377,6.610000133514404,21992600,2024-04-29,5.846853733062744
2024-04-30,5.846853733062744,6.610000133514404,6.71999979019165,6.559999942779541,6.639999866485596,36176000,2024-04-30,5.846853733062744
2024-05-02,5.873389720916748,6.639999866485596,6.639999866485596,6.570000171661377,6.570000171661377,15069400,2024-05-02,5.873389720916748
2024-05-03,5.882235527038574,6.650000095367432,6.679999828338623,6.630000114440918,6.659999847412109,24861900,2024-05-03,5.882235527038574
2024-05-06,5.9706902503967285,6.75,6.75,6.650000095367432,6.659999847412109,21563800,2024-05-06,5.9706902503967285
2024-05-07,6.023762226104736,6.809999942779541,6.920000076293945,6.75,6.75,26947000,2024-05-07,6.023762226104736
2024-05-08,5.961844444274902,6.739999771118164,6.849999904632568,6.690000057220459,6.78000020980835,22702700,2024-05-08,5.961844444274902
2024-05-09,5.9706902503967285,6.75,6.769999980926514,6.730000019073486,6.739999771118164,19644200,2024-05-09,5.9706902503967285
2024-05-10,5.9883809089660645,6.769999980926514,6.800000190734863,6.739999771118164,6.75,17093600,2024-05-10,5.9883809089660645
2024-05-13,6.014917373657227,6.800000190734863,6.809999942779541,6.769999980926514,6.769999980926514,8630400,2024-05-13,6.014917373657227
2024-05-14,6.006072044372559,6.789999961853027,6.829999923706055,6.78000020980835,6.800000190734863,12745100,2024-05-14,6.006072044372559
2024-05-15,5.997226715087891,6.78000020980835,6.820000171661377,6.78000020980835,6.809999942779541,20638600,2024-05-15,5.997226715087891
2024-05-16,6.006072044372559,6.789999961853027,6.820000171661377,6.739999771118164,6.739999771118164,19024500,2024-05-16,6.006072044372559
2024-05-17,6.023762226104736,6.809999942779541,6.820000171661377,6.789999961853027,6.800000190734863,19341700,2024-05-17,6.023762226104736
2024-05-20,6.050299644470215,6.840000152587891,6.849999904632568,6.809999942779541,6.829999923706055,22020700,2024-05-20,6.050299644470215
2024-05-21,6.050299644470215,6.840000152587891,6.849999904632568,6.809999942779541,6.849999904632568,16574700,2024-05-21,6.050299644470215
2024-05-23,6.085681438446045,6.880000114440918,6.900000095367432,6.849999904632568,6.880000114440918,23580200,2024-05-23,6.085681438446045
2024-05-24,6.085681438446045,6.880000114440918,6.900000095367432,6.809999942779541,6.869999885559082,18823300,2024-05-24,6.085681438446045
2024-05-27,6.103372573852539,6.900000095367432,6.929999828338623,6.849999904632568,6.849999904632568,8019300,2024-05-27,6.103372573852539
2024-05-28,6.112216949462891,6.909999847412109,6.929999828338623,6.889999866485596,6.920000076293945,15301900,2024-05-28,6.112216949462891
2024-05-29,6.076835632324219,6.869999885559082,6.920000076293945,6.829999923706055,6.920000076293945,19537900,2024-05-29,6.076835632324219
2024-05-30,6.050299644470215,6.840000152587891,6.869999885559082,6.800000190734863,6.849999904632568,12277700,2024-05-30,6.050299644470215
2024-05-31,6.050299644470215,6.840000152587891,6.860000133514404,6.800000190734863,6.840000152587891,76896400,2024-05-31,6.050299644470215
2024-06-04,6.182981491088867,6.989999771118164,7.039999961853027,6.849999904632568,6.869999885559082,22668600,2024-06-04,6.182981491088867
2024-06-05,6.094526767730713,6.889999866485596,7.0,6.869999885559082,6.949999809265137,23052700,2024-06-05,6.094526767730713
2024-06-06,6.147599697113037,6.949999809265137,6.960000038146973,6.880000114440918,6.880000114440918,22532200,2024-06-06,6.147599697113037
2024-06-07,6.156445026397705,6.960000038146973,6.96999979019165,6.909999847412109,6.909999847412109,14874600,2024-06-07,6.156445026397705
2024-06-10,6.138753890991211,6.940000057220459,6.96999979019165,6.909999847412109,6.960000038146973,15190200,2024-06-10,6.138753890991211
2024-06-11,6.094526767730713,6.889999866485596,6.940000057220459,6.880000114440918,6.940000057220459,26038400,2024-06-11,6.094526767730713
2024-06-12,6.094526767730713,6.889999866485596,6.96999979019165,6.889999866485596,6.940000057220459,14555500,2024-06-12,6.094526767730713
2024-06-13,6.085681438446045,6.880000114440918,6.96999979019165,6.849999904632568,6.96999979019165,11053400,2024-06-13,6.085681438446045
2024-06-14,6.121063232421875,6.920000076293945,6.929999828338623,6.869999885559082,6.880000114440918,15745700,2024-06-14,6.121063232421875
2024-06-18,6.041453838348389,6.829999923706055,6.949999809265137,6.78000020980835,6.900000095367432,15544100,2024-06-18,6.041453838348389
2024-06-19,6.006072044372559,6.789999961853027,6.860000133514404,6.75,6.800000190734863,28383200,2024-06-19,6.006072044372559
2024-06-20,5.961844444274902,6.739999771118164,6.800000190734863,6.710000038146973,6.800000190734863,15412400,2024-06-20,5.961844444274902
2024-06-21,6.006072044372559,6.789999961853027,6.800000190734863,6.730000019073486,6.730000019073486,37385600,2024-06-21,6.006072044372559
2024-06-24,5.908771514892578,6.679999828338623,6.829999923706055,6.670000076293945,6.789999961853027,19958900,2024-06-24,5.908771514892578
2024-06-25,5.908771514892578,6.679999828338623,6.71999979019165,6.639999866485596,6.690000057220459,30028700,2024-06-25,5.908771514892578
2024-06-26,5.979536056518555,6.760000228881836,6.78000020980835,6.679999828338623,6.690000057220459,13783400,2024-06-26,5.979536056518555
2024-06-27,5.9883809089660645,6.769999980926514,6.800000190734863,6.75,6.789999961853027,23158700,2024-06-27,5.9883809089660645
2024-06-28,6.014917373657227,6.800000190734863,6.800000190734863,6.760000228881836,6.789999961853027,19456700,2024-06-28,6.014917373657227
2024-07-01,6.041453838348389,6.829999923706055,6.869999885559082,6.78000020980835,6.800000190734863,19556700,2024-07-01,6.041453838348389
2024-07-02,6.085681438446045,6.880000114440918,6.900000095367432,6.829999923706055,6.849999904632568,23599300,2024-07-02,6.085681438446045
2024-07-03,6.156445026397705,6.960000038146973,6.960000038146973,6.880000114440918,6.880000114440918,21965700,2024-07-03,6.156445026397705
2024-07-04,6.191826820373535,7.0,7.010000228881836,6.960000038146973,6.960000038146973,25488400,2024-07-04,6.191826820373535
2024-07-05,6.147599697113037,6.949999809265137,7.0,6.909999847412109,7.0,11458500,2024-07-05,6.147599697113037
2024-07-09,6.165290355682373,6.96999979019165,7.019999980926514,6.929999828338623,6.989999771118164,32748700,2024-07-09,6.165290355682373
2024-07-10,6.27143669128418,7.090000152587891,7.099999904632568,6.96999979019165,6.980000019073486,36277600,2024-07-10,6.27143669128418
2024-07-11,6.27143669128418,7.090000152587891,7.239999771118164,7.070000171661377,7.099999904632568,28820600,2024-07-11,6.27143669128418
2024-07-12,6.306817531585693,7.130000114440918,7.150000095367432,7.059999942779541,7.099999904632568,14666600,2024-07-12,6.306817531585693
2024-07-15,6.351044654846191,7.179999828338623,7.210000038146973,7.119999885559082,7.130000114440918,11589700,2024-07-15,6.351044654846191
2024-07-16,6.324509143829346,7.150000095367432,7.25,7.119999885559082,7.199999809265137,27586800,2024-07-16,6.324509143829346
2024-07-17,6.3156633377075195,7.139999866485596,7.199999809265137,7.119999885559082,7.170000076293945,16477500,2024-07-17,6.3156633377075195
2024-07-18,6.324509143829346,7.150000095367432,7.179999828338623,7.110000133514404,7.159999847412109,6627600,2024-07-18,6.324509143829346
2024-07-19,6.324509143829346,7.150000095367432,7.170000076293945,7.110000133514404,7.150000095367432,18245000,2024-07-19,6.324509143829346
2024-07-22,6.297972202301025,7.119999885559082,7.170000076293945,7.079999923706055,7.150000095367432,20291100,2024-07-22,6.297972202301025
2024-07-23,6.3687357902526855,7.199999809265137,7.25,7.099999904632568,7.099999904632568,14225600,2024-07-23,6.3687357902526855
2024-07-24,6.3687357902526855,7.199999809265137,7.25,7.139999866485596,7.25,17092700,2024-07-24,6.3687357902526855
2024-07-25,6.359890937805176,7.190000057220459,7.199999809265137,7.139999866485596,7.199999809265137,14827500,2024-07-25,6.359890937805176
2024-07-26,6.342199802398682,7.170000076293945,7.199999809265137,7.150000095367432,7.190000057220459,11661700,2024-07-26,6.342199802398682
2024-07-29,6.404118061065674,7.239999771118164,7.239999771118164,7.170000076293945,7.190000057220459,16056000,2024-07-29,6.404118061065674
2024-07-30,6.37758207321167,7.210000038146973,7.28000020980835,7.199999809265137,7.21999979019165,25100400,2024-07-30,6.37758207321167
2024-07-31,6.5721821784973145,7.429999828338623,7.510000228881836,7.210000038146973,7.230000019073486,28408400,2024-07-31,6.5721821784973145
2024-08-01,6.5721821784973145,7.429999828338623,7.5,7.320000171661377,7.429999828338623,24529600,2024-08-01,6.5721821784973145
2024-08-02,6.545645236968994,7.400000095367432,7.420000076293945,7.340000152587891,7.400000095367432,23911600,2024-08-02,6.545645236968994
2024-08-05,6.200672149658203,7.010000228881836,7.340000152587891,6.949999809265137,7.320000171661377,57127600,2024-08-05,6.200672149658203
2024-08-06,6.3687357902526855,7.199999809265137,7.269999980926514,6.860000133514404,6.989999771118164,25685300,2024-08-06,6.3687357902526855
2024-08-07,6.483726978302002,7.329999923706055,7.380000114440918,7.179999828338623,7.21999979019165,20602700,2024-08-07,6.483726978302002
2024-08-08,6.457190990447998,7.300000190734863,7.340000152587891,7.25,7.300000190734863,20491800,2024-08-08,6.457190990447998
2024-08-09,6.457190990447998,7.300000190734863,7.440000057220459,7.28000020980835,7.400000095367432,18460600,2024-08-09,6.457190990447998
2024-08-12,6.510263919830322,7.360000133514404,7.400000095367432,7.300000190734863,7.300000190734863,18712000,2024-08-12,6.510263919830322
2024-08-13,6.563336372375488,7.420000076293945,7.420000076293945,7.340000152587891,7.340000152587891,16005400,2024-08-13,6.563336372375488
2024-08-14,6.55449104309082,7.409999847412109,7.440000057220459,7.389999866485596,7.420000076293945,6435400,2024-08-14,6.55449104309082
2024-08-15,6.660637378692627,7.53000020980835,7.610000133514404,7.400000095367432,7.409999847412109,22064800,2024-08-15,6.660637378692627
2024-08-16,6.775627613067627,7.659999847412109,7.699999809265137,7.590000152587891,7.599999904632568,16067200,2024-08-16,6.775627613067627
2024-08-19,7.0498366355896,7.96999979019165,8.0,7.659999847412109,7.659999847412109,40876000,2024-08-19,7.0498366355896
2024-08-20,6.943691730499268,7.849999904632568,8.029999732971191,7.75,7.96999979019165,46290200,2024-08-20,6.943691730499268
2024-08-21,6.979073524475098,7.889999866485596,7.96999979019165,7.860000133514404,7.860000133514404,18663400,2024-08-21,6.979073524475098
2024-08-22,6.979073524475098,7.889999866485596,7.929999828338623,7.760000228881836,7.920000076293945,15528800,2024-08-22,6.979073524475098
2024-08-23,6.979073524475098,7.889999866485596,7.920000076293945,7.78000020980835,7.889999866485596,21179600,2024-08-23,6.979073524475098
2024-08-26,6.979073524475098,7.889999866485596,7.940000057220459,7.820000171661377,7.900000095367432,34745700,2024-08-26,6.979073524475098
2024-08-27,7.014455318450928,7.929999828338623,7.960000038146973,7.860000133514404,7.900000095367432,26956400,2024-08-27,7.014455318450928
2024-08-28,7.412501811981201,8.380000114440918,8.380000114440918,7.96999979019165,7.989999771118164,46042400,2024-08-28,7.412501811981201
2024-08-29,7.07637357711792,8.0,8.4399995803833,7.989999771118164,8.279999732971191,42456200,2024-08-29,7.07637357711792
2024-08-30,7.25328254699707,8.199999809265137,8.270000457763672,7.96999979019165,8.010000228881836,46343000,2024-08-30,7.25328254699707
2024-09-02,7.341737747192383,8.300000190734863,8.390000343322754,8.260000228881836,8.260000228881836,39985700,2024-09-02,7.341737747192383
2024-09-03,7.297510147094727,8.25,8.319999694824219,8.130000114440918,8.300000190734863,17666600,2024-09-03,7.297510147094727
2024-09-04,7.2621283531188965,8.210000038146973,8.229999542236328,8.0600004196167,8.100000381469727,26933000,2024-09-04,7.2621283531188965
2024-09-05,7.2709736824035645,8.220000267028809,8.369999885559082,8.1899995803833,8.300000190734863,33754300,2024-09-05,7.2709736824035645
2024-09-06,7.217901229858398,8.15999984741211,8.300000190734863,8.130000114440918,8.300000190734863,23653200,2024-09-06,7.217901229858398
2024-09-09,7.324046611785889,8.279999732971191,8.3100004196167,8.109999656677246,8.15999984741211,26135600,2024-09-09,7.324046611785889
2024-09-10,7.509800910949707,8.489999771118164,8.489999771118164,8.25,8.279999732971191,38589600,2024-09-10,7.509800910949707
2024-09-11,7.315201759338379,8.270000457763672,8.479999542236328,8.260000228881836,8.479999542236328,50635000,2024-09-11,7.315201759338379
2024-09-12,7.25328254699707,8.199999809265137,8.380000114440918,8.1899995803833,8.289999961853027,41746800,2024-09-12,7.25328254699707
2024-09-13,7.463655471801758,8.15999984741211,8.199999809265137,7.960000038146973,8.09000015258789,38049600,2024-09-13,7.463655471801758
2024-09-17,7.646588325500488,8.359999656677246,8.4399995803833,8.170000076293945,8.1899995803833,35035600,2024-09-17,7.646588325500488
2024-09-18,7.619148254394531,8.329999923706055,8.430000305175781,8.220000267028809,8.359999656677246,30429500,2024-09-18,7.619148254394531
2024-09-19,7.582561492919922,8.289999961853027,8.350000381469727,8.260000228881836,8.34000015258789,41379100,2024-09-19,7.582561492919922
2024-09-20,7.719760894775391,8.4399995803833,8.5,8.350000381469727,8.359999656677246,59439600,2024-09-20,7.719760894775391
2024-09-23,7.628294944763184,8.34000015258789,8.5,8.3100004196167,8.4399995803833,31898400,2024-09-23,7.628294944763184
2024-09-24,7.582561492919922,8.289999961853027,8.380000114440918,8.279999732971191,8.350000381469727,35535900,2024-09-24,7.582561492919922
2024-09-25,7.573415279388428,8.279999732971191,8.319999694824219,8.25,8.300000190734863,28036100,2024-09-25,7.573415279388428
2024-09-26,7.573415279388428,8.279999732971191,8.300000190734863,8.239999771118164,8.289999961853027,30798000,2024-09-26,7.573415279388428
2024-09-27,7.536828994750977,8.239999771118164,8.289999961853027,8.180000305175781,8.289999961853027,12242300,2024-09-27,7.536828994750977
2024-09-30,7.363042831420898,8.050000190734863,8.239999771118164,7.980000019073486,8.239999771118164,33849500,2024-09-30,7.363042831420898
2024-10-01,7.39962911605835,8.09000015258789,8.119999885559082,8.020000457763672,8.029999732971191,23449200,2024-10-01,7.39962911605835
2024-10-02,7.29901647567749,7.980000019073486,8.029999732971191,7.920000076293945,8.029999732971191,48018900,2024-10-02,7.29901647567749
2024-10-03,7.308163166046143,7.989999771118164,8.020000457763672,7.860000133514404,8.0,42530600,2024-10-03,7.308163166046143
2024-10-04,7.244136810302734,7.920000076293945,8.0,7.840000152587891,7.980000019073486,29253500,2024-10-04,7.244136810302734
2024-10-07,7.2807230949401855,7.960000038146973,7.96999979019165,7.840000152587891,7.920000076293945,16339000,2024-10-07,7.2807230949401855
2024-10-08,7.2807230949401855,7.960000038146973,7.989999771118164,7.909999847412109,7.920000076293945,37340200,2024-10-08,7.2807230949401855
2024-10-09,7.344748497009277,8.029999732971191,8.0600004196167,7.929999828338623,7.929999828338623,13281700,2024-10-09,7.344748497009277
2024-10-10,7.390482425689697,8.079999923706055,8.180000305175781,8.039999961853027,8.0600004196167,19240600,2024-10-10,7.390482425689697
2024-10-11,7.518535137176514,8.220000267028809,8.220000267028809,8.079999923706055,8.09000015258789,22289100,2024-10-11,7.518535137176514
2024-10-14,7.545975208282471,8.25,8.3100004196167,8.210000038146973,8.25,21507400,2024-10-14,7.545975208282471
2024-10-15,7.545975208282471,8.25,8.279999732971191,8.229999542236328,8.270000457763672,24370800,2024-10-15,7.545975208282471
2024-10-16,7.454508304595947,8.149999618530273,8.260000228881836,8.149999618530273,8.260000228881836,17499700,2024-10-16,7.454508304595947
2024-10-17,7.463655471801758,8.15999984741211,8.1899995803833,8.140000343322754,8.170000076293945,14661800,2024-10-17,7.463655471801758
2024-10-18,7.454508304595947,8.149999618530273,8.229999542236328,8.149999618530273,8.15999984741211,11196200,2024-10-18,7.454508304595947
2024-10-21,7.500242233276367,8.199999809265137,8.239999771118164,8.15999984741211,8.1899995803833,16870700,2024-10-21,7.500242233276367
2024-10-22,7.463655471801758,8.15999984741211,8.210000038146973,8.140000343322754,8.199999809265137,18019400,2024-10-22,7.463655471801758
2024-10-23,7.481949806213379,8.180000305175781,8.210000038146973,8.140000343322754,8.15999984741211,12456100,2024-10-23,7.481949806213379
2024-10-24,7.436215877532959,8.130000114440918,8.199999809265137,8.130000114440918,8.149999618530273,13537100,2024-10-24,7.436215877532959
2024-10-25,7.427069187164307,8.119999885559082,8.149999618530273,8.100000381469727,8.140000343322754,11578900,2024-10-25,7.427069187164307
2024-10-28,7.3356032371521,8.020000457763672,8.220000267028809,8.020000457763672,8.140000343322754,30489600,2024-10-28,7.3356032371521
2024-10-29,7.39962911605835,8.09000015258789,8.119999885559082,8.0,8.050000190734863,21313200,2024-10-29,7.39962911605835
2024-10-30,7.308163166046143,7.989999771118164,8.119999885559082,7.980000019073486,8.09000015258789,30956300,2024-10-30,7.308163166046143
2024-11-01,7.271576404571533,7.949999809265137,7.960000038146973,7.760000228881836,7.800000190734863,23665700,2024-11-01,7.271576404571533
2024-11-04,7.353896141052246,8.039999961853027,8.119999885559082,7.949999809265137,8.0,19934200,2024-11-04,7.353896141052246
2024-11-05,7.427069187164307,8.119999885559082,8.149999618530273,7.989999771118164,8.0,18522300,2024-11-05,7.427069187164307
2024-11-06,7.500242233276367,8.199999809265137,8.199999809265137,8.119999885559082,8.130000114440918,18270200,2024-11-06,7.500242233276367
2024-11-07,7.481949806213379,8.180000305175781,8.279999732971191,8.15999984741211,8.25,22242700,2024-11-07,7.481949806213379
2024-11-08,7.518535137176514,8.220000267028809,8.279999732971191,8.149999618530273,8.210000038146973,8419600,2024-11-08,7.518535137176514
2024-11-11,7.463655471801758,8.15999984741211,8.300000190734863,8.130000114440918,8.25,12616100,2024-11-11,7.463655471801758
2024-11-12,7.500242233276367,8.199999809265137,8.300000190734863,8.15999984741211,8.199999809265137,12086400,2024-11-12,7.500242233276367
2024-11-13,7.500242233276367,8.199999809265137,8.25,8.170000076293945,8.199999809265137,12830900,2024-11-13,7.500242233276367
2024-11-14,7.500242233276367,8.199999809265137,8.300000190734863,8.149999618530273,8.279999732971191,25970500,2024-11-14,7.500242233276367
2024-11-15,7.491095066070557,8.1899995803833,8.25,8.15999984741211,8.199999809265137,19903100,2024-11-15,7.491095066070557
2024-11-18,7.5093889236450195,8.210000038146973,8.25,8.180000305175781,8.1899995803833,20439400,2024-11-18,7.5093889236450195
2024-11-19,7.536828994750977,8.239999771118164,8.270000457763672,8.140000343322754,8.180000305175781,12672100,2024-11-19,7.536828994750977
2024-11-20,7.5093889236450195,8.210000038146973,8.229999542236328,8.15999984741211,8.220000267028809,17167700,2024-11-20,7.5093889236450195
2024-11-21,7.5093889236450195,8.210000038146973,8.270000457763672,8.210000038146973,8.25,17262800,2024-11-21,7.5093889236450195
2024-11-22,7.518535137176514,8.220000267028809,8.289999961853027,8.199999809265137,8.270000457763672,12048600,2024-11-22,7.518535137176514
2024-11-25,7.664882183074951,8.380000114440918,8.470000267028809,8.210000038146973,8.210000038146973,81997900,2024-11-25,7.664882183074951
2024-11-26,7.637442588806152,8.350000381469727,8.399999618530273,8.3100004196167,8.380000114440918,23168900,2024-11-26,7.637442588806152
2024-11-27,7.655734539031982,8.369999885559082,8.399999618530273,8.34000015258789,8.390000343322754,26275700,2024-11-27,7.655734539031982
2024-11-28,7.545975208282471,8.25,8.399999618530273,8.25,8.399999618530273,21374600,2024-11-28,7.545975208282471
2024-11-29,7.545975208282471,8.25,8.289999961853027,8.229999542236328,8.229999542236328,28884900,2024-11-29,7.545975208282471
2024-12-02,7.5093889236450195,8.210000038146973,8.34000015258789,8.210000038146973,8.260000228881836,17949700,2024-12-02,7.5093889236450195
2024-12-03,7.5093889236450195,8.210000038146973,8.25,8.199999809265137,8.220000267028809,22450800,2024-12-03,7.5093889236450195
2024-12-04,7.500242233276367,8.199999809265137,8.220000267028809,8.149999618530273,8.180000305175781,24621900,2024-12-04,7.500242233276367
2024-12-05,7.491095066070557,8.1899995803833,8.25,8.170000076293945,8.25,17131800,2024-12-05,7.491095066070557
2024-12-06,7.47280216217041,8.170000076293945,8.199999809265137,8.149999618530273,8.149999618530273,16707900,2024-12-06,7.47280216217041
2024-12-09,7.481949806213379,8.180000305175781,8.180000305175781,8.0,8.149999618530273,26749800,2024-12-09,7.481949806213379
2024-12-10,7.417922496795654,8.109999656677246,8.220000267028809,8.109999656677246,8.199999809265137,11778700,2024-12-10,7.417922496795654
2024-12-11,7.417922496795654,8.109999656677246,8.130000114440918,7.960000038146973,7.980000019073486,16240900,2024-12-11,7.417922496795654
2024-12-12,7.436215877532959,8.130000114440918,8.15999984741211,8.079999923706055,8.079999923706055,9344400,2024-12-12,7.436215877532959
2024-12-13,7.436215877532959,8.130000114440918,8.180000305175781,8.100000381469727,8.170000076293945,13755500,2024-12-13,7.436215877532959
2024-12-16,7.40877628326416,8.100000381469727,8.140000343322754,8.09000015258789,8.130000114440918,16362000,2024-12-16,7.40877628326416
2024-12-17,7.353896141052246,8.039999961853027,8.130000114440918,8.039999961853027,8.109999656677246,22150200,2024-12-17,7.353896141052246
2024-12-18,7.3356032371521,8.020000457763672,8.069999694824219,8.010000228881836,8.039999961853027,9534600,2024-12-18,7.3356032371521
2024-12-19,7.353896141052246,8.039999961853027,8.0600004196167,7.960000038146973,7.960000038146973,18783100,2024-12-19,7.353896141052246
2024-12-20,7.271576404571533,7.949999809265137,8.050000190734863,7.949999809265137,8.020000457763672,24596600,2024-12-20,7.271576404571533
2024-12-23,7.271576404571533,7.949999809265137,8.020000457763672,7.940000057220459,7.980000019073486,13712400,2024-12-23,7.271576404571533
2024-12-24,7.28986930847168,7.96999979019165,8.050000190734863,7.949999809265137,7.989999771118164,7247800,2024-12-24,7.28986930847168
2024-12-26,7.353896141052246,8.039999961853027,8.0600004196167,7.980000019073486,7.980000019073486,10085400,2024-12-26,7.353896141052246
2024-12-27,7.454508304595947,8.149999618530273,8.149999618530273,8.039999961853027,8.039999961853027,7739400,2024-12-27,7.454508304595947
2024-12-30,7.454508304595947,8.149999618530273,8.180000305175781,8.079999923706055,8.140000343322754,5334500,2024-12-30,7.454508304595947
2024-12-31,7.500242233276367,8.199999809265137,8.25,8.119999885559082,8.170000076293945,8521000,2024-12-31,7.500242233276367
2025-01-02,7.436215877532959,8.130000114440918,8.220000267028809,8.109999656677246,8.199999809265137,4875900,2025-01-02,7.436215877532959
2025-01-03,7.417922496795654,8.109999656677246,8.199999809265137,8.069999694824219,8.149999618530273,8178300,2025-01-03,7.417922496795654
2025-01-06,7.390482425689697,8.079999923706055,8.119999885559082,8.069999694824219,8.100000381469727,6994300,2025-01-06,7.390482425689697
2025-01-07,7.454508304595947,8.149999618530273,8.15999984741211,8.020000457763672,8.039999961853027,16600600,2025-01-07,7.454508304595947
2025-01-08,7.39962911605835,8.09000015258789,8.229999542236328,8.0600004196167,8.15999984741211,13399900,2025-01-08,7.39962911605835
2025-01-09,7.417922496795654,8.109999656677246,8.149999618530273,8.09000015258789,8.130000114440918,14844700,2025-01-09,7.417922496795654
2025-01-10,7.481949806213379,8.180000305175781,8.1899995803833,8.109999656677246,8.109999656677246,13151100,2025-01-10,7.481949806213379
2025-01-13,7.40877628326416,8.100000381469727,8.15999984741211,7.940000057220459,8.149999618530273,12180100,2025-01-13,7.40877628326416
2025-01-14,7.28986930847168,7.96999979019165,8.15999984741211,7.96999979019165,8.119999885559082,9745300,2025-01-14,7.28986930847168
2025-01-15,7.180109977722168,7.849999904632568,8.010000228881836,7.829999923706055,7.980000019073486,23378600,2025-01-15,7.180109977722168
2025-01-16,7.308163166046143,7.989999771118164,8.0600004196167,7.880000114440918,7.96999979019165,13743600,2025-01-16,7.308163166046143
2025-01-17,7.29901647567749,7.980000019073486,8.0600004196167,7.96999979019165,8.029999732971191,12004800,2025-01-17,7.29901647567749
2025-01-20,7.317309379577637,8.0,8.050000190734863,7.960000038146973,7.980000019073486,7777500,2025-01-20,7.317309379577637
2025-01-21,7.262429714202881,7.940000057220459,8.029999732971191,7.920000076293945,8.0,11351800,2025-01-21,7.262429714202881
2025-01-22,7.372189998626709,8.0600004196167,8.119999885559082,7.949999809265137,7.949999809265137,11135200,2025-01-22,7.372189998626709
2025-01-23,7.28986930847168,7.96999979019165,8.069999694824219,7.960000038146973,8.0600004196167,9459300,2025-01-23,7.28986930847168
2025-01-24,7.326456546783447,8.010000228881836,8.029999732971191,7.989999771118164,8.0,15321300,2025-01-24,7.326456546783447
2025-01-27,7.344748497009277,8.029999732971191,8.069999694824219,7.960000038146973,8.010000228881836,3520600,2025-01-27,7.344748497009277
2025-01-28,7.262429714202881,7.940000057220459,8.029999732971191,7.929999828338623,8.029999732971191,7948700,2025-01-28,7.262429714202881
2025-01-31,7.3356032371521,8.020000457763672,8.100000381469727,7.929999828338623,7.980000019073486,20591800,2025-01-31,7.3356032371521
2025-02-03,7.317309379577637,8.0,8.09000015258789,7.989999771118164,8.0,10617900,2025-02-03,7.317309379577637
2025-02-04,7.491095066070557,8.1899995803833,8.1899995803833,8.050000190734863,8.09000015258789,20643800,2025-02-04,7.491095066070557
2025-02-05,7.47280216217041,8.170000076293945,8.1899995803833,8.100000381469727,8.1899995803833,7907300,2025-02-05,7.47280216217041
2025-02-06,7.518535137176514,8.220000267028809,8.220000267028809,8.15999984741211,8.170000076293945,13088800,2025-02-06,7.518535137176514
2025-02-07,7.6740288734436035,8.390000343322754,8.390000343322754,8.25,8.25,21550500,2025-02-07,7.6740288734436035
2025-02-10,7.683175086975098,8.399999618530273,8.399999618530273,8.270000457763672,8.3100004196167,11215000,2025-02-10,7.683175086975098
2025-02-12,7.683175086975098,8.399999618530273,8.40999984741211,8.3100004196167,8.399999618530273,32896600,2025-02-12,7.683175086975098
2025-02-13,7.573415279388428,8.279999732971191,8.399999618530273,8.279999732971191,8.359999656677246,23693000,2025-02-13,7.573415279388428
2025-02-14,7.637442588806152,8.350000381469727,8.359999656677246,8.270000457763672,8.270000457763672,15492200,2025-02-14,7.637442588806152
2025-02-17,7.591708660125732,8.300000190734863,8.359999656677246,8.279999732971191,8.350000381469727,17264100,2025-02-17,7.591708660125732
2025-02-18,7.683175086975098,8.399999618530273,8.399999618530273,8.279999732971191,8.300000190734863,11981500,2025-02-18,7.683175086975098
2025-02-19,7.582561492919922,8.289999961853027,8.420000076293945,8.289999961853027,8.420000076293945,15211900,2025-02-19,7.582561492919922
2025-02-20,7.637442588806152,8.350000381469727,8.359999656677246,8.300000190734863,8.3100004196167,15628000,2025-02-20,7.637442588806152
2025-02-21,7.646588325500488,8.359999656677246,8.359999656677246,8.3100004196167,8.359999656677246,22204100,2025-02-21,7.646588325500488
2025-02-24,7.664882183074951,8.380000114440918,8.399999618530273,8.359999656677246,8.359999656677246,15342600,2025-02-24,7.664882183074951
2025-02-25,7.527681827545166,8.229999542236328,8.399999618530273,8.15999984741211,8.399999618530273,23569700,2025-02-25,7.527681827545166
2025-02-26,7.573415279388428,8.279999732971191,8.319999694824219,8.180000305175781,8.1899995803833,26784300,2025-02-26,7.573415279388428
2025-02-27,7.518535137176514,8.220000267028809,8.300000190734863,8.1899995803833,8.229999542236328,22621400,2025-02-27,7.518535137176514
2025-02-28,7.143523216247559,7.809999942779541,8.239999771118164,7.809999942779541,8.220000267028809,107968000,2025-02-28,7.143523216247559
2025-03-03,7.317309379577637,8.0,8.09000015258789,7.900000095367432,7.900000095367432,37967700,2025-03-03,7.317309379577637
2025-03-04,7.317309379577637,8.0,8.010000228881836,7.960000038146973,8.0,21282800,2025-03-04,7.317309379577637
2025-03-05,7.1343770027160645,7.800000190734863,8.0,7.800000190734863,7.980000019073486,38134500,2025-03-05,7.1343770027160645
2025-03-06,6.859977722167969,7.5,7.820000171661377,7.480000019073486,7.809999942779541,68056000,2025-03-06,6.859977722167969
2025-03-07,6.878270626068115,7.519999980926514,7.579999923706055,7.480000019073486,7.5,33122400,2025-03-07,6.878270626068115
2025-03-10,6.878270626068115,7.519999980926514,7.670000076293945,7.420000076293945,7.489999771118164,29814400,2025-03-10,6.878270626068115
2025-03-11,6.640458583831787,7.260000228881836,7.510000228881836,7.230000019073486,7.5,52377600,2025-03-11,6.640458583831787
2025-03-12,6.402645587921143,7.0,7.329999923706055,6.920000076293945,7.230000019073486,70276200,2025-03-12,6.402645587921143
2025-03-13,6.631311416625977,7.25,7.320000171661377,6.949999809265137,7.010000228881836,43566200,2025-03-13,6.631311416625977
2025-03-14,6.650124549865723,7.070000171661377,7.190000057220459,7.0,7.070000171661377,26656000,2025-03-14,6.650124549865723
2025-03-17,6.81943416595459,7.25,7.340000152587891,7.139999866485596,7.150000095367432,27372100,2025-03-17,6.81943416595459
2025-03-19,6.518438339233398,6.929999828338623,7.110000133514404,6.840000152587891,6.889999866485596,59515800,2025-03-19,6.518438339233398
2025-03-20,6.3961591720581055,6.800000190734863,7.019999980926514,6.800000190734863,6.980000019073486,38746500,2025-03-20,6.3961591720581055
2025-03-21,6.4431891441345215,6.849999904632568,6.929999828338623,6.789999961853027,6.800000190734863,33669100,2025-03-21,6.4431891441345215
2025-03-24,6.509032249450684,6.920000076293945,6.940000057220459,6.829999923706055,6.849999904632568,16773100,2025-03-24,6.509032249450684
2025-03-25,6.584280967712402,7.0,7.059999942779541,6.940000057220459,6.980000019073486,29800400,2025-03-25,6.584280967712402
2025-03-26,6.62190580368042,7.039999961853027,7.099999904632568,7.0,7.050000190734863,22716500,2025-03-26,6.62190580368042
2025-03-27,6.706561088562012,7.130000114440918,7.159999847412109,7.03000020980835,7.059999942779541,23248700,2025-03-27,6.706561088562012
2025-03-28,6.584280967712402,7.0,7.139999866485596,7.0,7.130000114440918,19426100,2025-03-28,6.584280967712402
2025-04-02,6.715966701507568,7.139999866485596,7.159999847412109,6.96999979019165,6.989999771118164,23591600,2025-04-02,6.715966701507568
2025-04-03,6.706561088562012,7.130000114440918,7.139999866485596,7.03000020980835,7.110000133514404,25251000,2025-04-03,6.706561088562012
2025-04-04,6.593687057495117,7.010000228881836,7.110000133514404,6.929999828338623,7.079999923706055,26053900,2025-04-04,6.593687057495117
2025-04-07,6.22684907913208,6.619999885559082,6.829999923706055,6.510000228881836,6.809999942779541,58350200,2025-04-07,6.22684907913208
2025-04-08,6.283285140991211,6.679999828338623,6.710000038146973,6.570000171661377,6.639999866485596,33213700,2025-04-08,6.283285140991211
2025-04-09,5.972883701324463,6.349999904632568,6.630000114440918,6.210000038146973,6.599999904632568,39898800,2025-04-09,5.972883701324463
2025-04-10,6.499626159667969,6.909999847412109,6.929999828338623,6.699999809265137,6.900000095367432,43621700,2025-04-10,6.499626159667969
2025-04-11,6.255066871643066,6.650000095367432,6.760000228881836,6.570000171661377,6.699999809265137,27630500,2025-04-11,6.255066871643066
2025-04-14,6.330316066741943,6.730000019073486,6.809999942779541,6.710000038146973,6.800000190734863,19729600,2025-04-14,6.330316066741943
2025-04-15,6.302097797393799,6.699999809265137,6.769999980926514,6.699999809265137,6.730000019073486,10391600,2025-04-15,6.302097797393799
2025-04-16,6.311504364013672,6.710000038146973,6.730000019073486,6.610000133514404,6.699999809265137,9882400,2025-04-16,6.311504364013672
2025-04-17,6.358534812927246,6.760000228881836,6.760000228881836,6.639999866485596,6.639999866485596,12574300,2025-04-17,6.358534812927246
2025-04-18,6.471407890319824,6.880000114440918,6.880000114440918,6.730000019073486,6.739999771118164,7322300,2025-04-18,6.471407890319824
2025-04-21,6.452596187591553,6.860000133514404,6.889999866485596,6.820000171661377,6.880000114440918,4564200,2025-04-21,6.452596187591553
2025-04-22,6.349128246307373,6.75,6.809999942779541,6.690000057220459,6.800000190734863,17803000,2025-04-22,6.349128246307373
2025-04-23,6.4431891441345215,6.849999904632568,6.849999904632568,6.78000020980835,6.800000190734863,31820400,2025-04-23,6.4431891441345215
2025-04-24,6.565469264984131,6.980000019073486,7.050000190734863,6.860000133514404,6.869999885559082,32205900,2025-04-24,6.565469264984131
2025-04-25,6.5748748779296875,6.989999771118164,7.059999942779541,6.949999809265137,7.050000190734863,16490300,2025-04-25,6.5748748779296875
2025-04-28,6.5748748779296875,6.989999771118164,7.039999961853027,6.980000019073486,7.0,6775500,2025-04-28,6.5748748779296875
2025-04-29,6.60309362411499,7.019999980926514,7.019999980926514,6.949999809265137,7.0,12442500,2025-04-29,6.60309362411499
2025-04-30,6.697154998779297,7.119999885559082,7.139999866485596,7.03000020980835,7.03000020980835,24000100,2025-04-30,6.697154998779297
2025-05-02,6.725372791290283,7.150000095367432,7.170000076293945,7.050000190734863,7.079999923706055,23847700,2025-05-02,6.725372791290283
2025-05-05,6.659530162811279,7.079999923706055,7.190000057220459,7.050000190734863,7.119999885559082,10871000,2025-05-05,6.659530162811279
2025-05-06,6.490220069885254,6.900000095367432,7.079999923706055,6.849999904632568,7.059999942779541,18437600,2025-05-06,6.490220069885254
2025-05-07,6.537250518798828,6.949999809265137,6.949999809265137,6.849999904632568,6.860000133514404,17879100,2025-05-07,6.537250518798828
2025-05-08,6.462001800537109,6.869999885559082,6.960000038146973,6.849999904632568,6.949999809265137,9515600,2025-05-08,6.462001800537109
2025-05-09,6.462001800537109,6.869999885559082,6.920000076293945,6.860000133514404,6.909999847412109,8531700,2025-05-09,6.462001800537109
2025-05-13,6.875870704650879,7.309999942779541,7.340000152587891,7.010000228881836,7.010000228881836,60867000,2025-05-13,6.875870704650879
2025-05-14,6.810027599334717,7.239999771118164,7.309999942779541,7.199999809265137,7.300000190734863,26919100,2025-05-14,6.810027599334717
2025-05-15,6.734778881072998,7.159999847412109,7.28000020980835,7.150000095367432,7.25,15534200,2025-05-15,6.734778881072998
2025-05-16,6.753591060638428,7.179999828338623,7.239999771118164,7.110000133514404,7.199999809265137,19970300,2025-05-16,6.753591060638428
2025-05-19,6.678341865539551,7.099999904632568,7.159999847412109,7.079999923706055,7.150000095367432,12869200,2025-05-19,6.678341865539551
2025-05-20,6.62190580368042,7.039999961853027,7.130000114440918,7.019999980926514,7.130000114440918,11539200,2025-05-20,6.62190580368042
2025-05-21,6.584280967712402,7.0,7.039999961853027,6.980000019073486,7.039999961853027,12587900,2025-05-21,6.584280967712402
2025-05-22,6.4431891441345215,6.849999904632568,7.0,6.849999904632568,6.989999771118164,14279800,2025-05-22,6.4431891441345215
2025-05-23,6.5278449058532715,6.940000057220459,6.96999979019165,6.929999828338623,6.960000038146973,7221800,2025-05-23,6.5278449058532715
2025-05-26,6.546656608581543,6.960000038146973,6.980000019073486,6.900000095367432,6.96999979019165,6409700,2025-05-26,6.546656608581543
2025-05-27,6.490220069885254,6.900000095367432,6.980000019073486,6.849999904632568,6.96999979019165,19562900,2025-05-27,6.490220069885254
2025-05-28,6.462001800537109,6.869999885559082,6.940000057220459,6.869999885559082,6.929999828338623,8595600,2025-05-28,6.462001800537109
2025-05-29,6.471407890319824,6.880000114440918,6.920000076293945,6.840000152587891,6.889999866485596,8015100,2025-05-29,6.471407890319824
2025-05-30,6.518438339233398,6.929999828338623,7.0,6.860000133514404,6.880000114440918,32968300,2025-05-30,6.518438339233398
2025-06-03,6.4431891441345215,6.849999904632568,6.980000019073486,6.840000152587891,6.960000038146973,14994500,2025-06-03,6.4431891441345215
2025-06-04,6.462001800537109,6.869999885559082,6.889999866485596,6.840000152587891,6.869999885559082,18434000,2025-06-04,6.462001800537109
2025-06-05,6.462001800537109,6.869999885559082,6.949999809265137,6.829999923706055,6.900000095367432,15947100,2025-06-05,6.462001800537109
2025-06-06,6.433783531188965,6.840000152587891,6.860000133514404,6.809999942779541,6.860000133514404,13677900,2025-06-06,6.433783531188965
2025-06-09,6.480813980102539,6.889999866485596,6.889999866485596,6.829999923706055,6.829999923706055,13550300,2025-06-09,6.480813980102539
2025-06-10,6.4431891441345215,6.849999904632568,6.909999847412109,6.840000152587891,6.889999866485596,12924400,2025-06-10,6.4431891441345215
2025-06-11,6.490220069885254,6.900000095367432,7.019999980926514,6.880000114440918,6.880000114440918,26573700,2025-06-11,6.490220069885254
2025-06-12,6.480813980102539,6.889999866485596,6.909999847412109,6.849999904632568,6.900000095367432,12939600,2025-06-12,6.480813980102539
2025-06-13,6.414971351623535,6.820000171661377,6.880000114440918,6.820000171661377,6.880000114440918,12623100,2025-06-13,6.414971351623535
2025-06-16,6.349128246307373,6.75,6.820000171661377,6.710000038146973,6.809999942779541,11469000,2025-06-16,6.349128246307373
2025-06-17,6.2644734382629395,6.659999847412109,6.769999980926514,6.659999847412109,6.75,10266200,2025-06-17,6.2644734382629395
2025-06-18,6.255066871643066,6.650000095367432,6.659999847412109,6.610000133514404,6.650000095367432,10388000,2025-06-18,6.255066871643066
2025-06-19,6.1892242431640625,6.579999923706055,6.690000057220459,6.579999923706055,6.690000057220459,12968700,2025-06-19,6.1892242431640625
2025-06-20,6.255066871643066,6.650000095367432,6.710000038146973,6.579999923706055,6.590000152587891,24765600,2025-06-20,6.255066871643066
2025-06-23,6.3961591720581055,6.800000190734863,6.800000190734863,6.570000171661377,6.619999885559082,7677700,2025-06-23,6.3961591720581055
2025-06-24,6.367940425872803,6.769999980926514,6.820000171661377,6.739999771118164,6.800000190734863,6979800,2025-06-24,6.367940425872803
2025-06-25,6.367940425872803,6.769999980926514,6.880000114440918,6.75,6.769999980926514,16755500,2025-06-25,6.367940425872803
2025-06-26,6.3961591720581055,6.800000190734863,6.820000171661377,6.769999980926514,6.800000190734863,7031900,2025-06-26,6.3961591720581055
2025-06-30,6.386753082275391,6.789999961853027,6.849999904632568,6.75,6.840000152587891,16658700,2025-06-30,6.386753082275391
2025-07-01,6.349128246307373,6.75,6.789999961853027,6.730000019073486,6.78000020980835,9162500,2025-07-01,6.349128246307373
2025-07-02,6.377346992492676,6.78000020980835,6.809999942779541,6.71999979019165,6.739999771118164,14486700,2025-07-02,6.377346992492676
2025-07-03,6.386753082275391,6.789999961853027,6.849999904632568,6.769999980926514,6.789999961853027,9315200,2025-07-03,6.386753082275391
2025-07-04,6.367940425872803,6.769999980926514,6.820000171661377,6.75,6.800000190734863,17961900,2025-07-04,6.367940425872803
2025-07-07,6.349128246307373,6.75,6.78000020980835,6.730000019073486,6.769999980926514,9146900,2025-07-07,6.349128246307373
2025-07-08,6.217442989349365,6.610000133514404,6.739999771118164,6.610000133514404,6.71999979019165,16122100,2025-07-08,6.217442989349365
2025-07-09,6.179818630218506,6.570000171661377,6.699999809265137,6.53000020980835,6.599999904632568,16697100,2025-07-09,6.179818630218506
2025-07-10,6.302097797393799,6.699999809265137,6.699999809265137,6.579999923706055,6.579999923706055,16020800,2025-07-10,6.302097797393799
2025-07-11,6.283285140991211,6.679999828338623,6.769999980926514,6.579999923706055,6.699999809265137,15325000,2025-07-11,6.283285140991211
2025-07-14,6.292691230773926,6.690000057220459,6.710000038146973,6.650000095367432,6.679999828338623,6542600,2025-07-14,6.292691230773926
2025-07-15,6.236255168914795,6.630000114440918,6.690000057220459,6.630000114440918,6.679999828338623,8077100,2025-07-15,6.236255168914795
2025-07-16,6.113975524902344,6.5,6.630000114440918,6.480000019073486,6.619999885559082,18446900,2025-07-16,6.113975524902344
2025-07-17,6.113975524902344,6.5,6.53000020980835,6.449999809265137,6.449999809265137,18023000,2025-07-17,6.113975524902344
2025-07-18,6.123381614685059,6.510000228881836,6.590000152587891,6.489999771118164,6.519999980926514,19048700,2025-07-18,6.123381614685059
2025-07-21,6.132787704467773,6.519999980926514,6.539999961853027,6.5,6.519999980926514,9853900,2025-07-21,6.132787704467773
2025-07-22,6.161005973815918,6.550000190734863,6.590000152587891,6.53000020980835,6.550000190734863,14928300,2025-07-22,6.161005973815918
2025-07-23,6.273879528045654,6.670000076293945,6.690000057220459,6.559999942779541,6.559999942779541,7198100,2025-07-23,6.273879528045654
2025-07-24,6.302097797393799,6.699999809265137,6.71999979019165,6.659999847412109,6.679999828338623,12984600,2025-07-24,6.302097797393799
2025-07-25,6.349128246307373,6.75,6.760000228881836,6.679999828338623,6.699999809265137,11508600,2025-07-25,6.349128246307373
2025-07-28,6.349128246307373,6.75,6.840000152587891,6.71999979019165,6.760000228881836,16766400,2025-07-28,6.349128246307373
2025-07-29,6.245660781860352,6.639999866485596,6.75,6.639999866485596,6.730000019073486,13005300,2025-07-29,6.245660781860352
2025-07-30,6.161005973815918,6.550000190734863,6.679999828338623,6.53000020980835,6.650000095367432,15642400,2025-07-30,6.161005973815918
2025-07-31,6.161005973815918,6.550000190734863,6.579999923706055,6.53000020980835,6.550000190734863,24760700,2025-07-31,6.161005973815918
2025-08-01,6.386753082275391,6.789999961853027,6.800000190734863,6.570000171661377,6.570000171661377,16987600,2025-08-01,6.386753082275391
2025-08-04,6.349128246307373,6.75,6.800000190734863,6.679999828338623,6.789999961853027,8724400,2025-08-04,6.349128246307373
2025-08-05,6.349128246307373,6.75,6.769999980926514,6.730000019073486,6.75,40537500,2025-08-05,6.349128246307373
2025-08-06,6.40556526184082,6.809999942779541,6.820000171661377,6.690000057220459,6.739999771118164,23516900,2025-08-06,6.40556526184082
2025-08-07,6.377346992492676,6.78000020980835,6.809999942779541,6.730000019073486,6.809999942779541,24540200,2025-08-07,6.377346992492676
2025-08-08,6.452596187591553,6.860000133514404,6.869999885559082,6.769999980926514,6.789999961853027,22644300,2025-08-08,6.452596187591553
2025-08-11,6.5278449058532715,6.940000057220459,6.96999979019165,6.849999904632568,6.860000133514404,12408000,2025-08-11,6.5278449058532715
2025-08-12,6.593687057495117,7.010000228881836,7.03000020980835,6.940000057220459,6.940000057220459,18637600,2025-08-12,6.593687057495117
2025-08-13,6.762997627258301,7.190000057220459,7.25,7.010000228881836,7.010000228881836,24538200,2025-08-13,6.762997627258301
2025-08-14,6.772403717041016,7.199999809265137,7.289999961853027,7.139999866485596,7.179999828338623,30962800,2025-08-14,6.772403717041016
2025-08-15,6.81943416595459,7.25,7.269999980926514,7.139999866485596,7.199999809265137,11771100,2025-08-15,6.81943416595459
2025-08-18,6.894682884216309,7.329999923706055,7.360000133514404,7.199999809265137,7.260000228881836,23695100,2025-08-18,6.894682884216309
2025-08-19,6.951119899749756,7.389999866485596,7.409999847412109,7.28000020980835,7.329999923706055,13882100,2025-08-19,6.951119899749756
2025-08-20,6.922901630401611,7.360000133514404,7.389999866485596,7.340000152587891,7.389999866485596,18028500,2025-08-20,6.922901630401611
2025-08-21,7.007556438446045,7.449999809265137,7.46999979019165,7.360000133514404,7.360000133514404,32198900,2025-08-21,7.007556438446045
2025-08-22,7.01696252822876,7.460000038146973,7.480000019073486,7.429999828338623,7.440000057220459,17389800,2025-08-22,7.01696252822876
2025-08-25,7.054586887359619,7.5,7.510000228881836,7.449999809265137,7.480000019073486,26314200,2025-08-25,7.054586887359619
2025-08-26,6.960525989532471,7.400000095367432,7.5,7.300000190734863,7.5,38975200,2025-08-26,6.960525989532471
2025-08-27,7.01696252822876,7.460000038146973,7.46999979019165,7.349999904632568,7.400000095367432,10442600,2025-08-27,7.01696252822876
2025-08-28,7.007556438446045,7.449999809265137,7.5,7.400000095367432,7.440000057220459,17848700,2025-08-28,7.007556438446045
2025-08-29,6.988744258880615,7.429999828338623,7.46999979019165,7.389999866485596,7.460000038146973,33133100,2025-08-29,6.988744258880615
2025-09-02,6.810027599334717,7.239999771118164,7.349999904632568,7.070000171661377,7.349999904632568,55731100,2025-09-02,6.810027599334717
2025-09-03,6.80062198638916,7.230000019073486,7.28000020980835,7.179999828338623,7.230000019073486,16151700,2025-09-03,6.80062198638916
2025-09-04,6.866465091705322,7.300000190734863,7.320000171661377,7.210000038146973,7.230000019073486,18489000,2025-09-04,6.866465091705322
2025-09-08,6.838246822357178,7.269999980926514,7.300000190734863,7.21999979019165,7.269999980926514,13755600,2025-09-08,6.838246822357178
2025-09-09,6.734778881072998,7.159999847412109,7.28000020980835,7.130000114440918,7.28000020980835,24252800,2025-09-09,6.734778881072998
2025-09-10,6.7818098068237305,7.210000038146973,7.21999979019165,7.150000095367432,7.159999847412109,15698000,2025-09-10,6.7818098068237305
2025-09-11,6.810027599334717,7.239999771118164,7.25,7.179999828338623,7.210000038146973,15424100,2025-09-11,6.810027599334717
2025-09-12,6.932307243347168,7.369999885559082,7.369999885559082,7.239999771118164,7.25,8974200,2025-09-12,6.932307243347168
2025-09-17,7.073399543762207,7.519999980926514,7.550000190734863,7.449999809265137,7.5,30594200,2025-09-17,7.073399543762207
2025-09-18,7.070984840393066,7.320000171661377,7.389999866485596,7.28000020980835,7.349999904632568,20760900,2025-09-18,7.070984840393066
2025-09-19,6.98404598236084,7.230000019073486,7.329999923706055,7.230000019073486,7.320000171661377,28169200,2025-09-19,6.98404598236084
2025-09-22,7.061324596405029,7.309999942779541,7.320000171661377,7.199999809265137,7.230000019073486,5781400,2025-09-22,7.061324596405029
2025-09-23,7.0420050621032715,7.289999961853027,7.320000171661377,7.260000228881836,7.309999942779541,14964600,2025-09-23,7.0420050621032715
2025-09-24,7.0420050621032715,7.289999961853027,7.289999961853027,7.230000019073486,7.28000020980835,12896300,2025-09-24,7.0420050621032715
2025-09-25,6.993705749511719,7.239999771118164,7.289999961853027,7.230000019073486,7.289999961853027,14802500,2025-09-25,6.993705749511719
2025-09-26,7.003365516662598,7.25,7.28000020980835,7.199999809265137,7.239999771118164,8029900,2025-09-26,7.003365516662598
2025-09-29,7.119283199310303,7.369999885559082,7.369999885559082,7.25,7.260000228881836,10254000,2025-09-29,7.119283199310303
2025-09-30,7.090303897857666,7.340000152587891,7.360000133514404,7.309999942779541,7.349999904632568,21167500,2025-09-30,7.090303897857666
2025-10-01,7.196561813354492,7.449999809265137,7.46999979019165,7.340000152587891,7.349999904632568,13253600,2025-10-01,7.196561813354492
2025-10-02,7.341458797454834,7.599999904632568,7.619999885559082,7.420000076293945,7.449999809265137,22272600,2025-10-02,7.341458797454834
2025-10-03,7.418737411499023,7.679999828338623,7.679999828338623,7.53000020980835,7.599999904632568,11666900,2025-10-03,7.418737411499023
2025-10-06,7.409078121185303,7.670000076293945,7.690000057220459,7.619999885559082,7.679999828338623,7918600,2025-10-06,7.409078121185303
2025-10-07,7.409078121185303,7.670000076293945,7.679999828338623,7.579999923706055,7.650000095367432,7154300,2025-10-07,7.409078121185303
2025-10-08,7.399417877197266,7.659999847412109,7.670000076293945,7.590000152587891,7.670000076293945,9284500,2025-10-08,7.399417877197266
2025-10-09,7.3124799728393555,7.570000171661377,7.659999847412109,7.550000190734863,7.659999847412109,16613000,2025-10-09,7.3124799728393555
2025-10-10,7.244861125946045,7.5,7.570000171661377,7.46999979019165,7.570000171661377,12222500,2025-10-10,7.244861125946045
2025-10-13,7.177241802215576,7.429999828338623,7.460000038146973,7.349999904632568,7.389999866485596,15518000,2025-10-13,7.177241802215576
2025-10-14,7.099963665008545,7.349999904632568,7.449999809265137,7.300000190734863,7.420000076293945,22132200,2025-10-14,7.099963665008545
2025-10-15,7.090303897857666,7.340000152587891,7.400000095367432,7.320000171661377,7.349999904632568,18067100,2025-10-15,7.090303897857666
2025-10-16,7.090303897857666,7.340000152587891,7.380000114440918,7.320000171661377,7.329999923706055,8139700,2025-10-16,7.090303897857666
2025-10-17,7.090303897857666,7.340000152587891,7.349999904632568,7.300000190734863,7.340000152587891,8097200,2025-10-17,7.090303897857666
2025-10-21,7.099963665008545,7.349999904632568,7.349999904632568,7.309999942779541,7.340000152587891,6717400,2025-10-21,7.099963665008545
2025-10-22,6.955066204071045,7.199999809265137,7.360000133514404,7.199999809265137,7.349999904632568,6326400,2025-10-22,6.955066204071045
2025-10-23,7.080644130706787,7.329999923706055,7.349999904632568,7.210000038146973,7.21999979019165,11247500,2025-10-23,7.080644130706787
2025-10-24,7.119283199310303,7.369999885559082,7.369999885559082,7.300000190734863,7.329999923706055,11775100,2025-10-24,7.119283199310303
2025-10-27,7.196561813354492,7.449999809265137,7.5,7.400000095367432,7.400000095367432,11463500,2025-10-27,7.196561813354492
2025-10-28,7.1386027336120605,7.389999866485596,7.46999979019165,7.380000114440918,7.449999809265137,15992000,2025-10-28,7.1386027336120605
2025-10-29,7.12894344329834,7.380000114440918,7.440000057220459,7.369999885559082,7.389999866485596,5128400,2025-10-29,7.12894344329834
2025-10-30,7.061324596405029,7.309999942779541,7.400000095367432,7.309999942779541,7.380000114440918,11351500,2025-10-30,7.061324596405029
2025-10-31,7.05166482925415,7.300000190734863,7.369999885559082,7.300000190734863,7.309999942779541,12221800,2025-10-31,7.05166482925415
2025-11-03,7.1675825119018555,7.420000076293945,7.449999809265137,7.300000190734863,7.300000190734863,9279300,2025-11-03,7.1675825119018555
2025-11-04,7.2931599617004395,7.550000190734863,7.570000171661377,7.400000095367432,7.420000076293945,10563900,2025-11-04,7.2931599617004395
2025-11-05,7.244861125946045,7.5,7.519999980926514,7.460000038146973,7.519999980926514,11934600,2025-11-05,7.244861125946045
2025-11-06,7.244861125946045,7.5,7.519999980926514,7.480000019073486,7.489999771118164,10760900,2025-11-06,7.244861125946045
2025-11-07,7.27384090423584,7.53000020980835,7.539999961853027,7.460000038146973,7.480000019073486,11620200,2025-11-07,7.27384090423584
2025-11-10,7.322139739990234,7.579999923706055,7.639999866485596,7.519999980926514,7.519999980926514,8299100,2025-11-10,7.322139739990234
2025-11-11,7.389758586883545,7.650000095367432,7.710000038146973,7.579999923706055,7.579999923706055,14729600,2025-11-11,7.389758586883545
2025-11-12,7.331799507141113,7.590000152587891,7.679999828338623,7.519999980926514,7.650000095367432,16022600,2025-11-12,7.331799507141113
2025-11-13,7.3124799728393555,7.570000171661377,7.619999885559082,7.570000171661377,7.610000133514404,9483300,2025-11-13,7.3124799728393555
2025-11-14,7.27384090423584,7.53000020980835,7.619999885559082,7.53000020980835,7.570000171661377,12516500,2025-11-14,7.27384090423584
2025-11-17,7.351119518280029,7.610000133514404,7.610000133514404,7.53000020980835,7.539999961853027,10951800,2025-11-17,7.351119518280029
2025-11-18,7.196561813354492,7.449999809265137,7.630000114440918,7.449999809265137,7.610000133514404,10461100,2025-11-18,7.196561813354492
2025-11-19,7.3124799728393555,7.570000171661377,7.570000171661377,7.460000038146973,7.480000019073486,11656500,2025-11-19,7.3124799728393555
2025-11-20,7.27384090423584,7.53000020980835,7.599999904632568,7.519999980926514,7.579999923706055,10465500,2025-11-20,7.27384090423584
2025-11-21,7.206221580505371,7.460000038146973,7.539999961853027,7.460000038146973,7.519999980926514,8280700,2025-11-21,7.206221580505371
2025-11-24,7.21588134765625,7.46999979019165,7.539999961853027,7.420000076293945,7.46999979019165,24312500,2025-11-24,7.21588134765625
2025-11-25,7.21588134765625,7.46999979019165,7.53000020980835,7.449999809265137,7.480000019073486,4803900,2025-11-25,7.21588134765625
2025-11-26,7.341458797454834,7.599999904632568,7.599999904632568,7.460000038146973,7.5,7312300,2025-11-26,7.341458797454834
2025-11-27,7.225541591644287,7.480000019073486,7.599999904632568,7.480000019073486,7.599999904632568,8862200,2025-11-27,7.225541591644287
2025-11-28,7.389758586883545,7.650000095367432,7.679999828338623,7.489999771118164,7.5,21372700,2025-11-28,7.389758586883545
2025-12-01,7.6795525550842285,7.949999809265137,8.0,7.659999847412109,7.670000076293945,22154900,2025-12-01,7.6795525550842285
2025-12-02,7.727851867675781,8.0,8.050000190734863,7.900000095367432,7.949999809265137,12175100,2025-12-02,7.727851867675781
2025-12-03,7.6795525550842285,7.949999809265137,8.029999732971191,7.909999847412109,8.0,10666700,2025-12-03,7.6795525550842285
2025-12-04,7.650573253631592,7.920000076293945,7.980000019073486,7.880000114440918,7.940000057220459,6232200,2025-12-04,7.650573253631592
2025-12-05,7.640913486480713,7.909999847412109,7.96999979019165,7.809999942779541,7.929999828338623,10852000,2025-12-05,7.640913486480713
2025-12-08,7.631253719329834,7.900000095367432,7.929999828338623,7.809999942779541,7.929999828338623,8047100,2025-12-08,7.631253719329834
2025-12-09,7.582954406738281,7.849999904632568,7.949999809265137,7.809999942779541,7.900000095367432,8699300,2025-12-09,7.582954406738281
2025-12-10,7.5539751052856445,7.820000171661377,7.849999904632568,7.800000190734863,7.840000152587891,6257100,2025-12-10,7.5539751052856445
2025-12-11,7.6795525550842285,7.949999809265137,7.960000038146973,7.809999942779541,7.820000171661377,13127200,2025-12-11,7.6795525550842285
2025-12-12,7.699044227600098,7.900000095367432,7.96999979019165,7.829999923706055,7.880000114440918,8357900,2025-12-12,7.699044227600098
2025-12-15,7.728280544281006,7.929999828338623,7.929999828338623,7.860000133514404,7.900000095367432,8213100,2025-12-15,7.728280544281006
2025-12-16,7.777009010314941,7.980000019073486,7.980000019073486,7.860000133514404,7.949999809265137,6546300,2025-12-16,7.777009010314941
2025-12-17,7.718535423278809,7.920000076293945,7.960000038146973,7.880000114440918,7.949999809265137,19521900,2025-12-17,7.718535423278809
2025-12-18,7.679553031921387,7.880000114440918,7.920000076293945,7.849999904632568,7.920000076293945,14881800,2025-12-18,7.679553031921387
2025-12-19,7.942684173583984,8.149999618530273,8.170000076293945,7.869999885559082,7.869999885559082,22905300,2025-12-19,7.942684173583984
2025-12-22,7.942684173583984,8.149999618530273,8.15999984741211,8.079999923706055,8.140000343322754,8212600,2025-12-22,7.942684173583984
2025-12-23,7.971921920776367,8.180000305175781,8.199999809265137,8.119999885559082,8.140000343322754,8046700,2025-12-23,7.971921920776367
2025-12-24,7.9037017822265625,8.109999656677246,8.180000305175781,8.109999656677246,8.180000305175781,7753200,2025-12-24,7.9037017822265625
2025-12-26,7.942684173583984,8.149999618530273,8.199999809265137,8.100000381469727,8.109999656677246,6547300,2025-12-26,7.942684173583984
2025-12-29,8.020648956298828,8.229999542236328,8.229999542236328,8.100000381469727,8.149999618530273,12274300,2025-12-29,8.020648956298828
2025-12-30,8.020648956298828,8.229999542236328,8.229999542236328,8.149999618530273,8.199999809265137,14193400,2025-12-30,8.020648956298828
2025-12-31,8.040141105651855,8.25,8.25,8.119999885559082,8.229999542236328,14888600,2025-12-31,8.040141105651855
