calendar_date,article_count,sentiment_score_mean,sentiment_score_std,positive_ratio,negative_ratio,neutral_ratio,source_day_count,first_calendar_date,last_calendar_date
2023-01-02,1,0.9323654319159687,0.0,1.0,0.0,0.0,1,2023-01-02,2023-01-02
2023-01-03,3,0.10160306096076967,0.13702685202656717,0.6666666666666666,0.3333333333333333,0.0,1,2023-01-03,2023-01-03
2023-01-04,7,-0.29862784168549944,0.46242715799934425,0.2857142857142857,0.7142857142857143,0.0,1,2023-01-04,2023-01-04
2023-01-05,2,0.8097178535535932,0.05273178058458105,1.0,0.0,0.0,1,2023-01-05,2023-01-05
2023-01-06,1,-0.26668787002563477,0.0,0.0,0.0,1.0,1,2023-01-06,2023-01-06
2023-01-09,7,0.17912477960011788,0.6035689635917602,0.5714285714285714,0.14285714285714285,0.2857142857142857,1,2023-01-09,2023-01-09
2023-01-10,4,0.31868069525808107,0.4933456189250884,0.75,0.25,0.0,1,2023-01-10,2023-01-10
2023-01-11,3,0.04695372842252251,0.6008582014155467,0.3333333333333333,0.6666666666666666,0.0,1,2023-01-11,2023-01-11
2023-01-12,2,0.44120757561177015,0.6837067705508691,0.5,0.0,0.5,1,2023-01-12,2023-01-12
2023-01-13,2,0.5569728270638734,0.3520685054244911,0.5,0.0,0.5,1,2023-01-13,2023-01-13
2023-01-16,4,0.08392467326484622,0.5865070893391802,0.5,0.25,0.25,1,2023-01-16,2023-01-16
2023-01-17,4,0.517206214601174,0.5489811382942292,0.75,0.0,0.25,1,2023-01-17,2023-01-17
2023-01-18,3,0.325645354265968,1.090059875576003,0.6666666666666666,0.3333333333333333,0.0,1,2023-01-18,2023-01-18
2023-01-19,1,0.8600505255162717,0.0,1.0,0.0,0.0,1,2023-01-19,2023-01-19
2023-01-20,1,0.018804168328642804,0.0,0.0,0.0,1.0,1,2023-01-20,2023-01-20
2023-01-23,1,-0.0270997965708375,0.0,0.0,0.0,1.0,1,2023-01-23,2023-01-23
2023-01-25,2,0.329497292637825,0.5008900275162932,0.5,0.5,0.0,1,2023-01-25,2023-01-25
2023-01-26,1,0.9527888000011444,0.0,1.0,0.0,0.0,1,2023-01-26,2023-01-26
2023-01-27,3,0.7892002843630811,0.22361610119619785,1.0,0.0,0.0,1,2023-01-27,2023-01-27
2023-01-30,1,0.46666228771209717,0.0,1.0,0.0,0.0,1,2023-01-30,2023-01-30
2023-01-31,1,0.5693106986582279,0.0,1.0,0.0,0.0,1,2023-01-31,2023-01-31
2023-02-01,1,0.1271008923649788,0.0,0.0,0.0,1.0,1,2023-02-01,2023-02-01
2023-02-02,2,0.11648560874164104,0.9572125417901398,0.5,0.5,0.0,1,2023-02-02,2023-02-02
2023-02-03,1,0.4616175666451454,0.0,1.0,0.0,0.0,1,2023-02-03,2023-02-03
2023-02-04,1,0.6087041841819884,0.0,1.0,0.0,0.0,1,2023-02-04,2023-02-04
2023-02-06,1,0.8142398037016392,0.0,1.0,0.0,0.0,1,2023-02-06,2023-02-06
2023-02-08,1,-0.2525762617588043,0.0,0.0,1.0,0.0,1,2023-02-08,2023-02-08
2023-02-10,1,0.9243208412081003,0.0,1.0,0.0,0.0,1,2023-02-10,2023-02-10
2023-02-13,2,0.9185745432041585,0.03817824659591381,1.0,0.0,0.0,1,2023-02-13,2023-02-13
2023-02-14,4,-0.09134668030310422,0.5672250328144568,0.25,0.25,0.5,1,2023-02-14,2023-02-14
2023-02-15,2,0.7161819618195295,0.3044498860001148,1.0,0.0,0.0,1,2023-02-15,2023-02-15
2023-02-16,2,0.5044774594716728,0.4004122192306488,1.0,0.0,0.0,1,2023-02-16,2023-02-16
2023-02-17,2,0.7750234988052398,0.26731051937805156,1.0,0.0,0.0,1,2023-02-17,2023-02-17
2023-02-20,2,-0.584265448153019,0.20674629721165724,0.0,1.0,0.0,1,2023-02-20,2023-02-20
2023-02-21,1,0.26697058975696564,0.0,1.0,0.0,0.0,1,2023-02-21,2023-02-21
2023-02-22,1,-0.1719349324703216,0.0,0.0,1.0,0.0,1,2023-02-22,2023-02-22
2023-02-23,1,0.8854571189731361,0.0,1.0,0.0,0.0,1,2023-02-23,2023-02-23
2023-02-24,1,-0.29370933771133423,0.0,0.0,1.0,0.0,1,2023-02-24,2023-02-24
2023-02-25,1,-0.2979181408882141,0.0,0.0,1.0,0.0,1,2023-02-25,2023-02-25
2023-02-27,6,0.3617067763116211,0.7469732020982123,0.6666666666666666,0.3333333333333333,0.0,1,2023-02-27,2023-02-27
2023-02-28,3,-0.08273078656444949,0.1602307460237984,0.3333333333333333,0.3333333333333333,0.3333333333333333,1,2023-02-28,2023-02-28
2023-03-03,4,-0.25814987905323505,0.5491861528132832,0.25,0.75,0.0,1,2023-03-03,2023-03-03
2023-03-06,6,-0.008985938814779104,0.6382003510958209,0.3333333333333333,0.5,0.16666666666666666,1,2023-03-06,2023-03-06
2023-03-07,3,0.2977722771465778,1.0980425512785383,0.6666666666666666,0.3333333333333333,0.0,1,2023-03-07,2023-03-07
2023-03-08,2,0.5868779942393303,0.08362529015125392,1.0,0.0,0.0,1,2023-03-08,2023-03-08
2023-03-09,2,-0.0536182895302772,0.6247819215093853,0.0,0.5,0.5,1,2023-03-09,2023-03-09
2023-03-13,2,0.6241161646321416,0.40885542561148486,1.0,0.0,0.0,1,2023-03-13,2023-03-13
2023-03-14,3,0.29907732922583824,0.9869185676936058,0.6666666666666666,0.3333333333333333,0.0,1,2023-03-14,2023-03-14
2023-03-15,1,0.1431457400321961,0.0,1.0,0.0,0.0,1,2023-03-15,2023-03-15
2023-03-16,2,0.36280703730881214,0.07917378479255965,0.5,0.0,0.5,1,2023-03-16,2023-03-16
2023-03-17,1,0.5306298136711122,0.0,1.0,0.0,0.0,1,2023-03-17,2023-03-17
2023-03-20,3,-0.0210647111137708,0.6408287538760292,0.3333333333333333,0.6666666666666666,0.0,1,2023-03-20,2023-03-20
2023-03-21,3,0.27952602272853255,0.934918902046445,0.6666666666666666,0.3333333333333333,0.0,1,2023-03-21,2023-03-21
2023-03-23,5,0.4128840550780296,0.5375436462742411,0.6,0.2,0.2,1,2023-03-23,2023-03-23
2023-03-24,3,0.23148312217866376,1.0173472234148442,0.6666666666666666,0.3333333333333333,0.0,1,2023-03-24,2023-03-24
2023-03-27,5,0.3946581253781915,0.789246214072553,0.6,0.4,0.0,1,2023-03-27,2023-03-27
2023-03-28,3,-0.013672048846880594,0.8397251936208546,0.3333333333333333,0.3333333333333333,0.3333333333333333,1,2023-03-28,2023-03-28
2023-03-29,1,0.5790599621832371,0.0,1.0,0.0,0.0,1,2023-03-29,2023-03-29
2023-03-30,2,-0.02334177959710365,1.0675975575326937,0.5,0.5,0.0,1,2023-03-30,2023-03-30
2023-03-31,3,0.8367838353539506,0.047104080931345216,1.0,0.0,0.0,1,2023-03-31,2023-03-31
2023-04-03,3,0.5452302110691866,0.2868627829027987,1.0,0.0,0.0,1,2023-04-03,2023-04-03
2023-04-04,3,-0.06775462130705516,0.526007948927226,0.3333333333333333,0.3333333333333333,0.3333333333333333,1,2023-04-04,2023-04-04
2023-04-05,2,-0.1468483437784016,1.118055313466948,0.5,0.5,0.0,1,2023-04-05,2023-04-05
2023-04-06,1,0.49075597524642955,0.0,1.0,0.0,0.0,1,2023-04-06,2023-04-06
2023-04-07,3,0.30176793038845057,0.19587070207764318,0.3333333333333333,0.0,0.6666666666666666,1,2023-04-07,2023-04-07
2023-04-10,1,0.6990326605737209,0.0,1.0,0.0,0.0,1,2023-04-10,2023-04-10
2023-04-11,3,0.3634195279640456,0.9997720258859067,0.6666666666666666,0.3333333333333333,0.0,1,2023-04-11,2023-04-11
2023-04-13,4,0.22981461358722302,0.8071188319494712,0.5,0.25,0.25,1,2023-04-13,2023-04-13
2023-04-17,3,0.16140914025406047,0.9634793845653448,0.6666666666666666,0.3333333333333333,0.0,1,2023-04-17,2023-04-17
2023-04-18,2,0.5099679043050855,0.6689180983065433,0.5,0.0,0.5,1,2023-04-18,2023-04-18
2023-04-19,2,-0.37066396512091165,0.6926619735546931,0.0,0.5,0.5,1,2023-04-19,2023-04-19
2023-04-20,10,0.15395458135753867,0.6082487960842059,0.4,0.3,0.3,1,2023-04-20,2023-04-20
2023-04-21,1,-0.0071701351553202,0.0,0.0,0.0,1.0,1,2023-04-21,2023-04-21
2023-04-24,2,-0.06120411399751896,1.1104643268997145,0.5,0.5,0.0,1,2023-04-24,2023-04-24
2023-04-25,5,0.05933027248829601,0.6734211316251645,0.4,0.2,0.4,1,2023-04-25,2023-04-25
2023-04-26,2,0.38199691241607076,0.31591256373107823,1.0,0.0,0.0,1,2023-04-26,2023-04-26
2023-04-27,1,0.4920647591352463,0.0,1.0,0.0,0.0,1,2023-04-27,2023-04-27
2023-04-28,4,0.02768072858452794,0.7570618918251818,0.25,0.25,0.5,1,2023-04-28,2023-04-28
2023-05-01,1,0.9681722028180958,0.0,1.0,0.0,0.0,1,2023-05-01,2023-05-01
2023-05-02,7,0.5084387851612908,0.6565787913963237,0.8571428571428571,0.14285714285714285,0.0,1,2023-05-02,2023-05-02
2023-05-03,7,0.30476927398038767,0.7738038812110137,0.7142857142857143,0.2857142857142857,0.0,1,2023-05-03,2023-05-03
2023-05-04,1,-0.4380113184452057,0.0,0.0,1.0,0.0,1,2023-05-04,2023-05-04
2023-05-05,3,0.67682569163541,0.2581794289645005,1.0,0.0,0.0,1,2023-05-05,2023-05-05
2023-05-08,4,0.05050950607983387,1.046751154866093,0.5,0.5,0.0,1,2023-05-08,2023-05-08
2023-05-09,5,0.18346844892948866,0.4927439693192525,0.6,0.2,0.2,1,2023-05-09,2023-05-09
2023-05-10,2,0.21005481481552124,0.10548058059342641,1.0,0.0,0.0,1,2023-05-10,2023-05-10
2023-05-11,1,0.615551789291203,0.0,1.0,0.0,0.0,1,2023-05-11,2023-05-11
2023-05-12,3,0.9537547716560463,0.02601903856080796,1.0,0.0,0.0,1,2023-05-12,2023-05-12
2023-05-13,1,0.24727177619934082,0.0,1.0,0.0,0.0,1,2023-05-13,2023-05-13
2023-05-15,2,-0.02520589204505086,1.148029837343621,0.5,0.5,0.0,1,2023-05-15,2023-05-15
2023-05-16,3,0.6184264550295969,0.09581922749442022,1.0,0.0,0.0,1,2023-05-16,2023-05-16
2023-05-17,2,0.8157804887741805,0.17909442161905795,1.0,0.0,0.0,1,2023-05-17,2023-05-17
2023-05-18,2,0.8508440458681434,0.12695902256290068,1.0,0.0,0.0,1,2023-05-18,2023-05-18
2023-05-19,5,-0.40237737437710175,0.8327317166665135,0.2,0.8,0.0,1,2023-05-19,2023-05-19
2023-05-20,1,-0.0937857031822204,0.0,0.0,1.0,0.0,1,2023-05-20,2023-05-20
2023-05-22,2,0.7999646407552063,0.1763729344148031,1.0,0.0,0.0,1,2023-05-22,2023-05-22
2023-05-23,4,0.7522697462700307,0.1869774088333443,1.0,0.0,0.0,1,2023-05-23,2023-05-23
2023-05-24,1,-0.6903232559561729,0.0,0.0,1.0,0.0,1,2023-05-24,2023-05-24
2023-05-25,2,-0.30579614080488693,0.8612903554084461,0.5,0.5,0.0,1,2023-05-25,2023-05-25
2023-05-26,4,0.7862536263419316,0.28852767708809474,1.0,0.0,0.0,1,2023-05-26,2023-05-26
2023-05-27,1,0.0027077966369689005,0.0,0.0,0.0,1.0,1,2023-05-27,2023-05-27
2023-05-29,4,0.5123568048002198,0.6997024689294743,0.75,0.25,0.0,1,2023-05-29,2023-05-29
2023-05-30,6,0.5722917138288418,0.5861842839764975,0.6666666666666666,0.16666666666666666,0.16666666666666666,1,2023-05-30,2023-05-30
2023-05-31,3,0.18808523627618956,0.8422569909756945,0.6666666666666666,0.3333333333333333,0.0,1,2023-05-31,2023-05-31
2023-06-02,1,-0.6590907722711563,0.0,0.0,1.0,0.0,1,2023-06-02,2023-06-02
2023-06-05,1,0.13827350735664368,0.0,0.0,0.0,1.0,1,2023-06-05,2023-06-05
2023-06-06,4,0.12187745515257123,0.6505407905515815,0.5,0.25,0.25,1,2023-06-06,2023-06-06
2023-06-07,2,0.6661035309080034,0.27235319355611665,1.0,0.0,0.0,1,2023-06-07,2023-06-07
2023-06-08,3,0.3334192006538312,0.5329657110651828,0.6666666666666666,0.0,0.3333333333333333,1,2023-06-08,2023-06-08
2023-06-09,2,0.2473633158951997,0.8918669773091444,0.5,0.5,0.0,1,2023-06-09,2023-06-09
2023-06-12,3,0.3061892800033093,0.8905843370949468,0.6666666666666666,0.3333333333333333,0.0,1,2023-06-12,2023-06-12
2023-06-13,1,-0.7629643715918064,0.0,0.0,1.0,0.0,1,2023-06-13,2023-06-13
2023-06-16,2,0.5806152261793613,0.44718007784678,0.5,0.0,0.5,1,2023-06-16,2023-06-16
2023-06-19,5,-0.20633826721459636,0.7787665080057169,0.4,0.6,0.0,1,2023-06-19,2023-06-19
2023-06-20,4,-0.211852066218853,0.7432417786872416,0.25,0.5,0.25,1,2023-06-20,2023-06-20
2023-06-21,3,0.6154076019302012,0.369041274184913,1.0,0.0,0.0,1,2023-06-21,2023-06-21
2023-06-22,3,0.43986209326734144,0.3906620979074533,0.6666666666666666,0.0,0.3333333333333333,1,2023-06-22,2023-06-22
2023-06-23,3,-0.16475277269879976,0.5458558651299519,0.3333333333333333,0.3333333333333333,0.3333333333333333,1,2023-06-23,2023-06-23
2023-06-24,1,0.8941523367539048,0.0,1.0,0.0,0.0,1,2023-06-24,2023-06-24
2023-06-26,6,0.5051915833416084,0.6831866670329686,0.8333333333333334,0.16666666666666666,0.0,1,2023-06-26,2023-06-26
2023-06-27,2,0.12897999747656286,1.201737187408689,0.5,0.5,0.0,1,2023-06-27,2023-06-27
2023-06-28,4,0.5524948469828814,0.6971892477666304,0.75,0.25,0.0,1,2023-06-28,2023-06-28
2023-06-30,3,0.2730091735720635,0.5110160558015914,0.3333333333333333,0.3333333333333333,0.3333333333333333,1,2023-06-30,2023-06-30
2023-07-03,7,-0.12964468981538496,0.6282566366996183,0.14285714285714285,0.5714285714285714,0.2857142857142857,1,2023-07-03,2023-07-03
2023-07-04,2,-0.6871289270929992,0.33987022063649314,0.0,1.0,0.0,1,2023-07-04,2023-07-04
2023-07-05,3,0.10660760756582015,0.9029882258574081,0.6666666666666666,0.3333333333333333,0.0,1,2023-07-05,2023-07-05
2023-07-06,5,0.46638552052900195,0.4046543428457349,0.6,0.2,0.2,1,2023-07-06,2023-07-06
2023-07-07,3,-0.04887290097152197,0.7402670709418689,0.3333333333333333,0.3333333333333333,0.3333333333333333,1,2023-07-07,2023-07-07
2023-07-10,3,0.17501776044567433,0.7474795859375486,0.3333333333333333,0.3333333333333333,0.3333333333333333,1,2023-07-10,2023-07-10
2023-07-11,3,0.6961975134909153,0.29439848392532875,0.6666666666666666,0.0,0.3333333333333333,1,2023-07-11,2023-07-11
2023-07-12,2,0.9144285607617351,0.07157113178009496,1.0,0.0,0.0,1,2023-07-12,2023-07-12
2023-07-13,4,0.34090329811442643,0.7356943750694309,0.75,0.25,0.0,1,2023-07-13,2023-07-13
2023-07-14,2,0.702710947021842,0.25349095332913874,1.0,0.0,0.0,1,2023-07-14,2023-07-14
2023-07-17,7,0.5208406071843845,0.6869263010807611,0.8571428571428571,0.14285714285714285,0.0,1,2023-07-17,2023-07-17
2023-07-18,1,0.9374179164879024,0.0,1.0,0.0,0.0,1,2023-07-18,2023-07-18
2023-07-19,1,0.6420196667313576,0.0,1.0,0.0,0.0,1,2023-07-19,2023-07-19
2023-07-20,6,0.2677062377333641,0.7533825473824417,0.6666666666666666,0.3333333333333333,0.0,1,2023-07-20,2023-07-20
2023-07-24,5,0.6084099990781396,0.22805110816003774,1.0,0.0,0.0,1,2023-07-24,2023-07-24
2023-07-25,4,0.34711268928367645,0.6993705371178349,0.5,0.5,0.0,1,2023-07-25,2023-07-25
2023-07-26,1,0.6381892412900926,0.0,1.0,0.0,0.0,1,2023-07-26,2023-07-26
2023-07-27,5,0.41407658010721204,0.7690332752354915,0.8,0.2,0.0,1,2023-07-27,2023-07-27
2023-07-28,2,0.34499839995987713,0.49282732913998645,0.5,0.0,0.5,1,2023-07-28,2023-07-28
2023-07-30,1,0.779696447774768,0.0,1.0,0.0,0.0,1,2023-07-30,2023-07-30
2023-07-31,7,0.8233427708037198,0.18165727249272162,1.0,0.0,0.0,1,2023-07-31,2023-07-31
2023-08-01,6,0.5459142612914244,0.18339193203611057,0.8333333333333334,0.0,0.16666666666666666,1,2023-08-01,2023-08-01
2023-08-02,2,0.5174522586166859,0.22416427788054985,1.0,0.0,0.0,1,2023-08-02,2023-08-02
2023-08-04,1,0.9075315096415579,0.0,1.0,0.0,0.0,1,2023-08-04,2023-08-04
2023-08-07,4,-0.19638094771653414,0.6178927449725499,0.25,0.5,0.25,1,2023-08-07,2023-08-07
2023-08-08,4,0.5046875157859178,0.8360456846061949,0.75,0.25,0.0,1,2023-08-08,2023-08-08
2023-08-09,5,-0.0470302667468786,0.5752141696673149,0.2,0.4,0.4,1,2023-08-09,2023-08-09
2023-08-10,3,0.5358176132043203,0.3858792032686748,0.6666666666666666,0.0,0.3333333333333333,1,2023-08-10,2023-08-10
2023-08-11,5,0.254421910084784,0.6574150207659141,0.6,0.4,0.0,1,2023-08-11,2023-08-11
2023-08-14,6,0.6989470125796894,0.14566992306630933,1.0,0.0,0.0,1,2023-08-14,2023-08-14
2023-08-15,3,0.45585545354212326,0.4985057518264015,0.6666666666666666,0.0,0.3333333333333333,1,2023-08-15,2023-08-15
2023-08-17,1,0.8634266667068006,0.0,1.0,0.0,0.0,1,2023-08-17,2023-08-17
2023-08-18,3,0.8813158133998513,0.10910165932357906,1.0,0.0,0.0,1,2023-08-18,2023-08-18
2023-08-19,1,0.6581281907856464,0.0,1.0,0.0,0.0,1,2023-08-19,2023-08-19
2023-08-21,3,0.8384811743162572,0.14866340010108248,1.0,0.0,0.0,1,2023-08-21,2023-08-21
2023-08-22,4,0.15156559122260665,0.6681425705983515,0.5,0.25,0.25,1,2023-08-22,2023-08-22
2023-08-23,3,-0.046244035164515196,0.3568182750182631,0.3333333333333333,0.6666666666666666,0.0,1,2023-08-23,2023-08-23
2023-08-24,3,0.6628760816529393,0.07952575102028284,1.0,0.0,0.0,1,2023-08-24,2023-08-24
2023-08-25,1,0.056654661893844604,0.0,0.0,0.0,1.0,1,2023-08-25,2023-08-25
2023-08-28,3,0.7411948449444026,0.1425958929413706,1.0,0.0,0.0,1,2023-08-28,2023-08-28
2023-08-29,7,0.6363154409586319,0.6943727353019331,0.8571428571428571,0.14285714285714285,0.0,1,2023-08-29,2023-08-29
2023-08-30,3,0.046326524112373535,0.8402562603050506,0.3333333333333333,0.3333333333333333,0.3333333333333333,1,2023-08-30,2023-08-30
2023-09-01,1,-0.9451256655156614,0.0,0.0,1.0,0.0,1,2023-09-01,2023-09-01
2023-09-04,4,0.47445260343374684,0.9210337186075892,0.75,0.25,0.0,1,2023-09-04,2023-09-04
2023-09-05,3,0.25771850378563005,0.9814450485367897,0.6666666666666666,0.3333333333333333,0.0,1,2023-09-05,2023-09-05
2023-09-06,1,0.4836220443248749,0.0,1.0,0.0,0.0,1,2023-09-06,2023-09-06
2023-09-07,2,0.9028335942421108,0.030288667716954785,1.0,0.0,0.0,1,2023-09-07,2023-09-07
2023-09-12,3,0.47784790707131225,0.6905729242097973,0.6666666666666666,0.3333333333333333,0.0,1,2023-09-12,2023-09-12
2023-09-13,5,0.30987436659634116,0.351913067939022,0.6,0.0,0.4,1,2023-09-13,2023-09-13
2023-09-14,5,0.33384488672018053,0.7778329954424772,0.8,0.2,0.0,1,2023-09-14,2023-09-14
2023-09-15,4,0.7954782793531194,0.28370063589997957,1.0,0.0,0.0,1,2023-09-15,2023-09-15
2023-09-18,6,0.776224784553051,0.20692100004767774,1.0,0.0,0.0,1,2023-09-18,2023-09-18
2023-09-19,2,0.061185755999758895,1.2462898142525327,0.5,0.5,0.0,1,2023-09-19,2023-09-19
2023-09-20,2,-0.2805354818701744,0.29697722078317496,0.0,0.5,0.5,1,2023-09-20,2023-09-20
2023-09-21,5,0.383689408749342,0.5987443924178045,0.6,0.2,0.2,1,2023-09-21,2023-09-21
2023-09-22,1,0.8078570300713181,0.0,1.0,0.0,0.0,1,2023-09-22,2023-09-22
2023-09-25,3,0.5141873057000339,0.7568829070461757,0.6666666666666666,0.3333333333333333,0.0,1,2023-09-25,2023-09-25
2023-09-26,1,0.1881709992885589,0.0,1.0,0.0,0.0,1,2023-09-26,2023-09-26
2023-09-29,1,0.537943571805954,0.0,1.0,0.0,0.0,1,2023-09-29,2023-09-29
2023-09-30,1,0.4539390206336976,0.0,1.0,0.0,0.0,1,2023-09-30,2023-09-30
2023-10-02,7,0.4419054508408798,0.6484330393977678,0.8571428571428571,0.14285714285714285,0.0,1,2023-10-02,2023-10-02
2023-10-03,1,0.7616908401250839,0.0,1.0,0.0,0.0,1,2023-10-03,2023-10-03
2023-10-04,1,0.52922572940588,0.0,1.0,0.0,0.0,1,2023-10-04,2023-10-04
2023-10-05,2,0.47440086118876934,0.47329424937906184,1.0,0.0,0.0,1,2023-10-05,2023-10-05
2023-10-06,1,-0.8238018304109573,0.0,0.0,1.0,0.0,1,2023-10-06,2023-10-06
2023-10-09,3,0.4107208885252476,0.7802490395646632,0.6666666666666666,0.3333333333333333,0.0,1,2023-10-09,2023-10-09
2023-10-10,3,0.2108095407796402,0.9739318876348354,0.6666666666666666,0.3333333333333333,0.0,1,2023-10-10,2023-10-10
2023-10-11,5,-0.2747677654027939,0.6083466827645826,0.6,0.4,0.0,1,2023-10-11,2023-10-11
2023-10-12,2,0.6620150455273688,0.335423494993838,1.0,0.0,0.0,1,2023-10-12,2023-10-12
2023-10-13,3,-0.1174647140627106,0.8976028644943733,0.3333333333333333,0.6666666666666666,0.0,1,2023-10-13,2023-10-13
2023-10-16,2,-0.4864016897045077,0.6368096910142925,0.0,1.0,0.0,1,2023-10-16,2023-10-16
2023-10-17,3,-0.2946586723749836,1.0316711095117956,0.3333333333333333,0.6666666666666666,0.0,1,2023-10-17,2023-10-17
2023-10-18,4,-0.33500230871140957,0.5535847167836472,0.25,0.75,0.0,1,2023-10-18,2023-10-18
2023-10-19,3,0.2968937320013841,0.49187074549900206,0.6666666666666666,0.3333333333333333,0.0,1,2023-10-19,2023-10-19
2023-10-20,5,-0.08739455137401823,0.6706719420430015,0.4,0.4,0.2,1,2023-10-20,2023-10-20
2023-10-23,5,0.4222248332574964,0.41472025602504303,0.6,0.2,0.2,1,2023-10-23,2023-10-23
2023-10-24,1,0.6733177755959333,0.0,1.0,0.0,0.0,1,2023-10-24,2023-10-24
2023-10-25,2,0.6452503714244813,0.42315843511060836,1.0,0.0,0.0,1,2023-10-25,2023-10-25
2023-10-26,3,0.8115638204229375,0.20406255928643377,1.0,0.0,0.0,1,2023-10-26,2023-10-26
2023-10-30,2,0.4434772353852168,0.7604120811037772,0.5,0.5,0.0,1,2023-10-30,2023-10-30
2023-10-31,2,0.8069743423257025,0.19977476362114027,1.0,0.0,0.0,1,2023-10-31,2023-10-31
2023-11-01,4,0.7175047770724633,0.39476757088515896,0.75,0.0,0.25,1,2023-11-01,2023-11-01
2023-11-02,3,0.02165810515483217,0.6635697709549921,0.6666666666666666,0.3333333333333333,0.0,1,2023-11-02,2023-11-02
2023-11-03,4,0.4070102989207953,0.7637524577252649,0.75,0.25,0.0,1,2023-11-03,2023-11-03
2023-11-06,4,0.3906417356338352,0.8292671240801905,0.75,0.25,0.0,1,2023-11-06,2023-11-06
2023-11-07,1,-0.8331558741629125,0.0,0.0,1.0,0.0,1,2023-11-07,2023-11-07
2023-11-09,5,0.04870041068643338,0.8580600420858232,0.4,0.6,0.0,1,2023-11-09,2023-11-09
2023-11-10,1,-0.9138226965442302,0.0,0.0,1.0,0.0,1,2023-11-10,2023-11-10
2023-11-13,6,0.7841205389704555,0.3023347595965127,1.0,0.0,0.0,1,2023-11-13,2023-11-13
2023-11-14,2,-0.13588210940361023,0.6375412160831944,0.5,0.5,0.0,1,2023-11-14,2023-11-14
2023-11-15,1,0.931505646556616,0.0,1.0,0.0,0.0,1,2023-11-15,2023-11-15
2023-11-17,4,0.8329672201653011,0.1311510558984028,1.0,0.0,0.0,1,2023-11-17,2023-11-17
2023-11-20,4,0.030762858688831322,0.7240389451569411,0.25,0.25,0.5,1,2023-11-20,2023-11-20
2023-11-21,4,0.5245221172226593,0.7535869983086231,0.75,0.25,0.0,1,2023-11-21,2023-11-21
2023-11-22,2,0.3876125074457377,0.8346176258515563,0.5,0.5,0.0,1,2023-11-22,2023-11-22
2023-11-23,2,0.5900967018678784,0.4174258186687812,0.5,0.0,0.5,1,2023-11-23,2023-11-23
2023-11-24,2,0.5272204354405403,0.02443192748917395,1.0,0.0,0.0,1,2023-11-24,2023-11-24
2023-11-27,9,-0.13228241597405738,0.7119936750985412,0.3333333333333333,0.5555555555555556,0.1111111111111111,1,2023-11-27,2023-11-27
2023-11-28,5,-0.03880044063553216,0.7344293899078177,0.6,0.4,0.0,1,2023-11-28,2023-11-28
2023-11-29,2,0.49323412752710283,0.6885114227068748,1.0,0.0,0.0,1,2023-11-29,2023-11-29
2023-11-30,2,0.8531309545505792,0.14137427603432598,1.0,0.0,0.0,1,2023-11-30,2023-11-30
2023-12-01,3,0.6792049539896351,0.43588396268354146,0.6666666666666666,0.0,0.3333333333333333,1,2023-12-01,2023-12-01
2023-12-04,8,0.040179617470130324,0.5469682687533368,0.625,0.25,0.125,1,2023-12-04,2023-12-04
2023-12-05,8,-0.37844612798653543,0.36928742265238035,0.0,0.75,0.25,1,2023-12-05,2023-12-05
2023-12-06,3,0.4553455710411072,0.36813939697118064,1.0,0.0,0.0,1,2023-12-06,2023-12-06
2023-12-07,4,-0.07328006811439994,0.3214813931414447,0.25,0.5,0.25,1,2023-12-07,2023-12-07
2023-12-08,3,0.35013859656949836,0.779024582581955,0.6666666666666666,0.3333333333333333,0.0,1,2023-12-08,2023-12-08
2023-12-11,5,0.6659475528635085,0.2989005227271073,1.0,0.0,0.0,1,2023-12-11,2023-12-11
2023-12-12,3,0.11577838861073057,0.7833844082751988,0.6666666666666666,0.3333333333333333,0.0,1,2023-12-12,2023-12-12
2023-12-13,3,-0.5263418840865294,0.5188082628325462,0.3333333333333333,0.6666666666666666,0.0,1,2023-12-13,2023-12-13
2023-12-14,5,0.15762987881898882,0.39497143413805214,0.2,0.2,0.6,1,2023-12-14,2023-12-14
2023-12-15,3,-0.4760438371449709,0.4932677123783408,0.3333333333333333,0.6666666666666666,0.0,1,2023-12-15,2023-12-15
2023-12-18,6,0.4046105539115767,0.6699174005018641,0.8333333333333334,0.16666666666666666,0.0,1,2023-12-18,2023-12-18
2023-12-19,5,0.2940494212321938,0.6097565175754667,0.6,0.4,0.0,1,2023-12-19,2023-12-19
2023-12-20,6,0.1691361221795281,0.6925124726538802,0.6666666666666666,0.3333333333333333,0.0,1,2023-12-20,2023-12-20
2023-12-21,3,0.32710393394033116,0.5011658739559223,0.6666666666666666,0.3333333333333333,0.0,1,2023-12-21,2023-12-21
2023-12-22,3,0.41934312755862874,0.622896874375767,0.6666666666666666,0.3333333333333333,0.0,1,2023-12-22,2023-12-22
2023-12-25,1,0.8388050347566606,0.0,1.0,0.0,0.0,1,2023-12-25,2023-12-25
2023-12-26,6,0.11857856142645079,0.5883753781956951,0.3333333333333333,0.3333333333333333,0.3333333333333333,1,2023-12-26,2023-12-26
2023-12-27,3,0.34020578349009156,0.6220163098599149,0.6666666666666666,0.3333333333333333,0.0,1,2023-12-27,2023-12-27
2023-12-28,2,-0.2694806307554245,0.02478068212388951,0.0,1.0,0.0,1,2023-12-28,2023-12-28
2023-12-29,4,0.022728063515387448,0.7677362949948693,0.5,0.5,0.0,1,2023-12-29,2023-12-29
2024-01-02,2,-0.38443623483181,0.12291879701796024,0.0,1.0,0.0,1,2024-01-02,2024-01-02
2024-01-03,4,-0.07817212678492065,0.5328499872520056,0.5,0.5,0.0,1,2024-01-03,2024-01-03
2024-01-04,8,0.4917896041297354,0.5099125383854873,0.625,0.25,0.125,1,2024-01-04,2024-01-04
2024-01-05,6,0.3104250852484256,0.37002685123545104,0.6666666666666666,0.16666666666666666,0.16666666666666666,1,2024-01-05,2024-01-05
2024-01-08,10,0.5329605083679781,0.3942828923605862,0.8,0.1,0.1,1,2024-01-08,2024-01-08
2024-01-09,6,0.437767759586374,0.6342910142182094,0.6666666666666666,0.16666666666666666,0.16666666666666666,1,2024-01-09,2024-01-09
2024-01-10,4,0.5631120863836259,0.4716713929246319,0.75,0.0,0.25,1,2024-01-10,2024-01-10
2024-01-11,7,-0.4541189279407263,0.5264222157862914,0.2857142857142857,0.7142857142857143,0.0,1,2024-01-11,2024-01-11
2024-01-12,2,-0.12141522765159612,0.22193514686787685,0.5,0.0,0.5,1,2024-01-12,2024-01-12
2024-01-15,5,0.4755296092480421,0.6461464043447703,0.8,0.2,0.0,1,2024-01-15,2024-01-15
2024-01-17,2,-0.10051771625876432,1.1470014259225414,0.5,0.5,0.0,1,2024-01-17,2024-01-17
2024-01-18,5,0.685365956928581,0.32512598314919716,1.0,0.0,0.0,1,2024-01-18,2024-01-18
2024-01-19,3,0.42924395234634477,0.8167804265907086,0.6666666666666666,0.3333333333333333,0.0,1,2024-01-19,2024-01-19
2024-01-22,5,-0.214864443987608,0.7048813822769284,0.2,0.8,0.0,1,2024-01-22,2024-01-22
2024-01-23,6,0.18141253587479397,0.7019747467707205,0.5,0.5,0.0,1,2024-01-23,2024-01-23
2024-01-24,4,0.23977234237827355,0.6771539371813781,0.5,0.25,0.25,1,2024-01-24,2024-01-24
2024-01-26,4,0.2551667707739398,0.7150644123811186,0.5,0.5,0.0,1,2024-01-26,2024-01-26
2024-01-29,6,0.4344836038847765,0.40794574281841617,0.6666666666666666,0.16666666666666666,0.16666666666666666,1,2024-01-29,2024-01-29
2024-01-30,6,0.059136943425983184,0.705700723114548,0.3333333333333333,0.3333333333333333,0.3333333333333333,1,2024-01-30,2024-01-30
2024-01-31,4,-0.1630530813708902,0.4790834086367934,0.25,0.75,0.0,1,2024-01-31,2024-01-31
2024-02-02,5,0.16694532074034213,0.415467092810637,0.4,0.6,0.0,1,2024-02-02,2024-02-02
2024-02-05,6,0.14462438357683519,0.6946445312802296,0.5,0.3333333333333333,0.16666666666666666,1,2024-02-05,2024-02-05
2024-02-06,4,-0.013970354339107871,0.789275630729398,0.5,0.5,0.0,1,2024-02-06,2024-02-06
2024-02-07,5,-0.36577295418828726,0.569595945712651,0.4,0.6,0.0,1,2024-02-07,2024-02-07
2024-02-08,6,0.3380394054887195,0.46017176754848527,0.6666666666666666,0.16666666666666666,0.16666666666666666,1,2024-02-08,2024-02-08
2024-02-09,4,0.02745152311399579,0.6969180820163714,0.25,0.75,0.0,1,2024-02-09,2024-02-09
2024-02-12,2,0.6566285304725171,0.29826106120402135,1.0,0.0,0.0,1,2024-02-12,2024-02-12
2024-02-13,9,0.3881623677702414,0.4972546127523851,0.5555555555555556,0.2222222222222222,0.2222222222222222,1,2024-02-13,2024-02-13
2024-02-14,9,0.3129709572013881,0.5732438319327359,0.6666666666666666,0.2222222222222222,0.1111111111111111,1,2024-02-14,2024-02-14
2024-02-15,8,0.08760482457000761,0.5446287804595171,0.375,0.375,0.25,1,2024-02-15,2024-02-15
2024-02-16,8,0.08371273416560145,0.5817507135523785,0.5,0.5,0.0,1,2024-02-16,2024-02-16
2024-02-17,1,0.9455389440990984,0.0,1.0,0.0,0.0,1,2024-02-17,2024-02-17
2024-02-19,16,0.47044862220354844,0.5678295407839209,0.6875,0.25,0.0625,1,2024-02-19,2024-02-19
2024-02-20,11,0.49088412459770386,0.5945748400507247,0.8181818181818182,0.18181818181818182,0.0,1,2024-02-20,2024-02-20
2024-02-21,4,-0.20064263767562812,0.6595265078682568,0.5,0.5,0.0,1,2024-02-21,2024-02-21
2024-02-22,4,0.5506131442962214,0.3741832724256683,1.0,0.0,0.0,1,2024-02-22,2024-02-22
2024-02-23,6,-0.07140025558571021,0.5217912394525327,0.5,0.5,0.0,1,2024-02-23,2024-02-23
2024-02-24,1,0.003820338286459401,0.0,0.0,0.0,1.0,1,2024-02-24,2024-02-24
2024-02-26,6,-0.1638104561716318,0.5273162059480548,0.3333333333333333,0.5,0.16666666666666666,1,2024-02-26,2024-02-26
2024-02-27,8,0.16832714498741555,0.667490072098823,0.625,0.25,0.125,1,2024-02-27,2024-02-27
2024-02-28,7,0.6337605942972004,0.2978970497821317,1.0,0.0,0.0,1,2024-02-28,2024-02-28
2024-02-29,5,0.04756931513547894,0.6881998278944419,0.6,0.4,0.0,1,2024-02-29,2024-02-29
2024-03-01,8,0.41441318401484756,0.737957903552782,0.75,0.25,0.0,1,2024-03-01,2024-03-01
2024-03-02,1,0.6804924458265306,0.0,1.0,0.0,0.0,1,2024-03-02,2024-03-02
2024-03-04,8,0.13581704220268875,0.5712552457238979,0.5,0.5,0.0,1,2024-03-04,2024-03-04
2024-03-05,2,0.1002340912818909,0.1182014267046815,0.5,0.0,0.5,1,2024-03-05,2024-03-05
2024-03-06,8,0.30346496659331024,0.5297586233363486,0.75,0.25,0.0,1,2024-03-06,2024-03-06
2024-03-07,6,0.49169341785212356,0.42727140496453614,0.8333333333333334,0.0,0.16666666666666666,1,2024-03-07,2024-03-07
2024-03-08,3,-0.052685171365737936,0.03890479326800075,0.0,1.0,0.0,1,2024-03-08,2024-03-08
2024-03-11,5,0.26727676624432206,0.8634251413852398,0.6,0.4,0.0,1,2024-03-11,2024-03-11
2024-03-12,5,0.5371573600918055,0.5897533715495603,0.6,0.4,0.0,1,2024-03-12,2024-03-12
2024-03-13,10,0.34198859045282004,0.5893263646370515,0.7,0.2,0.1,1,2024-03-13,2024-03-13
2024-03-14,5,0.6923880467191339,0.2613224657357391,1.0,0.0,0.0,1,2024-03-14,2024-03-14
2024-03-15,5,0.45978794018737973,0.705360949322357,0.8,0.2,0.0,1,2024-03-15,2024-03-15
2024-03-18,5,0.39124797023832797,0.6063707247052492,0.6,0.2,0.2,1,2024-03-18,2024-03-18
2024-03-19,2,0.2939481111243367,0.7744517091842916,0.5,0.0,0.5,1,2024-03-19,2024-03-19
2024-03-20,4,0.5495966187445447,0.4385307582290822,0.75,0.0,0.25,1,2024-03-20,2024-03-20
2024-03-21,4,0.3773672748939134,0.40407273829449875,0.75,0.0,0.25,1,2024-03-21,2024-03-21
2024-03-22,2,0.6064297538250686,0.5012089079379488,0.5,0.0,0.5,1,2024-03-22,2024-03-22
2024-03-25,5,0.22043693400919434,0.9496502332287207,0.6,0.4,0.0,1,2024-03-25,2024-03-25
2024-03-26,11,0.37564509319649503,0.5251255625314949,0.7272727272727273,0.2727272727272727,0.0,1,2024-03-26,2024-03-26
2024-03-27,6,0.8024496290987978,0.16834932691557997,1.0,0.0,0.0,1,2024-03-27,2024-03-27
2024-03-28,3,0.7801400224367777,0.3196331663639121,1.0,0.0,0.0,1,2024-03-28,2024-03-28
2024-03-29,3,-0.4364444303015868,0.4243740261587202,0.0,1.0,0.0,1,2024-03-29,2024-03-29
2024-04-01,4,0.43492342543322593,0.5769896163636025,0.75,0.25,0.0,1,2024-04-01,2024-04-01
2024-04-02,11,0.6952598760412498,0.2956659601889012,0.8181818181818182,0.0,0.18181818181818182,1,2024-04-02,2024-04-02
2024-04-03,2,0.9557336519937963,0.0007269880265141252,1.0,0.0,0.0,1,2024-04-03,2024-04-03
2024-04-04,4,0.15705072693526745,0.49893847488398463,0.5,0.5,0.0,1,2024-04-04,2024-04-04
2024-04-05,1,0.9564214423298836,0.0,1.0,0.0,0.0,1,2024-04-05,2024-04-05
2024-04-08,1,0.9568153144791722,0.0,1.0,0.0,0.0,1,2024-04-08,2024-04-08
2024-04-09,9,0.5550839534650246,0.5976421825910573,0.8888888888888888,0.1111111111111111,0.0,1,2024-04-09,2024-04-09
2024-04-10,4,0.8610176338115708,0.15614266327502513,1.0,0.0,0.0,1,2024-04-10,2024-04-10
2024-04-12,1,0.33664241433143616,0.0,1.0,0.0,0.0,1,2024-04-12,2024-04-12
2024-04-15,2,0.6755575996357948,0.36778324304155,1.0,0.0,0.0,1,2024-04-15,2024-04-15
2024-04-16,7,0.29409506670864566,0.7423065403468514,0.7142857142857143,0.2857142857142857,0.0,1,2024-04-16,2024-04-16
2024-04-17,5,0.19335689935833217,0.41825937765811416,0.6,0.2,0.2,1,2024-04-17,2024-04-17
2024-04-18,8,0.4284336030250415,0.6283017193853271,0.75,0.25,0.0,1,2024-04-18,2024-04-18
2024-04-19,4,-0.06459297426044941,0.6575333674775443,0.25,0.75,0.0,1,2024-04-19,2024-04-19
2024-04-20,1,-0.8936362825334072,0.0,0.0,1.0,0.0,1,2024-04-20,2024-04-20
2024-04-21,1,0.5095800012350084,0.0,1.0,0.0,0.0,1,2024-04-21,2024-04-21
2024-04-22,8,0.07656485773622991,0.6595969072486217,0.375,0.375,0.25,1,2024-04-22,2024-04-22
2024-04-23,7,0.522439373756892,0.2967070391109802,1.0,0.0,0.0,1,2024-04-23,2024-04-23
2024-04-24,7,0.2956127673720143,0.6765559747304393,0.5714285714285714,0.2857142857142857,0.14285714285714285,1,2024-04-24,2024-04-24
2024-04-25,7,0.17310526488082753,0.5065321997906286,0.8571428571428571,0.14285714285714285,0.0,1,2024-04-25,2024-04-25
2024-04-26,3,0.09613737960656488,0.668277006821144,0.6666666666666666,0.3333333333333333,0.0,1,2024-04-26,2024-04-26
2024-04-29,3,0.44101479711631936,0.5512080604801853,0.6666666666666666,0.3333333333333333,0.0,1,2024-04-29,2024-04-29
2024-04-30,3,0.1788598857820034,0.6617663521087206,0.3333333333333333,0.3333333333333333,0.3333333333333333,1,2024-04-30,2024-04-30
2024-05-01,1,0.33063286542892456,0.0,1.0,0.0,0.0,1,2024-05-01,2024-05-01
2024-05-02,1,0.9102806933224201,0.0,1.0,0.0,0.0,1,2024-05-02,2024-05-02
2024-05-03,1,-0.46146881580352783,0.0,0.0,1.0,0.0,1,2024-05-03,2024-05-03
2024-05-06,3,0.11911637382581836,0.7103987817855754,0.3333333333333333,0.3333333333333333,0.3333333333333333,1,2024-05-06,2024-05-06
2024-05-07,5,-0.3576087899506092,0.7327282508608883,0.4,0.6,0.0,1,2024-05-07,2024-05-07
2024-05-08,5,0.17713294569402932,0.8412834152643217,0.6,0.4,0.0,1,2024-05-08,2024-05-08
2024-05-09,3,0.538017592082421,0.7244530141584559,0.6666666666666666,0.3333333333333333,0.0,1,2024-05-09,2024-05-09
2024-05-10,2,0.409742824267596,0.4673859256892431,0.5,0.0,0.5,1,2024-05-10,2024-05-10
2024-05-11,1,0.7558269016444683,0.0,1.0,0.0,0.0,1,2024-05-11,2024-05-11
2024-05-13,3,0.6749139924844106,0.14659074463312383,1.0,0.0,0.0,1,2024-05-13,2024-05-13
2024-05-14,10,0.625621201726608,0.2799218981453862,1.0,0.0,0.0,1,2024-05-14,2024-05-14
2024-05-15,12,0.6238329561504846,0.48220494326448593,0.8333333333333334,0.16666666666666666,0.0,1,2024-05-15,2024-05-15
2024-05-16,7,0.4000321634645973,0.5697185169879024,0.5714285714285714,0.2857142857142857,0.14285714285714285,1,2024-05-16,2024-05-16
2024-05-17,3,0.7940728105604649,0.2861310280212289,1.0,0.0,0.0,1,2024-05-17,2024-05-17
2024-05-20,3,0.6952793089052042,0.3084419731491181,0.6666666666666666,0.0,0.3333333333333333,1,2024-05-20,2024-05-20
2024-05-21,5,0.3570008575916291,0.7690588025978667,0.8,0.2,0.0,1,2024-05-21,2024-05-21
2024-05-22,4,0.2797506485367193,0.8360284988081095,0.75,0.25,0.0,1,2024-05-22,2024-05-22
2024-05-23,12,0.5600141771719791,0.47176054074344165,0.8333333333333334,0.08333333333333333,0.08333333333333333,1,2024-05-23,2024-05-23
2024-05-24,3,0.9021611521020532,0.045723792841484194,1.0,0.0,0.0,1,2024-05-24,2024-05-24
2024-05-26,1,0.9101550765335562,0.0,1.0,0.0,0.0,1,2024-05-26,2024-05-26
2024-05-27,5,0.19167244248092172,0.4058041826675786,0.6,0.2,0.2,1,2024-05-27,2024-05-27
2024-05-28,8,0.3396379287878517,0.5495054835865797,0.625,0.25,0.125,1,2024-05-28,2024-05-28
2024-05-29,10,0.31890487775672227,0.5907052147790581,0.7,0.3,0.0,1,2024-05-29,2024-05-29
2024-05-30,8,0.44242867836146615,0.6625098984919131,0.75,0.125,0.125,1,2024-05-30,2024-05-30
2024-05-31,5,0.14131910917349164,0.823066607330124,0.6,0.4,0.0,1,2024-05-31,2024-05-31
2024-06-04,3,0.5843151295557618,0.539321646809467,0.6666666666666666,0.3333333333333333,0.0,1,2024-06-04,2024-06-04
2024-06-05,9,0.5078446374326531,0.6382342176714856,0.7777777777777778,0.2222222222222222,0.0,1,2024-06-05,2024-06-05
2024-06-06,8,0.5929625835851766,0.5104631226567216,0.75,0.25,0.0,1,2024-06-06,2024-06-06
2024-06-07,4,0.6115266951965168,0.17348083473911657,1.0,0.0,0.0,1,2024-06-07,2024-06-07
2024-06-10,2,0.6067673023790122,0.5090650383535309,0.5,0.0,0.5,1,2024-06-10,2024-06-10
2024-06-11,3,0.41423184486726927,0.5898509546668326,0.6666666666666666,0.3333333333333333,0.0,1,2024-06-11,2024-06-11
2024-06-12,5,0.40695493752136824,0.7897150561434358,0.8,0.2,0.0,1,2024-06-12,2024-06-12
2024-06-13,7,0.49228477930384024,0.5408785011068271,0.8571428571428571,0.14285714285714285,0.0,1,2024-06-13,2024-06-13
2024-06-14,3,0.5576002939293782,0.42889384889431403,0.6666666666666666,0.0,0.3333333333333333,1,2024-06-14,2024-06-14
2024-06-15,1,0.6350355967879295,0.0,1.0,0.0,0.0,1,2024-06-15,2024-06-15
2024-06-17,2,0.20551435556262726,1.0301964705059066,0.5,0.5,0.0,1,2024-06-17,2024-06-17
2024-06-18,5,0.6349658486433327,0.4508032546174429,0.8,0.2,0.0,1,2024-06-18,2024-06-18
2024-06-19,2,-0.27156906947493553,0.7729894229581171,0.5,0.5,0.0,1,2024-06-19,2024-06-19
2024-06-20,6,0.6410399065352976,0.3835770803243799,0.8333333333333334,0.0,0.16666666666666666,1,2024-06-20,2024-06-20
2024-06-21,1,0.5677348300814629,0.0,1.0,0.0,0.0,1,2024-06-21,2024-06-21
2024-06-24,6,0.47852445517977077,0.4189138055823313,0.8333333333333334,0.0,0.16666666666666666,1,2024-06-24,2024-06-24
2024-06-25,8,0.3309874635306187,0.5909524651390166,0.75,0.25,0.0,1,2024-06-25,2024-06-25
2024-06-26,4,0.7321391333825886,0.270423542980632,1.0,0.0,0.0,1,2024-06-26,2024-06-26
2024-06-27,5,0.6267751547507942,0.3645942631951283,0.6,0.0,0.4,1,2024-06-27,2024-06-27
2024-06-28,3,0.7988785558069748,0.170528180820081,1.0,0.0,0.0,1,2024-06-28,2024-06-28
2024-07-01,3,-0.014793433248996735,0.3808936875938831,0.6666666666666666,0.3333333333333333,0.0,1,2024-07-01,2024-07-01
2024-07-02,1,0.9701555669307709,0.0,1.0,0.0,0.0,1,2024-07-02,2024-07-02
2024-07-03,4,0.04510794999077916,0.5585525735948695,0.25,0.25,0.5,1,2024-07-03,2024-07-03
2024-07-04,1,0.8033000752329826,0.0,1.0,0.0,0.0,1,2024-07-04,2024-07-04
2024-07-05,2,-0.45056682266294956,0.6893737580933921,0.0,0.5,0.5,1,2024-07-05,2024-07-05
2024-07-09,4,0.583775980398059,0.3946209753994216,1.0,0.0,0.0,1,2024-07-09,2024-07-09
2024-07-10,3,0.43334366008639336,0.4502066710567894,0.6666666666666666,0.0,0.3333333333333333,1,2024-07-10,2024-07-10
2024-07-11,4,0.5968649249989539,0.5160536047248402,0.75,0.25,0.0,1,2024-07-11,2024-07-11
2024-07-12,6,0.49733534835589427,0.4224502159897548,0.8333333333333334,0.16666666666666666,0.0,1,2024-07-12,2024-07-12
2024-07-15,2,0.90398539241869,0.09674724798442312,1.0,0.0,0.0,1,2024-07-15,2024-07-15
2024-07-16,2,-0.21526828408241272,0.4597266124951282,0.5,0.5,0.0,1,2024-07-16,2024-07-16
2024-07-17,2,-0.013679929077625275,1.2984048438685136,0.5,0.5,0.0,1,2024-07-17,2024-07-17
2024-07-18,5,0.4072980910539627,0.7101989493355563,0.6,0.4,0.0,1,2024-07-18,2024-07-18
2024-07-19,1,0.9362689806148412,0.0,1.0,0.0,0.0,1,2024-07-19,2024-07-19
2024-07-22,3,-0.9030698823432127,0.07141648036181521,0.0,1.0,0.0,1,2024-07-22,2024-07-22
2024-07-23,5,0.6311025363393129,0.34826945157302824,0.8,0.0,0.2,1,2024-07-23,2024-07-23
2024-07-24,3,0.57465824438259,0.5723289021333229,0.6666666666666666,0.3333333333333333,0.0,1,2024-07-24,2024-07-24
2024-07-25,1,0.03823134303092951,0.0,1.0,0.0,0.0,1,2024-07-25,2024-07-25
2024-07-26,5,0.2977586113847792,0.33274243879651183,0.4,0.0,0.6,1,2024-07-26,2024-07-26
2024-07-27,1,0.1411269120872021,0.0,0.0,0.0,1.0,1,2024-07-27,2024-07-27
2024-07-29,3,0.7132437845381597,0.26193641015664987,1.0,0.0,0.0,1,2024-07-29,2024-07-29
2024-07-30,2,0.7517590916249902,0.2647319343563957,1.0,0.0,0.0,1,2024-07-30,2024-07-30
2024-07-31,12,0.310693986248225,0.5946865730443651,0.4166666666666667,0.16666666666666666,0.4166666666666667,1,2024-07-31,2024-07-31
2024-08-01,4,0.32222296018153435,0.39566325430993166,0.5,0.0,0.5,1,2024-08-01,2024-08-01
2024-08-02,3,0.8507018176217874,0.11209816627739318,1.0,0.0,0.0,1,2024-08-02,2024-08-02
2024-08-05,6,0.3755110598479708,0.8271299748559288,0.6666666666666666,0.3333333333333333,0.0,1,2024-08-05,2024-08-05
2024-08-06,1,0.9172029029577972,0.0,1.0,0.0,0.0,1,2024-08-06,2024-08-06
2024-08-07,5,0.031913121789693834,0.8490699443710666,0.6,0.4,0.0,1,2024-08-07,2024-08-07
2024-08-08,5,0.24753323020413517,0.7237065830466164,0.6,0.2,0.2,1,2024-08-08,2024-08-08
2024-08-09,4,0.5512561325449497,0.35524873600969403,1.0,0.0,0.0,1,2024-08-09,2024-08-09
2024-08-13,4,0.0792512645712122,0.994284132183171,0.5,0.5,0.0,1,2024-08-13,2024-08-13
2024-08-14,3,0.8250651227620741,0.18435405966931598,1.0,0.0,0.0,1,2024-08-14,2024-08-14
2024-08-15,9,0.5861167199650986,0.5336191726702609,0.7777777777777778,0.2222222222222222,0.0,1,2024-08-15,2024-08-15
2024-08-16,4,0.6442729980917647,0.2919187810552244,1.0,0.0,0.0,1,2024-08-16,2024-08-16
2024-08-19,2,-0.24927622033283117,0.9029868365255873,0.0,0.5,0.5,1,2024-08-19,2024-08-19
2024-08-20,2,0.6529121387284249,0.3856342213342527,1.0,0.0,0.0,1,2024-08-20,2024-08-20
2024-08-21,3,0.824893140544494,0.12169849048081452,1.0,0.0,0.0,1,2024-08-21,2024-08-21
2024-08-22,5,0.45560736544430264,0.3143187702366013,1.0,0.0,0.0,1,2024-08-22,2024-08-22
2024-08-23,5,0.5864872988313437,0.3356932357259309,1.0,0.0,0.0,1,2024-08-23,2024-08-23
2024-08-27,6,0.17503242291665325,0.8622013319111215,0.6666666666666666,0.3333333333333333,0.0,1,2024-08-27,2024-08-27
2024-08-28,8,0.4725936715840362,0.516246637308297,0.75,0.25,0.0,1,2024-08-28,2024-08-28
2024-08-29,9,0.21332786728938424,0.8387894784184042,0.5555555555555556,0.3333333333333333,0.1111111111111111,1,2024-08-29,2024-08-29
2024-08-30,5,0.3466045047156513,0.744013735405619,0.6,0.4,0.0,1,2024-08-30,2024-08-30
2024-09-02,2,0.9645754164084792,0.018925549732525034,1.0,0.0,0.0,1,2024-09-02,2024-09-02
2024-09-03,5,0.04534972943365574,0.6338593422627896,0.6,0.4,0.0,1,2024-09-03,2024-09-03
2024-09-04,5,0.28749162005260587,0.7484255022100076,0.6,0.4,0.0,1,2024-09-04,2024-09-04
2024-09-05,3,0.3154609575867653,0.5989344663655253,0.6666666666666666,0.3333333333333333,0.0,1,2024-09-05,2024-09-05
2024-09-06,2,0.7963480148464441,0.0021021768024241244,1.0,0.0,0.0,1,2024-09-06,2024-09-06
2024-09-09,4,-0.08378638233989477,0.8602635214742457,0.5,0.5,0.0,1,2024-09-09,2024-09-09
2024-09-10,5,0.6150324441958219,0.7284325287642125,0.8,0.2,0.0,1,2024-09-10,2024-09-10
2024-09-11,3,-0.3540806335707507,0.9816111311333763,0.3333333333333333,0.6666666666666666,0.0,1,2024-09-11,2024-09-11
2024-09-12,2,-0.05073445290327078,0.34080534922801714,0.5,0.0,0.5,1,2024-09-12,2024-09-12
2024-09-13,2,0.2520908936858178,0.3468989405857222,1.0,0.0,0.0,1,2024-09-13,2024-09-13
2024-09-16,4,0.5058247798588127,0.4134235641195325,0.75,0.25,0.0,1,2024-09-16,2024-09-16
2024-09-17,2,0.3812458256725222,0.24940747984927017,0.5,0.0,0.5,1,2024-09-17,2024-09-17
2024-09-18,2,0.1728481724858284,0.20905143479726365,0.0,0.0,1.0,1,2024-09-18,2024-09-18
2024-09-19,2,0.6854811012744904,0.3109811117935108,1.0,0.0,0.0,1,2024-09-19,2024-09-19
2024-09-20,6,-0.0322467249352485,0.596871028975153,0.3333333333333333,0.6666666666666666,0.0,1,2024-09-20,2024-09-20
2024-09-23,3,0.7025190914670626,0.38100231634759024,1.0,0.0,0.0,1,2024-09-23,2024-09-23
2024-09-24,1,-0.6586505547165871,0.0,0.0,1.0,0.0,1,2024-09-24,2024-09-24
2024-09-25,3,0.24714697183420262,0.6667055383378437,0.6666666666666666,0.3333333333333333,0.0,1,2024-09-25,2024-09-25
2024-09-26,5,0.6812076594680547,0.3027877831212533,1.0,0.0,0.0,1,2024-09-26,2024-09-26
2024-09-27,4,0.3928881603060291,0.9089956424128799,0.75,0.25,0.0,1,2024-09-27,2024-09-27
2024-09-30,3,0.056140278155604996,0.916582958793834,0.6666666666666666,0.3333333333333333,0.0,1,2024-09-30,2024-09-30
2024-10-01,2,0.97438394499477,0.00013911835049210217,1.0,0.0,0.0,1,2024-10-01,2024-10-01
2024-10-02,5,0.7061537502333521,0.3068168537665953,1.0,0.0,0.0,1,2024-10-02,2024-10-02
2024-10-03,4,-0.03259914182126525,0.9461149660794257,0.5,0.5,0.0,1,2024-10-03,2024-10-03
2024-10-04,5,0.09926657904870803,0.7790580975117014,0.6,0.4,0.0,1,2024-10-04,2024-10-04
2024-10-05,1,-0.05581140518188471,0.0,0.0,0.0,1.0,1,2024-10-05,2024-10-05
2024-10-07,2,0.05344399542082101,1.070462576652733,0.5,0.5,0.0,1,2024-10-07,2024-10-07
2024-10-09,3,0.30402119023104507,0.7056833222383242,0.6666666666666666,0.3333333333333333,0.0,1,2024-10-09,2024-10-09
2024-10-10,6,0.6862417873926461,0.20184899744959103,1.0,0.0,0.0,1,2024-10-10,2024-10-10
2024-10-11,4,0.5640309366863221,0.6817479048050963,0.75,0.25,0.0,1,2024-10-11,2024-10-11
2024-10-14,3,0.520981706213206,0.48933548313456404,0.6666666666666666,0.0,0.3333333333333333,1,2024-10-14,2024-10-14
2024-10-15,2,0.08395163342356687,0.9400089963839366,0.5,0.5,0.0,1,2024-10-15,2024-10-15
2024-10-16,4,0.5350247282767668,0.784326720627816,0.75,0.25,0.0,1,2024-10-16,2024-10-16
2024-10-17,3,0.06901483579228328,0.7561234261240086,0.3333333333333333,0.6666666666666666,0.0,1,2024-10-17,2024-10-17
2024-10-18,3,0.8101113128165404,0.12979698281865376,1.0,0.0,0.0,1,2024-10-18,2024-10-18
2024-10-21,2,0.6459918187465519,0.3890731130960691,1.0,0.0,0.0,1,2024-10-21,2024-10-21
2024-10-22,3,0.3123889278310041,0.9262351124183569,0.6666666666666666,0.3333333333333333,0.0,1,2024-10-22,2024-10-22
2024-10-23,4,0.057014709338545744,0.8690025149171086,0.5,0.5,0.0,1,2024-10-23,2024-10-23
2024-10-24,2,0.5626912228763103,0.015566711958187965,1.0,0.0,0.0,1,2024-10-24,2024-10-24
2024-10-25,1,-0.8716794103384017,0.0,0.0,1.0,0.0,1,2024-10-25,2024-10-25
2024-10-28,3,0.7210660216708978,0.4134276679920931,0.6666666666666666,0.0,0.3333333333333333,1,2024-10-28,2024-10-28
2024-10-29,3,0.6379403045090537,0.32778800179776013,1.0,0.0,0.0,1,2024-10-29,2024-10-29
2024-10-30,5,0.5004499246366322,0.541783728594973,0.6,0.2,0.2,1,2024-10-30,2024-10-30
2024-10-31,2,0.9182436948176472,0.00017550770900571252,1.0,0.0,0.0,1,2024-10-31,2024-10-31
2024-11-01,4,-0.0744272070005536,0.8546896712403221,0.25,0.5,0.25,1,2024-11-01,2024-11-01
2024-11-04,3,0.11594708589836956,0.7749907791252156,0.6666666666666666,0.3333333333333333,0.0,1,2024-11-04,2024-11-04
2024-11-05,1,0.613402619957924,0.0,1.0,0.0,0.0,1,2024-11-05,2024-11-05
2024-11-06,3,0.4708539545536041,0.4258568452920351,0.6666666666666666,0.0,0.3333333333333333,1,2024-11-06,2024-11-06
2024-11-07,4,0.9018811731948517,0.0555827455993483,1.0,0.0,0.0,1,2024-11-07,2024-11-07
2024-11-08,4,0.021057974779978283,1.0589916872060028,0.5,0.5,0.0,1,2024-11-08,2024-11-08
2024-11-11,3,0.29138566926121706,0.8558147432752471,0.6666666666666666,0.3333333333333333,0.0,1,2024-11-11,2024-11-11
2024-11-12,3,0.6638595396652818,0.39571576841664574,1.0,0.0,0.0,1,2024-11-12,2024-11-12
2024-11-13,4,0.6413304060697556,0.33556431569311085,0.75,0.0,0.25,1,2024-11-13,2024-11-13
2024-11-14,4,0.28107188642024994,0.2837311905710855,0.5,0.25,0.25,1,2024-11-14,2024-11-14
2024-11-15,3,-0.2993415538221598,1.0661324781713202,0.3333333333333333,0.6666666666666666,0.0,1,2024-11-15,2024-11-15
2024-11-18,2,0.08605965971946716,0.5070292217640872,0.5,0.5,0.0,1,2024-11-18,2024-11-18
2024-11-19,5,0.4749740658327937,0.592748277949729,0.8,0.2,0.0,1,2024-11-19,2024-11-19
2024-11-20,1,0.8039584867656231,0.0,1.0,0.0,0.0,1,2024-11-20,2024-11-20
2024-11-21,1,-0.9578344277106227,0.0,0.0,1.0,0.0,1,2024-11-21,2024-11-21
2024-11-22,2,0.9207088771509007,0.0660463412836389,1.0,0.0,0.0,1,2024-11-22,2024-11-22
2024-11-23,1,0.0450465390458703,0.0,0.0,0.0,1.0,1,2024-11-23,2024-11-23
2024-11-25,4,0.07472311519086364,0.13917896538017804,0.0,0.0,1.0,1,2024-11-25,2024-11-25
2024-11-26,4,0.4958069014828652,0.3363038788653884,0.75,0.0,0.25,1,2024-11-26,2024-11-26
2024-11-27,6,0.4776936300719778,0.46611131611477574,0.8333333333333334,0.0,0.16666666666666666,1,2024-11-27,2024-11-27
2024-11-28,10,-0.005726947262883209,0.5700618958438874,0.3,0.6,0.1,1,2024-11-28,2024-11-28
2024-11-29,10,0.46853989583905786,0.7642504462674067,0.7,0.3,0.0,1,2024-11-29,2024-11-29
2024-12-02,5,0.6994185174349696,0.33449772071499534,1.0,0.0,0.0,1,2024-12-02,2024-12-02
2024-12-03,1,-0.25106281042099,0.0,0.0,1.0,0.0,1,2024-12-03,2024-12-03
2024-12-04,5,0.5972710279747844,0.49221189683051786,0.8,0.2,0.0,1,2024-12-04,2024-12-04
2024-12-05,7,0.7024644863392625,0.3843104846539263,0.8571428571428571,0.0,0.14285714285714285,1,2024-12-05,2024-12-05
2024-12-06,2,0.8123754058033228,0.20475432914973293,1.0,0.0,0.0,1,2024-12-06,2024-12-06
2024-12-09,3,0.11665077197055018,0.5954850803080018,0.3333333333333333,0.3333333333333333,0.3333333333333333,1,2024-12-09,2024-12-09
2024-12-10,2,0.6052957884967327,0.38654208190260675,1.0,0.0,0.0,1,2024-12-10,2024-12-10
2024-12-11,1,0.9151008208282292,0.0,1.0,0.0,0.0,1,2024-12-11,2024-12-11
2024-12-12,3,0.8363320793335637,0.10444366394087358,1.0,0.0,0.0,1,2024-12-12,2024-12-12
2024-12-13,2,0.6034141263226047,0.5382448117848158,1.0,0.0,0.0,1,2024-12-13,2024-12-13
2024-12-16,3,0.16903289733454585,0.7069854571785187,0.3333333333333333,0.3333333333333333,0.3333333333333333,1,2024-12-16,2024-12-16
2024-12-17,4,0.4313826574361884,0.7304785635023722,0.75,0.25,0.0,1,2024-12-17,2024-12-17
2024-12-18,3,0.49873933258155984,0.2711921969916644,1.0,0.0,0.0,1,2024-12-18,2024-12-18
2024-12-19,4,0.10497534612659368,0.5764984759446415,0.25,0.5,0.25,1,2024-12-19,2024-12-19
2024-12-20,3,-0.3180833575315774,0.9319390754200354,0.3333333333333333,0.6666666666666666,0.0,1,2024-12-20,2024-12-20
2024-12-23,2,-0.13288469705730677,0.7074193092878789,0.0,0.5,0.5,1,2024-12-23,2024-12-23
2024-12-24,7,0.7040762259691421,0.2984256217468492,0.7142857142857143,0.0,0.2857142857142857,1,2024-12-24,2024-12-24
2024-12-25,2,0.9467121049528942,0.0008967105866534936,1.0,0.0,0.0,1,2024-12-25,2024-12-25
2024-12-26,4,-0.16960149619262666,0.9056343468986803,0.5,0.5,0.0,1,2024-12-26,2024-12-26
2024-12-27,3,-0.2677469694366058,1.0472974369650643,0.3333333333333333,0.6666666666666666,0.0,1,2024-12-27,2024-12-27
2024-12-30,1,0.8837806140072644,0.0,1.0,0.0,0.0,1,2024-12-30,2024-12-30
2024-12-31,2,0.8882279634708539,0.07039070770705694,1.0,0.0,0.0,1,2024-12-31,2024-12-31
2025-01-01,2,0.8458067164756358,0.1255358719904744,1.0,0.0,0.0,1,2025-01-01,2025-01-01
2025-01-02,2,0.9575859890319407,0.019515759052547908,1.0,0.0,0.0,1,2025-01-02,2025-01-02
2025-01-03,3,0.03520062503715349,0.8013863412051472,0.3333333333333333,0.6666666666666666,0.0,1,2025-01-03,2025-01-03
2025-01-06,1,-0.0215771738439798,0.0,0.0,0.0,1.0,1,2025-01-06,2025-01-06
2025-01-07,2,0.9366512945853175,0.004340979199741156,1.0,0.0,0.0,1,2025-01-07,2025-01-07
2025-01-08,5,0.8102368510793895,0.32985343854816057,1.0,0.0,0.0,1,2025-01-08,2025-01-08
2025-01-09,2,0.14456111192703253,1.0839608673182508,0.5,0.5,0.0,1,2025-01-09,2025-01-09
2025-01-10,9,0.5220870577937199,0.6075912446901968,0.7777777777777778,0.1111111111111111,0.1111111111111111,1,2025-01-10,2025-01-10
2025-01-11,1,0.4347957372665406,0.0,1.0,0.0,0.0,1,2025-01-11,2025-01-11
2025-01-13,3,0.4688311383749048,0.6488807683651274,0.6666666666666666,0.3333333333333333,0.0,1,2025-01-13,2025-01-13
2025-01-14,2,0.8114179990952834,0.2209468906920798,1.0,0.0,0.0,1,2025-01-14,2025-01-14
2025-01-15,5,0.34378276783972983,0.5995002423961238,0.6,0.2,0.2,1,2025-01-15,2025-01-15
2025-01-16,2,0.7968758051283658,0.19873210623599166,1.0,0.0,0.0,1,2025-01-16,2025-01-16
2025-01-17,3,0.742965864793708,0.18069339007272825,1.0,0.0,0.0,1,2025-01-17,2025-01-17
2025-01-20,2,0.12757645547389984,0.4332192793548687,0.5,0.0,0.5,1,2025-01-20,2025-01-20
2025-01-21,5,0.20510043017566199,0.56294975618168,0.4,0.4,0.2,1,2025-01-21,2025-01-21
2025-01-22,6,0.63576239751031,0.25455413748776584,1.0,0.0,0.0,1,2025-01-22,2025-01-22
2025-01-23,5,0.6520375821273774,0.43327397895439723,0.8,0.2,0.0,1,2025-01-23,2025-01-23
2025-01-24,3,0.9393244058204194,0.008849493048274443,1.0,0.0,0.0,1,2025-01-24,2025-01-24
2025-01-27,6,0.05197143314095835,0.47687085438752963,0.16666666666666666,0.16666666666666666,0.6666666666666666,1,2025-01-27,2025-01-27
2025-01-28,8,0.15655270378920252,0.9067137989919891,0.5,0.375,0.125,1,2025-01-28,2025-01-28
2025-01-29,6,0.4277448011562228,0.4571047237081659,0.8333333333333334,0.16666666666666666,0.0,1,2025-01-29,2025-01-29
2025-01-31,4,0.7630960820242763,0.20406705534606956,1.0,0.0,0.0,1,2025-01-31,2025-01-31
2025-02-03,2,0.655971098691225,0.14525807552665165,1.0,0.0,0.0,1,2025-02-03,2025-02-03
2025-02-04,3,0.6631918497538817,0.5049738056476278,0.6666666666666666,0.0,0.3333333333333333,1,2025-02-04,2025-02-04
2025-02-05,2,0.4180603604763746,0.055316008015581494,1.0,0.0,0.0,1,2025-02-05,2025-02-05
2025-02-06,3,0.20239590108394623,0.5047572508954218,0.3333333333333333,0.3333333333333333,0.3333333333333333,1,2025-02-06,2025-02-06
2025-02-07,5,0.8265285418368876,0.13820043852641656,1.0,0.0,0.0,1,2025-02-07,2025-02-07
2025-02-10,2,0.0248762927949428,1.3006868270292191,0.5,0.5,0.0,1,2025-02-10,2025-02-10
2025-02-11,1,0.8865653742104769,0.0,1.0,0.0,0.0,1,2025-02-11,2025-02-11
2025-02-12,5,0.8194527794606984,0.1539643447556596,1.0,0.0,0.0,1,2025-02-12,2025-02-12
2025-02-13,4,-0.07421295158565047,0.7746363076351293,0.5,0.5,0.0,1,2025-02-13,2025-02-13
2025-02-14,4,0.27882833644980565,0.8078253947733466,0.75,0.25,0.0,1,2025-02-14,2025-02-14
2025-02-18,2,0.8811167734675109,0.056778463487694476,1.0,0.0,0.0,1,2025-02-18,2025-02-18
2025-02-19,3,0.9383205367873112,0.03958587325442857,1.0,0.0,0.0,1,2025-02-19,2025-02-19
2025-02-20,6,0.049619187988961734,0.7215663635120435,0.3333333333333333,0.6666666666666666,0.0,1,2025-02-20,2025-02-20
2025-02-21,5,0.1741883598268032,0.46766865511879013,0.6,0.4,0.0,1,2025-02-21,2025-02-21
2025-02-24,5,-0.011755977943539567,0.574784469773,0.4,0.2,0.4,1,2025-02-24,2025-02-24
2025-02-25,3,0.8682446482901772,0.11415978970863036,1.0,0.0,0.0,1,2025-02-25,2025-02-25
2025-02-26,8,0.21234763995744294,0.77779643101047,0.625,0.375,0.0,1,2025-02-26,2025-02-26
2025-02-27,9,0.8169762380938564,0.21363382184381138,0.8888888888888888,0.0,0.1111111111111111,1,2025-02-27,2025-02-27
2025-02-28,7,0.24954544217325753,0.8218154891363314,0.5714285714285714,0.2857142857142857,0.14285714285714285,1,2025-02-28,2025-02-28
2025-03-03,2,0.0008414308540523052,1.3535568525696384,0.5,0.5,0.0,1,2025-03-03,2025-03-03
2025-03-04,2,-0.021112763322889777,0.6605229771993189,0.5,0.5,0.0,1,2025-03-04,2025-03-04
2025-03-05,7,0.2118540521644588,0.7302158850111368,0.5714285714285714,0.42857142857142855,0.0,1,2025-03-05,2025-03-05
2025-03-06,6,0.5921307856527468,0.3005371332992959,0.8333333333333334,0.0,0.16666666666666666,1,2025-03-06,2025-03-06
2025-03-07,9,0.6062801642757323,0.5957479840605182,0.8888888888888888,0.1111111111111111,0.0,1,2025-03-07,2025-03-07
2025-03-10,3,0.242834265033404,0.9588916933641026,0.6666666666666666,0.3333333333333333,0.0,1,2025-03-10,2025-03-10
2025-03-11,2,0.928815210936591,0.06676349081984,1.0,0.0,0.0,1,2025-03-11,2025-03-11
2025-03-12,4,0.11055870889686045,0.9407785777356671,0.5,0.5,0.0,1,2025-03-12,2025-03-12
2025-03-13,6,0.6067947257931033,0.2350836902082694,0.8333333333333334,0.0,0.16666666666666666,1,2025-03-13,2025-03-13
2025-03-14,6,-0.05730033526197076,0.5643106168751728,0.5,0.3333333333333333,0.16666666666666666,1,2025-03-14,2025-03-14
2025-03-17,4,-0.2548290267586708,0.2952547192698952,0.0,0.75,0.25,1,2025-03-17,2025-03-17
2025-03-18,1,0.9632832491770388,0.0,1.0,0.0,0.0,1,2025-03-18,2025-03-18
2025-03-19,1,-0.10186603665351868,0.0,0.0,0.0,1.0,1,2025-03-19,2025-03-19
2025-03-20,2,0.9232592023909092,0.045947050717015214,1.0,0.0,0.0,1,2025-03-20,2025-03-20
2025-03-21,5,0.5139075059443712,0.4889696260217399,0.8,0.2,0.0,1,2025-03-21,2025-03-21
2025-03-24,2,0.5880996948108077,0.530228226176683,1.0,0.0,0.0,1,2025-03-24,2025-03-24
2025-03-25,2,-0.11956789903342727,0.8588723222207473,0.5,0.5,0.0,1,2025-03-25,2025-03-25
2025-03-26,7,0.6959678936816219,0.6245495317599662,0.8571428571428571,0.14285714285714285,0.0,1,2025-03-26,2025-03-26
2025-03-27,7,0.746138057970841,0.31155916818792995,0.8571428571428571,0.0,0.14285714285714285,1,2025-03-27,2025-03-27
2025-03-28,6,0.3537530108199765,0.6804769899260901,0.6666666666666666,0.16666666666666666,0.16666666666666666,1,2025-03-28,2025-03-28
2025-04-01,2,0.2609860822558403,0.5785753621093763,0.5,0.5,0.0,1,2025-04-01,2025-04-01
2025-04-02,5,0.7150270593352617,0.11770104472653824,1.0,0.0,0.0,1,2025-04-02,2025-04-02
2025-04-03,5,0.03595749586820605,0.7394065233227276,0.6,0.4,0.0,1,2025-04-03,2025-04-03
2025-04-04,1,-0.7182201556861401,0.0,0.0,1.0,0.0,1,2025-04-04,2025-04-04
2025-04-07,3,-0.42053520244856674,0.6219502457758589,0.3333333333333333,0.6666666666666666,0.0,1,2025-04-07,2025-04-07
2025-04-08,1,0.48352278769016266,0.0,1.0,0.0,0.0,1,2025-04-08,2025-04-08
2025-04-09,5,-0.37406822484917945,0.7963090867015398,0.2,0.8,0.0,1,2025-04-09,2025-04-09
2025-04-10,2,0.5932980075012892,0.4197603006683909,1.0,0.0,0.0,1,2025-04-10,2025-04-10
2025-04-11,5,0.2971422153525055,0.7198793246649033,0.8,0.2,0.0,1,2025-04-11,2025-04-11
2025-04-14,1,0.0180549863725901,0.0,0.0,0.0,1.0,1,2025-04-14,2025-04-14
2025-04-15,9,0.15787835289827654,0.5813004445158487,0.6666666666666666,0.3333333333333333,0.0,1,2025-04-15,2025-04-15
2025-04-16,6,0.28011226363014435,0.62281750964873,0.8333333333333334,0.16666666666666666,0.0,1,2025-04-16,2025-04-16
2025-04-17,4,0.22821310581639412,0.7296106396400812,0.5,0.5,0.0,1,2025-04-17,2025-04-17
2025-04-18,7,0.26596050682876793,0.568720629804471,0.7142857142857143,0.14285714285714285,0.14285714285714285,1,2025-04-18,2025-04-18
2025-04-21,4,0.014165358617901871,0.5639519300118372,0.75,0.25,0.0,1,2025-04-21,2025-04-21
2025-04-22,5,0.019941854104399682,0.5441349307807264,0.2,0.6,0.2,1,2025-04-22,2025-04-22
2025-04-23,3,-0.4208546156684558,0.6080537304005741,0.3333333333333333,0.6666666666666666,0.0,1,2025-04-23,2025-04-23
2025-04-24,7,-0.32219079456159044,0.7121168637286387,0.2857142857142857,0.7142857142857143,0.0,1,2025-04-24,2025-04-24
2025-04-25,4,0.369157487526536,0.2895137101124157,1.0,0.0,0.0,1,2025-04-25,2025-04-25
2025-04-28,5,0.5988944138400256,0.2539477625211507,1.0,0.0,0.0,1,2025-04-28,2025-04-28
2025-04-29,4,0.47385720768943435,0.872934869841331,0.75,0.25,0.0,1,2025-04-29,2025-04-29
2025-04-30,5,0.4258551511913538,0.689933534242448,0.6,0.4,0.0,1,2025-04-30,2025-04-30
2025-05-01,2,0.5596215496771038,0.43032365322636806,1.0,0.0,0.0,1,2025-05-01,2025-05-01
2025-05-02,3,0.001156166506310304,0.838723120180616,0.3333333333333333,0.3333333333333333,0.3333333333333333,1,2025-05-02,2025-05-02
2025-05-05,3,0.20251422499616942,0.558208270635478,0.6666666666666666,0.0,0.3333333333333333,1,2025-05-05,2025-05-05
2025-05-06,6,0.1126696001350259,0.7252923508674645,0.5,0.5,0.0,1,2025-05-06,2025-05-06
2025-05-07,7,0.19239599936242616,0.5863282906889263,0.7142857142857143,0.2857142857142857,0.0,1,2025-05-07,2025-05-07
2025-05-08,8,-0.007743001449853168,0.5534050198473205,0.375,0.625,0.0,1,2025-05-08,2025-05-08
2025-05-09,6,0.6855126224302998,0.2407178133756141,1.0,0.0,0.0,1,2025-05-09,2025-05-09
2025-05-13,5,0.5530063295736909,0.3448290853239329,1.0,0.0,0.0,1,2025-05-13,2025-05-13
2025-05-14,9,0.11245151873057087,0.5383503307184454,0.4444444444444444,0.4444444444444444,0.1111111111111111,1,2025-05-14,2025-05-14
2025-05-15,7,-0.0714711608099086,0.7140280397503208,0.42857142857142855,0.42857142857142855,0.14285714285714285,1,2025-05-15,2025-05-15
2025-05-16,9,0.4092952426936891,0.6336954071654342,0.6666666666666666,0.3333333333333333,0.0,1,2025-05-16,2025-05-16
2025-05-19,4,0.24170561647042632,0.48776300559343466,0.75,0.25,0.0,1,2025-05-19,2025-05-19
2025-05-20,7,0.6065423137375286,0.3702241035811853,1.0,0.0,0.0,1,2025-05-20,2025-05-20
2025-05-21,11,0.5484656769443642,0.5561703311093436,0.9090909090909091,0.09090909090909091,0.0,1,2025-05-21,2025-05-21
2025-05-22,9,0.06774109182879329,0.8314065424499826,0.4444444444444444,0.5555555555555556,0.0,1,2025-05-22,2025-05-22
2025-05-23,9,0.05616548636721238,0.6888273404350186,0.4444444444444444,0.5555555555555556,0.0,1,2025-05-23,2025-05-23
2025-05-24,1,-0.8717663325369359,0.0,0.0,1.0,0.0,1,2025-05-24,2025-05-24
2025-05-26,8,0.3378965398296714,0.5838368815619727,0.625,0.375,0.0,1,2025-05-26,2025-05-26
2025-05-27,10,-0.22909121410921215,0.6177280086896645,0.3,0.7,0.0,1,2025-05-27,2025-05-27
2025-05-28,10,0.1881408717948944,0.6500608297996141,0.6,0.3,0.1,1,2025-05-28,2025-05-28
2025-05-29,14,-0.10741322688824899,0.7545463652949594,0.42857142857142855,0.5714285714285714,0.0,1,2025-05-29,2025-05-29
2025-05-30,12,0.29290153555727255,0.6797472941044732,0.6666666666666666,0.3333333333333333,0.0,1,2025-05-30,2025-05-30
2025-05-31,2,0.4141035862267018,0.7809399728510759,0.5,0.5,0.0,1,2025-05-31,2025-05-31
2025-06-01,1,0.7832155562937261,0.0,1.0,0.0,0.0,1,2025-06-01,2025-06-01
2025-06-02,1,0.01351010799407959,0.0,1.0,0.0,0.0,1,2025-06-02,2025-06-02
2025-06-03,7,-0.1293887666293553,0.7427879196403558,0.2857142857142857,0.7142857142857143,0.0,1,2025-06-03,2025-06-03
2025-06-04,6,0.1358321619530519,0.49421443646151686,0.6666666666666666,0.3333333333333333,0.0,1,2025-06-04,2025-06-04
2025-06-05,8,0.0782639211975038,0.6241689164773905,0.625,0.25,0.125,1,2025-06-05,2025-06-05
2025-06-06,9,0.2924250493136545,0.7163563609401284,0.6666666666666666,0.2222222222222222,0.1111111111111111,1,2025-06-06,2025-06-06
2025-06-09,6,0.0347758123340706,0.6105153936677769,0.6666666666666666,0.3333333333333333,0.0,1,2025-06-09,2025-06-09
2025-06-10,8,-0.10063285334035756,0.46329815496237275,0.375,0.5,0.125,1,2025-06-10,2025-06-10
2025-06-11,5,0.6998258650302887,0.21148030360826936,1.0,0.0,0.0,1,2025-06-11,2025-06-11
2025-06-12,9,0.03399771203597389,0.5154124506911357,0.5555555555555556,0.4444444444444444,0.0,1,2025-06-12,2025-06-12
2025-06-13,7,0.3108281098372702,0.7199412138106325,0.5714285714285714,0.42857142857142855,0.0,1,2025-06-13,2025-06-13
2025-06-16,8,-0.07672091515269133,0.47682813084071735,0.5,0.5,0.0,1,2025-06-16,2025-06-16
2025-06-17,6,0.26457770727574825,0.36674152034192614,0.6666666666666666,0.3333333333333333,0.0,1,2025-06-17,2025-06-17
2025-06-18,6,-0.011650791003679209,0.8178374214421393,0.3333333333333333,0.6666666666666666,0.0,1,2025-06-18,2025-06-18
2025-06-19,8,0.01796571165323258,0.39998509212010996,0.5,0.375,0.125,1,2025-06-19,2025-06-19
2025-06-20,7,-0.15490143905792916,0.7440114176008477,0.42857142857142855,0.5714285714285714,0.0,1,2025-06-20,2025-06-20
2025-06-23,4,0.7308593564666809,0.34640734098136755,1.0,0.0,0.0,1,2025-06-23,2025-06-23
2025-06-24,10,0.3374177145306021,0.5371430592794456,0.7,0.3,0.0,1,2025-06-24,2025-06-24
2025-06-25,10,0.2742516769561917,0.5006156766725037,0.6,0.3,0.1,1,2025-06-25,2025-06-25
2025-06-26,11,0.22905999947000633,0.6081963888381774,0.6363636363636364,0.36363636363636365,0.0,1,2025-06-26,2025-06-26
2025-06-27,2,0.42299081757664686,0.6741333470363755,0.5,0.5,0.0,1,2025-06-27,2025-06-27
2025-06-30,10,0.243230524007231,0.6452996607283442,0.7,0.3,0.0,1,2025-06-30,2025-06-30
2025-07-01,5,0.023829070292413233,0.7645647442695841,0.4,0.6,0.0,1,2025-07-01,2025-07-01
2025-07-02,6,-0.14642640824119252,0.4970173891570186,0.16666666666666666,0.6666666666666666,0.16666666666666666,1,2025-07-02,2025-07-02
2025-07-03,7,0.26605254750964896,0.7015569700968682,0.7142857142857143,0.2857142857142857,0.0,1,2025-07-03,2025-07-03
2025-07-04,3,-0.05420572186509768,0.8793347094659565,0.3333333333333333,0.6666666666666666,0.0,1,2025-07-04,2025-07-04
2025-07-07,6,-0.03004103495428956,0.7572785520728201,0.5,0.5,0.0,1,2025-07-07,2025-07-07
2025-07-08,3,0.14284318188826248,0.18840046680832193,0.6666666666666666,0.3333333333333333,0.0,1,2025-07-08,2025-07-08
2025-07-09,9,0.09506390533513491,0.6486504993670625,0.5555555555555556,0.4444444444444444,0.0,1,2025-07-09,2025-07-09
2025-07-10,8,-0.12336586118908599,0.6932952286549592,0.25,0.75,0.0,1,2025-07-10,2025-07-10
2025-07-11,7,0.45778810725148233,0.3407936690319368,0.8571428571428571,0.14285714285714285,0.0,1,2025-07-11,2025-07-11
2025-07-14,5,-0.01353660654276605,0.7631552038961792,0.4,0.6,0.0,1,2025-07-14,2025-07-14
2025-07-15,3,0.5508536684016386,0.35902624065459066,1.0,0.0,0.0,1,2025-07-15,2025-07-15
2025-07-16,4,0.3887849843595177,0.4278214345611927,1.0,0.0,0.0,1,2025-07-16,2025-07-16
2025-07-17,4,0.43277573864907026,0.48567224285146793,0.75,0.25,0.0,1,2025-07-17,2025-07-17
2025-07-18,8,0.4228299090173096,0.5009143181827617,0.625,0.25,0.125,1,2025-07-18,2025-07-18
2025-07-21,5,0.016354519873857498,0.5798935406538209,0.4,0.6,0.0,1,2025-07-21,2025-07-21
2025-07-22,8,0.2551437553483993,0.5116571367298361,0.875,0.125,0.0,1,2025-07-22,2025-07-22
2025-07-23,7,0.3702163553929755,0.5512565872310957,0.8571428571428571,0.14285714285714285,0.0,1,2025-07-23,2025-07-23
2025-07-24,7,0.2457431224840028,0.2789913389424816,0.8571428571428571,0.14285714285714285,0.0,1,2025-07-24,2025-07-24
2025-07-25,9,0.14847486429951257,0.7539824945688871,0.5555555555555556,0.4444444444444444,0.0,1,2025-07-25,2025-07-25
2025-07-28,3,0.11183880145351088,0.6580492897289543,0.3333333333333333,0.6666666666666666,0.0,1,2025-07-28,2025-07-28
2025-07-29,5,0.36076457900926473,0.3556619353439275,1.0,0.0,0.0,1,2025-07-29,2025-07-29
2025-07-30,7,-0.025949223765305087,0.6290038541803562,0.2857142857142857,0.5714285714285714,0.14285714285714285,1,2025-07-30,2025-07-30
2025-07-31,7,0.4859061094799212,0.7350272795157591,0.7142857142857143,0.2857142857142857,0.0,1,2025-07-31,2025-07-31
2025-08-01,7,0.610223204961845,0.524587855390836,0.8571428571428571,0.14285714285714285,0.0,1,2025-08-01,2025-08-01
2025-08-02,1,0.7246679817326367,0.0,1.0,0.0,0.0,1,2025-08-02,2025-08-02
2025-08-04,7,0.3812736624386162,0.6968254346619317,0.7142857142857143,0.2857142857142857,0.0,1,2025-08-04,2025-08-04
2025-08-05,4,0.40494850371032953,0.531515524023452,0.75,0.25,0.0,1,2025-08-05,2025-08-05
2025-08-06,6,0.13744594653447464,0.5046883052480243,0.6666666666666666,0.3333333333333333,0.0,1,2025-08-06,2025-08-06
2025-08-07,7,0.4659798395088209,0.6596908707159298,0.7142857142857143,0.2857142857142857,0.0,1,2025-08-07,2025-08-07
2025-08-08,7,0.4169719124079815,0.6589553951772462,0.8571428571428571,0.14285714285714285,0.0,1,2025-08-08,2025-08-08
2025-08-11,6,0.3080571024135377,0.6192469079845522,0.5,0.3333333333333333,0.16666666666666666,1,2025-08-11,2025-08-11
2025-08-12,5,0.15614827089011668,0.6001774623746263,0.6,0.4,0.0,1,2025-08-12,2025-08-12
2025-08-13,7,0.06135714799165729,0.5083999994927355,0.5714285714285714,0.2857142857142857,0.14285714285714285,1,2025-08-13,2025-08-13
2025-08-14,8,0.5920293165545445,0.4936756276087453,0.875,0.125,0.0,1,2025-08-14,2025-08-14
2025-08-15,7,0.2069201857250716,0.7894862930758326,0.7142857142857143,0.2857142857142857,0.0,1,2025-08-15,2025-08-15
2025-08-18,9,0.3741624717497164,0.4163363645206703,0.7777777777777778,0.1111111111111111,0.1111111111111111,1,2025-08-18,2025-08-18
2025-08-19,5,0.08678709212690591,0.5435521232976201,0.4,0.6,0.0,1,2025-08-19,2025-08-19
2025-08-20,9,0.37400145906334126,0.8055755766125623,0.7777777777777778,0.2222222222222222,0.0,1,2025-08-20,2025-08-20
2025-08-21,6,0.16839747530563423,0.6551071137018974,0.5,0.5,0.0,1,2025-08-21,2025-08-21
2025-08-22,9,0.2100023690145463,0.7127759898352849,0.5555555555555556,0.4444444444444444,0.0,1,2025-08-22,2025-08-22
2025-08-25,6,0.1390438632418712,0.3092455631640489,0.5,0.3333333333333333,0.16666666666666666,1,2025-08-25,2025-08-25
2025-08-26,5,0.1492706596851349,0.4163684846699304,0.4,0.6,0.0,1,2025-08-26,2025-08-26
2025-08-27,5,0.11225112900137901,0.5470275526436769,0.4,0.4,0.2,1,2025-08-27,2025-08-27
2025-08-28,10,-0.03208116912283006,0.8266016096701326,0.4,0.6,0.0,1,2025-08-28,2025-08-28
2025-08-29,9,0.23394582081689602,0.782018730625253,0.5555555555555556,0.4444444444444444,0.0,1,2025-08-29,2025-08-29
2025-09-02,6,0.2209533747906486,0.6877876448088203,0.6666666666666666,0.3333333333333333,0.0,1,2025-09-02,2025-09-02
2025-09-03,3,0.19802149633566538,0.5828944580194901,0.6666666666666666,0.3333333333333333,0.0,1,2025-09-03,2025-09-03
2025-09-04,6,0.10613876123291753,0.2914377311822634,0.5,0.3333333333333333,0.16666666666666666,1,2025-09-04,2025-09-04
2025-09-05,1,0.889390716329217,0.0,1.0,0.0,0.0,1,2025-09-05,2025-09-05
2025-09-06,1,0.6938476264476776,0.0,1.0,0.0,0.0,1,2025-09-06,2025-09-06
2025-09-08,7,0.053910798260143826,0.556198029013565,0.42857142857142855,0.42857142857142855,0.14285714285714285,1,2025-09-08,2025-09-08
2025-09-09,5,0.315385143365711,0.3865150662988678,0.6,0.2,0.2,1,2025-09-09,2025-09-09
2025-09-10,2,0.3073601946234703,0.3402678083221091,1.0,0.0,0.0,1,2025-09-10,2025-09-10
2025-09-11,4,-0.30550945177674294,0.4254672395207816,0.25,0.75,0.0,1,2025-09-11,2025-09-11
2025-09-12,12,0.6632115799778452,0.5246876688998378,0.9166666666666666,0.08333333333333333,0.0,1,2025-09-12,2025-09-12
2025-09-17,4,0.15342248603701591,0.7451993697255815,0.5,0.5,0.0,1,2025-09-17,2025-09-17
2025-09-18,6,-0.40309344573567313,0.644891995325209,0.3333333333333333,0.6666666666666666,0.0,1,2025-09-18,2025-09-18
2025-09-19,7,0.09931134006806783,0.7060469014251208,0.5714285714285714,0.42857142857142855,0.0,1,2025-09-19,2025-09-19
2025-09-22,4,0.5363216124242172,0.444879828335783,0.75,0.25,0.0,1,2025-09-22,2025-09-22
2025-09-23,5,0.2849766341969371,0.5550712450828668,0.6,0.4,0.0,1,2025-09-23,2025-09-23
2025-09-24,4,0.13220998266479,0.8182052053990244,0.75,0.25,0.0,1,2025-09-24,2025-09-24
2025-09-25,3,0.14949644628601774,0.8499918770663328,0.6666666666666666,0.3333333333333333,0.0,1,2025-09-25,2025-09-25
2025-09-26,8,0.4074282086221501,0.4374190531881238,0.75,0.25,0.0,1,2025-09-26,2025-09-26
2025-09-27,1,0.15461075305938726,0.0,1.0,0.0,0.0,1,2025-09-27,2025-09-27
2025-09-29,5,-0.06223542112857102,0.42822739937599574,0.2,0.6,0.2,1,2025-09-29,2025-09-29
2025-09-30,4,0.15660085156559947,0.5561502830862118,0.5,0.5,0.0,1,2025-09-30,2025-09-30
2025-10-01,13,0.3807864357144214,0.6195229753676644,0.6923076923076923,0.15384615384615385,0.15384615384615385,1,2025-10-01,2025-10-01
2025-10-02,12,0.4563913209325013,0.5200371622865111,0.75,0.16666666666666666,0.08333333333333333,1,2025-10-02,2025-10-02
2025-10-03,4,0.12952509918250144,0.5756290467273484,0.5,0.25,0.25,1,2025-10-03,2025-10-03
2025-10-06,13,0.5067127477735854,0.6254206152829352,0.7692307692307693,0.23076923076923078,0.0,1,2025-10-06,2025-10-06
2025-10-07,1,0.0015508830547332764,0.0,1.0,0.0,0.0,1,2025-10-07,2025-10-07
2025-10-08,6,0.1534570946047704,0.6913695141904334,0.6666666666666666,0.3333333333333333,0.0,1,2025-10-08,2025-10-08
2025-10-09,6,0.6694193857256323,0.28049202391767336,1.0,0.0,0.0,1,2025-10-09,2025-10-09
2025-10-10,4,0.3109008191386238,0.5658658999267508,0.75,0.25,0.0,1,2025-10-10,2025-10-10
2025-10-13,5,0.12430383451282978,0.759007983961876,0.4,0.6,0.0,1,2025-10-13,2025-10-13
2025-10-14,5,0.3680365804582834,0.7232989045485761,0.8,0.2,0.0,1,2025-10-14,2025-10-14
2025-10-15,5,0.14354133522138,0.7357621662416879,0.4,0.6,0.0,1,2025-10-15,2025-10-15
2025-10-16,5,0.6207142957486214,0.43900256061477533,0.8,0.2,0.0,1,2025-10-16,2025-10-16
2025-10-17,8,0.23420327942585573,0.6706986370051843,0.625,0.375,0.0,1,2025-10-17,2025-10-17
2025-10-20,2,0.44565893593244255,0.7135572493376574,0.5,0.5,0.0,1,2025-10-20,2025-10-20
2025-10-21,5,0.2419528404250741,0.7387570425357287,0.6,0.2,0.2,1,2025-10-21,2025-10-21
2025-10-22,11,0.34294774798168376,0.5336357201802489,0.6363636363636364,0.2727272727272727,0.09090909090909091,1,2025-10-22,2025-10-22
2025-10-23,11,0.5350255848501217,0.41845760394597253,0.9090909090909091,0.09090909090909091,0.0,1,2025-10-23,2025-10-23
2025-10-24,5,0.12348413169384005,0.6695035365474131,0.6,0.4,0.0,1,2025-10-24,2025-10-24
2025-10-27,3,0.7220866251736879,0.4182532808213469,1.0,0.0,0.0,1,2025-10-27,2025-10-27
2025-10-28,5,0.2197780892252922,0.7444771963905403,0.6,0.4,0.0,1,2025-10-28,2025-10-28
2025-10-29,2,0.5201254989951849,0.6289486406126912,1.0,0.0,0.0,1,2025-10-29,2025-10-29
2025-10-30,5,-0.3098004169762134,0.42438921738235513,0.2,0.8,0.0,1,2025-10-30,2025-10-30
2025-10-31,8,0.38682324084220454,0.6917186755288471,0.625,0.375,0.0,1,2025-10-31,2025-10-31
2025-11-03,5,0.23037691237404942,0.6470600429558004,0.8,0.2,0.0,1,2025-11-03,2025-11-03
2025-11-04,4,0.7683574164984748,0.13491436509827692,1.0,0.0,0.0,1,2025-11-04,2025-11-04
2025-11-05,5,0.26437101224437365,0.7923356433422447,0.6,0.4,0.0,1,2025-11-05,2025-11-05
2025-11-06,6,0.7440975186570237,0.25970864838749286,1.0,0.0,0.0,1,2025-11-06,2025-11-06
2025-11-07,6,0.6013881534648439,0.46769078711579204,0.8333333333333334,0.16666666666666666,0.0,1,2025-11-07,2025-11-07
2025-11-10,4,-0.5990678197704256,0.35682810568734746,0.0,0.75,0.25,1,2025-11-10,2025-11-10
2025-11-11,5,0.5221374190412462,0.41197351282559547,0.8,0.2,0.0,1,2025-11-11,2025-11-11
2025-11-12,5,0.6743368943221867,0.22902532198388445,1.0,0.0,0.0,1,2025-11-12,2025-11-12
2025-11-13,6,0.6797960444431131,0.27927948945604514,1.0,0.0,0.0,1,2025-11-13,2025-11-13
2025-11-14,6,0.3865965909790248,0.6620387934855858,0.8333333333333334,0.16666666666666666,0.0,1,2025-11-14,2025-11-14
2025-11-17,5,0.06333534121513366,0.5344073797306262,0.4,0.6,0.0,1,2025-11-17,2025-11-17
2025-11-18,6,0.4274978561637302,0.636094896992591,0.5,0.16666666666666666,0.3333333333333333,1,2025-11-18,2025-11-18
2025-11-19,6,0.5807888589333744,0.7467147370888182,0.8333333333333334,0.16666666666666666,0.0,1,2025-11-19,2025-11-19
2025-11-20,3,0.08860915402571364,0.6333442092699394,0.6666666666666666,0.3333333333333333,0.0,1,2025-11-20,2025-11-20
2025-11-21,5,0.021657600393518772,0.5927620526230591,0.4,0.6,0.0,1,2025-11-21,2025-11-21
2025-11-24,5,0.495392591226846,0.6825489240230522,0.8,0.2,0.0,1,2025-11-24,2025-11-24
2025-11-25,8,0.6928596660727635,0.2917811724914823,1.0,0.0,0.0,1,2025-11-25,2025-11-25
2025-11-26,6,0.6340872881313165,0.2816687285607121,1.0,0.0,0.0,1,2025-11-26,2025-11-26
2025-11-27,9,0.582625987008214,0.412826409525932,0.8888888888888888,0.0,0.1111111111111111,1,2025-11-27,2025-11-27
2025-11-28,7,0.5306085641163268,0.3652068587885831,0.8571428571428571,0.0,0.14285714285714285,1,2025-11-28,2025-11-28
2025-11-29,2,0.421289776917547,0.7821279258988374,0.5,0.5,0.0,1,2025-11-29,2025-11-29
2025-12-01,5,0.3908570896834135,0.4001622679084637,0.6,0.0,0.4,1,2025-12-01,2025-12-01
2025-12-02,4,0.7517027818830685,0.18097029664072684,1.0,0.0,0.0,1,2025-12-02,2025-12-02
2025-12-03,2,0.35531548224389564,0.734922824022453,0.5,0.5,0.0,1,2025-12-03,2025-12-03
2025-12-04,6,0.30315964672869694,0.6932757498088099,0.6666666666666666,0.16666666666666666,0.16666666666666666,1,2025-12-04,2025-12-04
2025-12-05,3,0.48286206213136523,0.4274814712616726,1.0,0.0,0.0,1,2025-12-05,2025-12-05
2025-12-08,4,0.006259175017476068,0.6703454161425995,0.5,0.5,0.0,1,2025-12-08,2025-12-08
2025-12-09,5,0.4470772325992585,0.41460876444334915,0.8,0.2,0.0,1,2025-12-09,2025-12-09
2025-12-10,4,0.23154010251164442,0.6177542559457758,0.75,0.25,0.0,1,2025-12-10,2025-12-10
2025-12-11,4,0.05285091465339073,0.6549096241769996,0.5,0.25,0.25,1,2025-12-11,2025-12-11
2025-12-12,6,0.025801920642455418,0.6920101054727538,0.5,0.5,0.0,1,2025-12-12,2025-12-12
2025-12-15,6,0.20934595788518587,0.48720681591829496,0.8333333333333334,0.16666666666666666,0.0,1,2025-12-15,2025-12-15
2025-12-16,4,0.40496721491217613,0.6241357417316449,0.5,0.5,0.0,1,2025-12-16,2025-12-16
2025-12-17,8,0.3049420159950387,0.5973289444255168,0.625,0.375,0.0,1,2025-12-17,2025-12-17
2025-12-18,4,0.04685894958674908,0.496101300808005,0.5,0.5,0.0,1,2025-12-18,2025-12-18
2025-12-19,5,0.048513476923108124,0.8092117326019972,0.6,0.4,0.0,1,2025-12-19,2025-12-19
2025-12-20,1,0.9504064098000528,0.0,1.0,0.0,0.0,1,2025-12-20,2025-12-20
2025-12-22,3,0.2586187434693178,0.5232604492094404,0.6666666666666666,0.3333333333333333,0.0,1,2025-12-22,2025-12-22
2025-12-23,9,0.3643832210865286,0.3981182624197896,0.7777777777777778,0.1111111111111111,0.1111111111111111,1,2025-12-23,2025-12-23
2025-12-24,3,0.8704308718442917,0.023045190819553755,1.0,0.0,0.0,1,2025-12-24,2025-12-24
2025-12-25,1,0.439999356865883,0.0,1.0,0.0,0.0,1,2025-12-25,2025-12-25
2025-12-26,2,0.03984258696436882,0.3709562300068388,0.5,0.0,0.5,1,2025-12-26,2025-12-26
2025-12-29,5,0.02674097064882521,0.6849308259045364,0.4,0.4,0.2,1,2025-12-29,2025-12-29
2025-12-30,3,0.2800540601213773,0.34464162244501917,0.6666666666666666,0.3333333333333333,0.0,1,2025-12-30,2025-12-30
2025-12-31,8,0.08377676783129573,0.7448102142071259,0.625,0.375,0.0,1,2025-12-31,2025-12-31
