market_date,article_count,sentiment_score_mean,sentiment_score_std,positive_ratio,negative_ratio,neutral_ratio,source_day_count,first_calendar_date,last_calendar_date,Date,Adj Close ^KLSE,Close ^KLSE,High ^KLSE,Low ^KLSE,Open ^KLSE,Volume ^KLSE,date,close,return_tplus0_1d,return_tplus1_1d,return_tplus2_1d
2023-01-03,164,0.08751556948082885,0.6607954168357607,0.5,0.36585365853658536,0.13414634146341464,3,2023-01-01,2023-01-03,2023-01-03,1473.989990234375,1473.989990234375,1488.5400390625,1473.800048828125,1488.5400390625,59804600,2023-01-03,1473.989990234375,,-0.003012192372855993,0.007743870235578099
2023-01-04,23,0.13304803751247085,0.62687945954948,0.43478260869565216,0.34782608695652173,0.21739130434782608,1,2023-01-04,2023-01-04,2023-01-04,1469.550048828125,1469.550048828125,1476.1400146484375,1469.550048828125,1472.8499755859375,99239400,2023-01-04,1469.550048828125,-0.003012192372855993,0.007743870235578099,-0.00025659880550077396
2023-01-05,21,0.2828701793970097,0.5922878430203978,0.6666666666666666,0.23809523809523808,0.09523809523809523,1,2023-01-05,2023-01-05,2023-01-05,1480.9300537109375,1480.9300537109375,1481.010009765625,1471.9100341796875,1472.4599609375,114428100,2023-01-05,1480.9300537109375,0.007743870235578099,-0.00025659880550077396,0.008692711960243571
2023-01-06,60,0.05840195757336915,0.7111633023953969,0.48333333333333334,0.4166666666666667,0.1,1,2023-01-06,2023-01-06,2023-01-06,1480.550048828125,1480.550048828125,1482.3900146484375,1474.47998046875,1479.530029296875,73345700,2023-01-06,1480.550048828125,-0.00025659880550077396,0.008692711960243571,-0.00555104312153154
2023-01-09,215,0.20825822844040082,0.693947989609176,0.5953488372093023,0.31627906976744186,0.08837209302325581,3,2023-01-07,2023-01-09,2023-01-09,1493.4200439453125,1493.4200439453125,1493.4200439453125,1483.9300537109375,1484.56005859375,107069100,2023-01-09,1493.4200439453125,0.008692711960243571,-0.00555104312153154,0.0018449497521202396
2023-01-10,14,0.031065451214089972,0.6966318566072545,0.5714285714285714,0.35714285714285715,0.07142857142857142,1,2023-01-10,2023-01-10,2023-01-10,1485.1300048828125,1485.1300048828125,1491.219970703125,1480.3699951171875,1490.4000244140625,148942700,2023-01-10,1485.1300048828125,-0.00555104312153154,0.0018449497521202396,0.0005309866218774495
2023-01-11,111,0.012049856581012005,0.6851378858239815,0.42342342342342343,0.43243243243243246,0.14414414414414414,1,2023-01-11,2023-01-11,2023-01-11,1487.8699951171875,1487.8699951171875,1489.0,1484.2099609375,1487.0400390625,130154200,2023-01-11,1487.8699951171875,0.0018449497521202396,0.0005309866218774495,0.004279012649585745
2023-01-12,93,0.1543921823037528,0.6643434433556082,0.4838709677419355,0.3655913978494624,0.15053763440860216,1,2023-01-12,2023-01-12,2023-01-12,1488.6600341796875,1488.6600341796875,1491.3499755859375,1486.1500244140625,1488.5699462890625,147707800,2023-01-12,1488.6600341796875,0.0005309866218774495,0.004279012649585745,-0.0009832382455998712
2023-02-02,115,0.14228978897242442,0.6455461717910402,0.5130434782608696,0.3652173913043478,0.12173913043478261,2,2023-02-01,2023-02-02,2023-02-02,1489.800048828125,1489.800048828125,1493.2099609375,1485.9000244140625,1488.8199462890625,190424300,2023-02-02,1489.800048828125,0.0028946811364019,0.0004496723406117731,-0.009453371149547918
2023-02-03,82,0.03950836490726143,0.6691264666964575,0.43902439024390244,0.3902439024390244,0.17073170731707318,1,2023-02-03,2023-02-03,2023-02-03,1490.469970703125,1490.469970703125,1493.3399658203125,1485.25,1490.56005859375,123555800,2023-02-03,1490.469970703125,0.0004496723406117731,-0.009453371149547918,-0.0038133846734529353
2023-02-07,197,0.1032465017698516,0.6509022368816703,0.49238578680203043,0.3604060913705584,0.14720812182741116,4,2023-02-04,2023-02-07,2023-02-07,1476.3800048828125,1476.3800048828125,1487.989990234375,1471.7900390625,1487.8199462890625,157016900,2023-02-07,1476.3800048828125,-0.009453371149547918,-0.0038133846734529353,-0.00415433306242563
2023-02-08,77,0.013834131406862052,0.6987408697699243,0.4155844155844156,0.4675324675324675,0.11688311688311688,1,2023-02-08,2023-02-08,2023-02-08,1470.75,1470.75,1479.949951171875,1469.010009765625,1476.3900146484375,143187400,2023-02-08,1470.75,-0.0038133846734529353,-0.00415433306242563,0.006793444854955144
2023-02-09,18,0.027035597427230725,0.5570980986383364,0.4444444444444444,0.2777777777777778,0.2777777777777778,1,2023-02-09,2023-02-09,2023-02-09,1464.6400146484375,1464.6400146484375,1471.300048828125,1463.75,1471.300048828125,133461000,2023-02-09,1464.6400146484375,-0.00415433306242563,0.006793444854955144,0.0003933826612452229
2023-02-10,109,0.11482553185954895,0.6446887372339541,0.46788990825688076,0.3853211009174312,0.14678899082568808,1,2023-02-10,2023-02-10,2023-02-10,1474.5899658203125,1474.5899658203125,1476.030029296875,1463.31005859375,1465.050048828125,105719000,2023-02-10,1474.5899658203125,0.006793444854955144,0.0003933826612452229,0.005965364327950473
2023-02-13,126,0.2280731192856495,0.6127425640475258,0.5714285714285714,0.2698412698412698,0.15873015873015872,2,2023-02-11,2023-02-12,2023-02-13,1475.1700439453125,1475.1700439453125,1475.1700439453125,1469.260009765625,1474.719970703125,110899900,2023-02-13,1475.1700439453125,0.0003933826612452229,0.005965364327950473,0.0028437035697734814
2023-03-01,102,0.1135376475217259,0.6753123809450379,0.5098039215686274,0.3627450980392157,0.12745098039215685,1,2023-03-01,2023-03-01,2023-03-01,1450.199951171875,1450.199951171875,1454.3800048828125,1444.3900146484375,1454.3800048828125,137107700,2023-03-01,1450.199951171875,-0.002743788910076317,0.0036477997797650374,-0.0013328442100365434
2023-03-02,72,0.07456532129759175,0.6683681257844454,0.5,0.3888888888888889,0.1111111111111111,1,2023-03-02,2023-03-02,2023-03-02,1455.489990234375,1455.489990234375,1457.02001953125,1447.06005859375,1451.3399658203125,103775800,2023-03-02,1455.489990234375,0.0036477997797650374,-0.0013328442100365434,-0.0005985312427934097
2023-03-03,84,0.05601161831180522,0.6258518266575802,0.4523809523809524,0.5,0.047619047619047616,1,2023-03-03,2023-03-03,2023-03-03,1453.550048828125,1453.550048828125,1457.780029296875,1452.6199951171875,1457.780029296875,101759100,2023-03-03,1453.550048828125,-0.0013328442100365434,-0.0005985312427934097,0.00412340640258213
2023-03-06,183,0.1448935298732599,0.6606830767140722,0.5573770491803278,0.3005464480874317,0.14207650273224043,3,2023-03-04,2023-03-06,2023-03-06,1452.6800537109375,1452.6800537109375,1460.97998046875,1452.1199951171875,1458.77001953125,97343200,2023-03-06,1452.6800537109375,-0.0005985312427934097,0.00412340640258213,-0.002749086253104216
2023-03-07,97,0.14926984894435047,0.6825974002120749,0.5257731958762887,0.36082474226804123,0.1134020618556701,1,2023-03-07,2023-03-07,2023-03-07,1458.6700439453125,1458.6700439453125,1461.4200439453125,1452.6400146484375,1453.969970703125,114286600,2023-03-07,1458.6700439453125,0.00412340640258213,-0.002749086253104216,-0.0035266005542700096
2023-03-08,95,0.09838091083067028,0.720520309908774,0.5263157894736842,0.37894736842105264,0.09473684210526316,1,2023-03-08,2023-03-08,2023-03-08,1454.6600341796875,1454.6600341796875,1458.6300048828125,1451.0799560546875,1455.469970703125,116583700,2023-03-08,1454.6600341796875,-0.002749086253104216,-0.0035266005542700096,-0.011348556366346463
2023-03-09,7,0.6010445635765791,0.6609112635255889,0.8571428571428571,0.14285714285714285,0.0,1,2023-03-09,2023-03-09,2023-03-09,1449.530029296875,1449.530029296875,1455.1199951171875,1448.449951171875,1454.8199462890625,112442800,2023-03-09,1449.530029296875,-0.0035266005542700096,-0.011348556366346463,-0.007850224931602257
2023-03-10,91,0.04481701095138196,0.6549427171687714,0.4725274725274725,0.42857142857142855,0.0989010989010989,1,2023-03-10,2023-03-10,2023-03-10,1433.0799560546875,1433.0799560546875,1445.800048828125,1433.0799560546875,1445.800048828125,118232000,2023-03-10,1433.0799560546875,-0.011348556366346463,-0.007850224931602257,-0.019692931549771808
2023-03-13,115,0.27253880822302207,0.6229404026978422,0.6347826086956522,0.25217391304347825,0.11304347826086956,2,2023-03-11,2023-03-12,2023-03-13,1421.8299560546875,1421.8299560546875,1423.6600341796875,1409.9300537109375,1419.4200439453125,130371500,2023-03-13,1421.8299560546875,-0.007850224931602257,-0.019692931549771808,0.007246291136430161
2023-04-03,158,0.01861877714230715,0.6340638073077223,0.4240506329113924,0.4177215189873418,0.15822784810126583,3,2023-04-01,2023-04-03,2023-04-03,1433.3900146484375,1433.3900146484375,1433.3900146484375,1426.77001953125,1426.77001953125,96205600,2023-04-03,1433.3900146484375,0.007591821317182834,-0.0026371254566065483,-4.192508729772282e-05
2023-04-04,63,0.20199845059375682,0.6030167438032157,0.5555555555555556,0.30158730158730157,0.14285714285714285,1,2023-04-04,2023-04-04,2023-04-04,1429.6099853515625,1429.6099853515625,1432.8299560546875,1426.6300048828125,1432.239990234375,99190200,2023-04-04,1429.6099853515625,-0.0026371254566065483,-4.192508729772282e-05,-0.0032597908576251777
2023-04-05,58,-0.0001730442223749265,0.5848077460817721,0.3793103448275862,0.4827586206896552,0.13793103448275862,1,2023-04-05,2023-04-05,2023-04-05,1429.550048828125,1429.550048828125,1430.199951171875,1425.7099609375,1429.2900390625,54635100,2023-04-05,1429.550048828125,-4.192508729772282e-05,-0.0032597908576251777,0.0015089055239065896
2023-04-06,14,0.0361565150586622,0.7592704139755213,0.42857142857142855,0.42857142857142855,0.14285714285714285,1,2023-04-06,2023-04-06,2023-04-06,1424.8900146484375,1424.8900146484375,1431.3199462890625,1416.6700439453125,1431.3199462890625,101716000,2023-04-06,1424.8900146484375,-0.0032597908576251777,0.0015089055239065896,0.0007637948414036533
2023-04-07,88,0.043842723611636436,0.6529681496000747,0.45454545454545453,0.3977272727272727,0.14772727272727273,1,2023-04-07,2023-04-07,2023-04-07,1427.0400390625,1427.0400390625,1427.0799560546875,1421.6199951171875,1424.8599853515625,76320400,2023-04-07,1427.0400390625,0.0015089055239065896,0.0007637948414036533,0.005433685826285561
2023-04-10,278,0.19921060111340164,0.6454733058628522,0.5683453237410072,0.33093525179856115,0.10071942446043165,3,2023-04-08,2023-04-10,2023-04-10,1428.1300048828125,1428.1300048828125,1429.6500244140625,1425.18994140625,1427.8900146484375,57424000,2023-04-10,1428.1300048828125,0.0007637948414036533,0.005433685826285561,-0.0008009139992133374
2023-04-11,18,0.12867915572132915,0.6601467854414903,0.5,0.3333333333333333,0.16666666666666666,1,2023-04-11,2023-04-11,2023-04-11,1435.8900146484375,1435.8900146484375,1435.8900146484375,1426.5,1429.1199951171875,92736300,2023-04-11,1435.8900146484375,0.005433685826285561,-0.0008009139992133374,-0.0003624486212062683
2023-04-12,114,0.24221798395247837,0.5941731500461496,0.5789473684210527,0.2631578947368421,0.15789473684210525,1,2023-04-12,2023-04-12,2023-04-12,1434.739990234375,1434.739990234375,1437.0799560546875,1429.0,1437.02001953125,92391900,2023-04-12,1434.739990234375,-0.0008009139992133374,-0.0003624486212062683,0.000634515066221919
2023-05-02,110,0.15230836151379415,0.627041954659292,0.5,0.35454545454545455,0.14545454545454545,2,2023-05-01,2023-05-02,2023-05-02,1426.1099853515625,1426.1099853515625,1428.3199462890625,1415.9200439453125,1416.2099609375,95430800,2023-05-02,1426.1099853515625,0.007175418997881211,-8.414155879987728e-05,0.003541433574365316
2023-05-03,18,0.3230539566526811,0.604058813828229,0.6666666666666666,0.2222222222222222,0.1111111111111111,1,2023-05-03,2023-05-03,2023-05-03,1425.989990234375,1425.989990234375,1425.989990234375,1415.469970703125,1423.9000244140625,108563000,2023-05-03,1425.989990234375,-8.414155879987728e-05,0.003541433574365316,0.001886705541547018
2023-05-05,141,0.12048379871300718,0.6758327492407085,0.524822695035461,0.3333333333333333,0.14184397163120568,2,2023-05-04,2023-05-05,2023-05-05,1431.0400390625,1431.0400390625,1431.22998046875,1421.780029296875,1423.6099853515625,83059100,2023-05-05,1431.0400390625,0.003541433574365316,0.001886705541547018,-0.0007741887365372291
2023-05-08,157,0.09098745205670976,0.660309055566249,0.49044585987261147,0.3821656050955414,0.12738853503184713,3,2023-05-06,2023-05-08,2023-05-08,1433.739990234375,1433.739990234375,1438.3299560546875,1430.8599853515625,1432.300048828125,79483400,2023-05-08,1433.739990234375,0.001886705541547018,-0.0007741887365372291,-0.004851183591148889
2023-05-09,107,-0.015002474234500358,0.6690922736674231,0.4392523364485981,0.4672897196261682,0.09345794392523364,1,2023-05-09,2023-05-09,2023-05-09,1432.6300048828125,1432.6300048828125,1432.75,1428.52001953125,1431.5799560546875,95374100,2023-05-09,1432.6300048828125,-0.0007741887365372291,-0.004851183591148889,-0.0003507098234969419
2023-05-10,84,0.26272082023344756,0.6292293328239292,0.5714285714285714,0.30952380952380953,0.11904761904761904,1,2023-05-10,2023-05-10,2023-05-10,1425.6800537109375,1425.6800537109375,1433.6800537109375,1424.530029296875,1433.1099853515625,90411500,2023-05-10,1425.6800537109375,-0.004851183591148889,-0.0003507098234969419,-0.0015857713976141774
2023-05-11,10,0.5845435069873929,0.5631847726021104,0.8,0.1,0.1,1,2023-05-11,2023-05-11,2023-05-11,1425.1800537109375,1425.1800537109375,1428.780029296875,1424.8199462890625,1425.5799560546875,122493500,2023-05-11,1425.1800537109375,-0.0003507098234969419,-0.0015857713976141774,-0.003900464296459294
2023-05-12,102,0.2077465350351607,0.6913488889893525,0.5392156862745098,0.37254901960784315,0.08823529411764706,1,2023-05-12,2023-05-12,2023-05-12,1422.9200439453125,1422.9200439453125,1429.9200439453125,1422.9200439453125,1426.47998046875,153286800,2023-05-12,1422.9200439453125,-0.0015857713976141774,-0.003900464296459294,0.0043249150919875134
2023-06-01,96,0.07721175730694085,0.6526560414051336,0.4895833333333333,0.3854166666666667,0.125,1,2023-06-01,2023-06-01,2023-06-01,1383.010009765625,1383.010009765625,1386.4100341796875,1378.5799560546875,1383.300048828125,139957800,2023-06-01,1383.010009765625,-0.002962963093337323,-0.0012653559899371558,0.001382820154194997
2023-06-02,28,-0.0056319275671350205,0.6887601483126554,0.4642857142857143,0.42857142857142855,0.10714285714285714,1,2023-06-02,2023-06-02,2023-06-02,1381.260009765625,1381.260009765625,1385.8199462890625,1376.780029296875,1385.8199462890625,128952300,2023-06-02,1381.260009765625,-0.0012653559899371558,0.001382820154194997,-0.003267869739542073
2023-06-06,268,0.1086804376282632,0.6674775271625166,0.48880597014925375,0.3805970149253731,0.13059701492537312,4,2023-06-03,2023-06-06,2023-06-06,1383.1700439453125,1383.1700439453125,1383.5799560546875,1377.3499755859375,1382.0999755859375,120094000,2023-06-06,1383.1700439453125,0.001382820154194997,-0.003267869739542073,-0.002908649544563935
2023-06-07,88,0.14915794986353087,0.6144377897080008,0.4431818181818182,0.3181818181818182,0.23863636363636365,1,2023-06-07,2023-06-07,2023-06-07,1378.6500244140625,1378.6500244140625,1383.550048828125,1371.739990234375,1382.0,118413400,2023-06-07,1378.6500244140625,-0.003267869739542073,-0.002908649544563935,0.0010475043581634758
2023-06-08,14,0.3833117876534483,0.5091523260730981,0.5714285714285714,0.21428571428571427,0.21428571428571427,1,2023-06-08,2023-06-08,2023-06-08,1374.6400146484375,1374.6400146484375,1376.6199951171875,1369.4100341796875,1375.7900390625,109443600,2023-06-08,1374.6400146484375,-0.002908649544563935,0.0010475043581634758,0.007768490071762724
2023-06-09,84,0.12529067122488327,0.6552168917294279,0.5,0.34523809523809523,0.15476190476190477,1,2023-06-09,2023-06-09,2023-06-09,1376.0799560546875,1376.0799560546875,1381.260009765625,1373.0799560546875,1375.5799560546875,92008800,2023-06-09,1376.0799560546875,0.0010475043581634758,0.007768490071762724,-0.00444200126403782
2023-06-12,288,0.11328643163627324,0.6812741149433873,0.5,0.3819444444444444,0.11805555555555555,3,2023-06-10,2023-06-12,2023-06-12,1386.77001953125,1386.77001953125,1390.550048828125,1377.6099853515625,1377.6099853515625,100957500,2023-06-12,1386.77001953125,0.007768490071762724,-0.00444200126403782,0.0034840097093207234
2023-07-03,209,0.05758904141004078,0.642264277998568,0.45454545454545453,0.37320574162679426,0.1722488038277512,3,2023-07-01,2023-07-03,2023-07-03,1395.8900146484375,1395.8900146484375,1397.3699951171875,1379.31005859375,1379.3900146484375,70750600,2023-07-03,1395.8900146484375,0.013953831092212265,-0.002435739476880472,-0.0018599529177776297
2023-07-04,81,0.07084027311569195,0.650037301686161,0.43209876543209874,0.37037037037037035,0.19753086419753085,1,2023-07-04,2023-07-04,2023-07-04,1392.489990234375,1392.489990234375,1396.3299560546875,1388.8499755859375,1393.56005859375,63595600,2023-07-04,1392.489990234375,-0.002435739476880472,-0.0018599529177776297,-0.0028419837202698917
2023-07-05,7,-0.12111312390438149,0.9519208462079825,0.42857142857142855,0.5714285714285714,0.0,1,2023-07-05,2023-07-05,2023-07-05,1389.9000244140625,1389.9000244140625,1395.8199462890625,1389.9000244140625,1392.3800048828125,68297000,2023-07-05,1389.9000244140625,-0.0018599529177776297,-0.0028419837202698917,-0.005974174766961493
2023-07-06,45,0.3281865269566576,0.5866995323672884,0.6666666666666666,0.2,0.13333333333333333,1,2023-07-06,2023-07-06,2023-07-06,1385.949951171875,1385.949951171875,1389.7099609375,1381.8599853515625,1389.7099609375,92373100,2023-07-06,1385.949951171875,-0.0028419837202698917,-0.005974174766961493,0.003912413333022613
2023-07-07,107,-0.0014706605949621923,0.7018557636321598,0.42990654205607476,0.45794392523364486,0.11214953271028037,1,2023-07-07,2023-07-07,2023-07-07,1377.6700439453125,1377.6700439453125,1385.739990234375,1377.6700439453125,1382.199951171875,85665300,2023-07-07,1377.6700439453125,-0.005974174766961493,0.003912413333022613,0.006073418353423232
2023-07-10,210,0.10841134977083476,0.6674247625175684,0.49523809523809526,0.37142857142857144,0.13333333333333333,3,2023-07-08,2023-07-10,2023-07-10,1383.06005859375,1383.06005859375,1386.93994140625,1377.56005859375,1377.56005859375,77577500,2023-07-10,1383.06005859375,0.003912413333022613,0.006073418353423232,0.004743289668071471
2023-07-11,86,0.05648722647700112,0.6745742613302828,0.4069767441860465,0.43023255813953487,0.16279069767441862,1,2023-07-11,2023-07-11,2023-07-11,1391.4599609375,1391.4599609375,1391.4599609375,1384.8399658203125,1386.0899658203125,105063900,2023-07-11,1391.4599609375,0.006073418353423232,0.004743289668071471,-0.0013090125232823047
2023-07-12,98,0.2177707830999921,0.675316258583875,0.5612244897959183,0.336734693877551,0.10204081632653061,1,2023-07-12,2023-07-12,2023-07-12,1398.06005859375,1398.06005859375,1400.050048828125,1389.93994140625,1390.27001953125,81189300,2023-07-12,1398.06005859375,0.004743289668071471,-0.0013090125232823047,0.011359149691254844
2023-08-01,9,-0.19701051318811047,0.7095108919982072,0.3333333333333333,0.6666666666666666,0.0,1,2023-08-01,2023-08-01,2023-08-01,1451.239990234375,1451.239990234375,1462.56005859375,1449.02001953125,1458.9000244140625,98171000,2023-08-01,1451.239990234375,-0.005611823229031976,-0.00460291315397543,-0.0018760611521065895
2023-08-02,79,0.08006264942792493,0.6485484551060773,0.46835443037974683,0.379746835443038,0.1518987341772152,1,2023-08-02,2023-08-02,2023-08-02,1444.56005859375,1444.56005859375,1450.280029296875,1441.8499755859375,1449.449951171875,91589600,2023-08-02,1444.56005859375,-0.00460291315397543,-0.0018760611521065895,0.0023303293743837106
2023-08-03,105,-0.029941165826416444,0.6916573424175604,0.44761904761904764,0.47619047619047616,0.0761904761904762,1,2023-08-03,2023-08-03,2023-08-03,1441.8499755859375,1441.8499755859375,1442.780029296875,1433.0400390625,1441.3699951171875,89240200,2023-08-03,1441.8499755859375,-0.0018760611521065895,0.0023303293743837106,0.00041523216174121913
2023-08-04,17,-0.16834371350705624,0.5676660134575517,0.17647058823529413,0.6470588235294118,0.17647058823529413,1,2023-08-04,2023-08-04,2023-08-04,1445.2099609375,1445.2099609375,1447.1300048828125,1442.22998046875,1442.489990234375,70523900,2023-08-04,1445.2099609375,0.0023303293743837106,0.00041523216174121913,0.0035896426196522224
2023-08-07,157,0.1320448654027549,0.6672602778069248,0.5095541401273885,0.36942675159235666,0.12101910828025478,3,2023-08-05,2023-08-07,2023-08-07,1445.81005859375,1445.81005859375,1449.3800048828125,1442.1300048828125,1444.8900146484375,48138700,2023-08-07,1445.81005859375,0.00041523216174121913,0.0035896426196522224,0.007601674222518895
2023-08-08,79,-0.11169987000949398,0.6646303356742136,0.45569620253164556,0.45569620253164556,0.08860759493670886,1,2023-08-08,2023-08-08,2023-08-08,1451.0,1451.0,1452.469970703125,1441.6300048828125,1444.2099609375,87847500,2023-08-08,1451.0,0.0035896426196522224,0.007601674222518895,-0.0021203227866860574
2023-08-09,94,0.012076741114179512,0.6510234051172851,0.3617021276595745,0.4574468085106383,0.18085106382978725,1,2023-08-09,2023-08-09,2023-08-09,1462.030029296875,1462.030029296875,1462.030029296875,1446.7099609375,1450.300048828125,140193500,2023-08-09,1462.030029296875,0.007601674222518895,-0.0021203227866860574,-0.0012132312489880892
2023-08-10,13,0.16369737656070635,0.7780040994990192,0.5384615384615384,0.38461538461538464,0.07692307692307693,1,2023-08-10,2023-08-10,2023-08-10,1458.9300537109375,1458.9300537109375,1460.699951171875,1453.3699951171875,1460.3599853515625,140203100,2023-08-10,1458.9300537109375,-0.0021203227866860574,-0.0012132312489880892,-0.00010982608356924217
2023-08-11,81,0.1345369864634618,0.644495006744233,0.5308641975308642,0.345679012345679,0.12345679012345678,1,2023-08-11,2023-08-11,2023-08-11,1457.1600341796875,1457.1600341796875,1458.969970703125,1449.6700439453125,1458.469970703125,116246300,2023-08-11,1457.1600341796875,-0.0012132312489880892,-0.00010982608356924217,0.002251221205816778
2023-08-14,90,0.16608968600630764,0.615213353696923,0.5666666666666667,0.3111111111111111,0.12222222222222222,1,2023-08-12,2023-08-12,2023-08-14,1457.0,1457.0,1457.4300537109375,1452.1500244140625,1457.18994140625,83404700,2023-08-14,1457.0,-0.00010982608356924217,0.002251221205816778,0.002211891146868039
2023-09-01,127,0.20772408841060488,0.6485962410484639,0.5590551181102362,0.33070866141732286,0.11023622047244094,1,2023-09-01,2023-09-01,2023-09-01,1463.4300537109375,1463.4300537109375,1463.4300537109375,1454.6700439453125,1461.9100341796875,163156900,2023-09-01,1463.4300537109375,0.007913627814081003,-0.0004852182760712864,-0.00539407050321794
2023-09-04,203,0.07692572290738448,0.6506176454824765,0.47783251231527096,0.3891625615763547,0.1330049261083744,3,2023-09-02,2023-09-04,2023-09-04,1462.719970703125,1462.719970703125,1465.9300537109375,1460.8399658203125,1464.0699462890625,95591500,2023-09-04,1462.719970703125,-0.0004852182760712864,-0.00539407050321794,0.0039798734129739
2023-09-05,104,0.07860277624254547,0.7149818382890408,0.5,0.4230769230769231,0.07692307692307693,1,2023-09-05,2023-09-05,2023-09-05,1454.8299560546875,1454.8299560546875,1462.5799560546875,1452.47998046875,1462.5799560546875,112482000,2023-09-05,1454.8299560546875,-0.00539407050321794,0.0039798734129739,-0.00037658585392763566
2023-09-06,68,0.18908906552036675,0.6563472247963363,0.5294117647058824,0.3382352941176471,0.1323529411764706,1,2023-09-06,2023-09-06,2023-09-06,1460.6199951171875,1460.6199951171875,1463.0400390625,1454.25,1455.010009765625,106479500,2023-09-06,1460.6199951171875,0.0039798734129739,-0.00037658585392763566,-0.0035066779712852325
2023-09-07,18,0.6129049598498063,0.5695990971367554,0.8333333333333334,0.1111111111111111,0.05555555555555555,1,2023-09-07,2023-09-07,2023-09-07,1460.0699462890625,1460.0699462890625,1463.300048828125,1458.27001953125,1458.969970703125,81318800,2023-09-07,1460.0699462890625,-0.00037658585392763566,-0.0035066779712852325,6.191820588230534e-05
2023-09-08,95,0.16650711479596794,0.760251399360396,0.5789473684210527,0.37894736842105264,0.042105263157894736,1,2023-09-08,2023-09-08,2023-09-08,1454.949951171875,1454.949951171875,1460.22998046875,1454.699951171875,1459.5400390625,82555700,2023-09-08,1454.949951171875,-0.0035066779712852325,6.191820588230534e-05,-0.00113400619210835
2023-09-11,201,0.12440766091110993,0.6860877962778316,0.5024875621890548,0.39800995024875624,0.09950248756218906,3,2023-09-09,2023-09-11,2023-09-11,1455.0400390625,1455.0400390625,1455.56005859375,1450.6800537109375,1453.719970703125,69955700,2023-09-11,1455.0400390625,6.191820588230534e-05,-0.00113400619210835,0.00010322378202021198
2023-09-12,20,0.10362597927451134,0.6458672913674478,0.4,0.35,0.25,1,2023-09-12,2023-09-12,2023-09-12,1453.3900146484375,1453.3900146484375,1454.3199462890625,1447.9599609375,1454.2900390625,98947900,2023-09-12,1453.3900146484375,-0.00113400619210835,0.00010322378202021198,-0.0027244402640375087
2023-10-02,184,0.14164046539403702,0.6345683040589473,0.4945652173913043,0.375,0.13043478260869565,2,2023-10-01,2023-10-02,2023-10-02,1418.760009765625,1418.760009765625,1428.0400390625,1418.760009765625,1424.0699462890625,77411100,2023-10-02,1418.760009765625,-0.0037987276889355215,0.0008810510526064963,-0.0029366299650245287
2023-10-03,67,-0.037898121530245715,0.7435484238177034,0.417910447761194,0.4925373134328358,0.08955223880597014,1,2023-10-03,2023-10-03,2023-10-03,1420.010009765625,1420.010009765625,1424.1099853515625,1417.93994140625,1418.5799560546875,119741100,2023-10-03,1420.010009765625,0.0008810510526064963,-0.0029366299650245287,-0.00016950378585756098
2023-10-04,98,0.19195348091128908,0.6748002211000562,0.5204081632653061,0.336734693877551,0.14285714285714285,1,2023-10-04,2023-10-04,2023-10-04,1415.8399658203125,1415.8399658203125,1419.6600341796875,1412.699951171875,1417.9100341796875,146327300,2023-10-04,1415.8399658203125,-0.0029366299650245287,-0.00016950378585756098,0.0009042309402027549
2023-10-05,99,0.05355651189827106,0.6739299917935254,0.48484848484848486,0.43434343434343436,0.08080808080808081,1,2023-10-05,2023-10-05,2023-10-05,1415.5999755859375,1415.5999755859375,1420.6099853515625,1412.1700439453125,1413.43994140625,147628100,2023-10-05,1415.5999755859375,-0.00016950378585756098,0.0009042309402027549,0.0002681983523677989
2023-10-06,22,0.35037579363085,0.5222219604724697,0.6363636363636364,0.13636363636363635,0.22727272727272727,1,2023-10-06,2023-10-06,2023-10-06,1416.8800048828125,1416.8800048828125,1419.9599609375,1415.280029296875,1415.2900390625,136679500,2023-10-06,1416.8800048828125,0.0009042309402027549,0.0002681983523677989,0.012637084272665966
2023-10-09,203,0.08722479262370893,0.6385677412232372,0.46798029556650245,0.3891625615763547,0.14285714285714285,3,2023-10-07,2023-10-09,2023-10-09,1417.260009765625,1417.260009765625,1420.7099609375,1415.800048828125,1417.06005859375,85675400,2023-10-09,1417.260009765625,0.0002681983523677989,0.012637084272665966,0.0009197142140968673
2023-10-10,96,0.15507677086619273,0.692265146936892,0.5104166666666666,0.3645833333333333,0.125,1,2023-10-10,2023-10-10,2023-10-10,1435.1700439453125,1435.1700439453125,1435.8900146484375,1419.3299560546875,1419.3299560546875,99011700,2023-10-10,1435.1700439453125,0.012637084272665966,0.0009197142140968673,0.005102685089710679
2023-10-11,81,0.039992543489292834,0.6783731033120262,0.4444444444444444,0.4567901234567901,0.09876543209876543,1,2023-10-11,2023-10-11,2023-10-11,1436.489990234375,1436.489990234375,1438.449951171875,1432.27001953125,1434.75,147588000,2023-10-11,1436.489990234375,0.0009197142140968673,0.005102685089710679,0.00022168163017677323
2023-10-12,7,0.3176152773334512,0.7150013383512671,0.7142857142857143,0.2857142857142857,0.0,1,2023-10-12,2023-10-12,2023-10-12,1443.8199462890625,1443.8199462890625,1446.06005859375,1437.9599609375,1437.9599609375,108247800,2023-10-12,1443.8199462890625,0.005102685089710679,0.00022168163017677323,-0.0035869470123356395
2023-11-01,106,0.28000019532013337,0.5970733060175795,0.6037735849056604,0.25471698113207547,0.14150943396226415,1,2023-11-01,2023-11-01,2023-11-01,1435.3299560546875,1435.3299560546875,1441.5899658203125,1434.9300537109375,1441.1700439453125,97118400,2023-11-01,1435.3299560546875,-0.004722189610285588,0.0030934096078973905,0.0070567063085500426
2023-11-02,24,-0.04549746128031986,0.5867900108208234,0.2916666666666667,0.4583333333333333,0.25,1,2023-11-02,2023-11-02,2023-11-02,1439.77001953125,1439.77001953125,1441.3499755859375,1435.8599853515625,1435.93994140625,87395200,2023-11-02,1439.77001953125,0.0030934096078973905,0.0070567063085500426,0.010166000902353645
2023-11-03,25,0.003468122575432062,0.6599030886192974,0.36,0.4,0.24,1,2023-11-03,2023-11-03,2023-11-03,1449.9300537109375,1449.9300537109375,1453.18994140625,1444.7900390625,1446.719970703125,115015400,2023-11-03,1449.9300537109375,0.0070567063085500426,0.010166000902353645,-0.0008876052551898272
2023-11-06,184,0.1541796465715616,0.6711348975939031,0.5706521739130435,0.34782608695652173,0.08152173913043478,3,2023-11-04,2023-11-06,2023-11-06,1464.6700439453125,1464.6700439453125,1464.6700439453125,1452.2900390625,1452.3900146484375,146756600,2023-11-06,1464.6700439453125,0.010166000902353645,-0.0008876052551898272,-0.003942966953335625
2023-11-07,112,0.3646258782038266,0.5527875126069761,0.6696428571428571,0.17857142857142858,0.15178571428571427,1,2023-11-07,2023-11-07,2023-11-07,1463.3699951171875,1463.3699951171875,1465.550048828125,1458.6600341796875,1464.050048828125,115794000,2023-11-07,1463.3699951171875,-0.0008876052551898272,-0.003942966953335625,-0.0036566658506871352
2023-11-08,82,0.21315401954371938,0.6605592574111685,0.5487804878048781,0.36585365853658536,0.08536585365853659,1,2023-11-08,2023-11-08,2023-11-08,1457.5999755859375,1457.5999755859375,1462.010009765625,1454.4599609375,1461.1300048828125,86519800,2023-11-08,1457.5999755859375,-0.003942966953335625,-0.0036566658506871352,-0.004881988696978645
2023-11-09,102,0.3634823533117442,0.5970785573253583,0.6666666666666666,0.21568627450980393,0.11764705882352941,1,2023-11-09,2023-11-09,2023-11-09,1452.27001953125,1452.27001953125,1457.8399658203125,1450.6400146484375,1456.8399658203125,95897900,2023-11-09,1452.27001953125,-0.0036566658506871352,-0.004881988696978645,0.004525330235076508
2023-11-10,94,0.13104905835550992,0.6433310779241812,0.5638297872340425,0.3191489361702128,0.11702127659574468,1,2023-11-10,2023-11-10,2023-11-10,1445.1800537109375,1445.1800537109375,1451.219970703125,1425.010009765625,1450.56005859375,67169000,2023-11-10,1445.1800537109375,-0.004881988696978645,0.004525330235076508,0.010415228434079049
2023-11-14,95,0.2959854991003675,0.648058000705671,0.631578947368421,0.2736842105263158,0.09473684210526316,2,2023-11-11,2023-11-12,2023-11-14,1451.719970703125,1451.719970703125,1453.989990234375,1444.9000244140625,1444.9000244140625,95686900,2023-11-14,1451.719970703125,0.004525330235076508,0.010415228434079049,-0.001472493359674143
2023-12-01,104,0.24943851720980512,0.6156550903740085,0.5769230769230769,0.2980769230769231,0.125,1,2023-12-01,2023-12-01,2023-12-01,1456.3800048828125,1456.3800048828125,1456.52001953125,1450.0899658203125,1452.0,165174800,2023-12-01,1456.3800048828125,0.0025056201886823892,-0.0036803480778313524,-0.0010751461542577445
2023-12-04,126,-0.01572758372732631,0.696241945708205,0.42063492063492064,0.4523809523809524,0.12698412698412698,3,2023-12-02,2023-12-04,2023-12-04,1451.02001953125,1451.02001953125,1457.02001953125,1448.1700439453125,1454.969970703125,106529100,2023-12-04,1451.02001953125,-0.0036803480778313524,-0.0010751461542577445,-0.0025112902367327994
2023-12-05,92,0.13728115874413485,0.7247254754843422,0.4891304347826087,0.44565217391304346,0.06521739130434782,1,2023-12-05,2023-12-05,2023-12-05,1449.4599609375,1449.4599609375,1451.5899658203125,1444.5799560546875,1451.1300048828125,101068000,2023-12-05,1449.4599609375,-0.0010751461542577445,-0.0025112902367327994,-0.0020541774311164662
2023-12-06,68,0.25928980224382353,0.6988593994571297,0.5882352941176471,0.3235294117647059,0.08823529411764706,1,2023-12-06,2023-12-06,2023-12-06,1445.8199462890625,1445.8199462890625,1452.0699462890625,1444.6300048828125,1450.9100341796875,92070800,2023-12-06,1445.8199462890625,-0.0025112902367327994,-0.0020541774311164662,-0.0006099074038901087
2023-12-07,101,0.23475522633254675,0.6492465280147114,0.5643564356435643,0.3069306930693069,0.12871287128712872,1,2023-12-07,2023-12-07,2023-12-07,1442.8499755859375,1442.8499755859375,1447.6600341796875,1441.02001953125,1442.8900146484375,103661100,2023-12-07,1442.8499755859375,-0.0020541774311164662,-0.0006099074038901087,0.003065281548933596
2023-12-08,17,-0.21385921077693215,0.6527724833600038,0.29411764705882354,0.5882352941176471,0.11764705882352941,1,2023-12-08,2023-12-08,2023-12-08,1441.969970703125,1441.969970703125,1446.1300048828125,1441.0899658203125,1443.969970703125,84182800,2023-12-08,1441.969970703125,-0.0006099074038901087,0.003065281548933596,0.0005046913082620286
2023-12-11,232,0.17456838058042823,0.6776712505494552,0.5646551724137931,0.3577586206896552,0.07758620689655173,3,2023-12-09,2023-12-11,2023-12-11,1446.3900146484375,1446.3900146484375,1446.3900146484375,1440.4000244140625,1441.3199462890625,102401500,2023-12-11,1446.3900146484375,0.003065281548933596,0.0005046913082620286,0.0006357758502522071
2023-12-12,90,0.13294786819412063,0.642977708602201,0.5222222222222223,0.34444444444444444,0.13333333333333333,1,2023-12-12,2023-12-12,2023-12-12,1447.1199951171875,1447.1199951171875,1447.719970703125,1444.260009765625,1446.1199951171875,127330900,2023-12-12,1447.1199951171875,0.0005046913082620286,0.0006357758502522071,0.005676618381662113
2024-01-02,68,0.08363408281002194,0.6230763805746125,0.47058823529411764,0.38235294117647056,0.14705882352941177,2,2024-01-01,2024-01-02,2024-01-02,1453.0999755859375,1453.0999755859375,1453.56005859375,1446.3599853515625,1452.199951171875,103277400,2024-01-02,1453.0999755859375,-0.0010724558021075747,0.006379478141214534,0.010182111707813135
2024-01-03,127,0.04983221568482539,0.7197791712333071,0.4645669291338583,0.41732283464566927,0.11811023622047244,1,2024-01-03,2024-01-03,2024-01-03,1462.3699951171875,1462.3699951171875,1465.68994140625,1450.1700439453125,1452.5400390625,215534000,2024-01-03,1462.3699951171875,0.006379478141214534,0.010182111707813135,0.007006197634483735
2024-01-04,102,0.28258905365296144,0.6322893908680939,0.6470588235294118,0.27450980392156865,0.0784313725490196,1,2024-01-04,2024-01-04,2024-01-04,1477.260009765625,1477.260009765625,1477.56005859375,1461.030029296875,1462.8499755859375,286041200,2024-01-04,1477.260009765625,0.010182111707813135,0.007006197634483735,0.0054382303829458856
2024-01-05,104,-0.04229302747990004,0.7184656117318788,0.4326923076923077,0.49038461538461536,0.07692307692307693,1,2024-01-05,2024-01-05,2024-01-05,1487.6099853515625,1487.6099853515625,1487.6099853515625,1476.8499755859375,1476.8900146484375,280921700,2024-01-05,1487.6099853515625,0.007006197634483735,0.0054382303829458856,0.002092668974388978
2024-01-08,268,0.21967130571815754,0.6653485324771988,0.582089552238806,0.30970149253731344,0.10820895522388059,3,2024-01-06,2024-01-08,2024-01-08,1495.699951171875,1495.699951171875,1498.52001953125,1488.5999755859375,1488.5999755859375,301573200,2024-01-08,1495.699951171875,0.0054382303829458856,0.002092668974388978,-0.00798620994647925
2024-01-09,2,0.7948113942984492,0.09829637137114543,1.0,0.0,0.0,1,2024-01-09,2024-01-09,2024-01-09,1498.8299560546875,1498.8299560546875,1503.9300537109375,1496.8399658203125,1497.1700439453125,311176200,2024-01-09,1498.8299560546875,0.002092668974388978,-0.00798620994647925,-0.0025960651235427123
2024-01-10,78,0.4032955713396988,0.5762931717079475,0.6538461538461539,0.21794871794871795,0.1282051282051282,1,2024-01-10,2024-01-10,2024-01-10,1486.8599853515625,1486.8599853515625,1497.800048828125,1486.719970703125,1497.800048828125,208376900,2024-01-10,1486.8599853515625,-0.00798620994647925,-0.0025960651235427123,0.002926477289489249
2024-01-11,125,0.2770273742172867,0.6624986135798892,0.6,0.296,0.104,1,2024-01-11,2024-01-11,2024-01-11,1483.0,1483.0,1492.43994140625,1483.0,1487.1500244140625,232402500,2024-01-11,1483.0,-0.0025960651235427123,0.002926477289489249,0.009258152034969047
2024-01-12,13,0.05161964947071211,0.7460267155174115,0.5384615384615384,0.38461538461538464,0.07692307692307693,1,2024-01-12,2024-01-12,2024-01-12,1487.3399658203125,1487.3399658203125,1487.3399658203125,1482.02001953125,1483.239990234375,225717600,2024-01-12,1487.3399658203125,0.002926477289489249,0.009258152034969047,-0.004823091115924716
2024-02-02,173,0.19075390517932359,0.6686380141680508,0.5780346820809249,0.3699421965317919,0.05202312138728324,2,2024-02-01,2024-02-02,2024-02-02,1516.5799560546875,1516.5799560546875,1521.22998046875,1508.5,1509.3499755859375,290509400,2024-02-02,1516.5799560546875,0.0023793940649645684,-0.003455136152535343,0.0010851394692970029
2024-02-05,329,0.2737163115401772,0.6414472746991017,0.601823708206687,0.3191489361702128,0.0790273556231003,3,2024-02-03,2024-02-05,2024-02-05,1511.3399658203125,1511.3399658203125,1520.97998046875,1511.3399658203125,1515.9100341796875,200808500,2024-02-05,1511.3399658203125,-0.003455136152535343,0.0010851394692970029,8.592637344229104e-05
2024-02-06,10,0.23120727515779435,0.635367284024507,0.6,0.3,0.1,1,2024-02-06,2024-02-06,2024-02-06,1512.97998046875,1512.97998046875,1513.97998046875,1508.989990234375,1510.31005859375,186936700,2024-02-06,1512.97998046875,0.0010851394692970029,8.592637344229104e-05,-0.0004956678676769632
2024-02-07,64,0.2355073805410939,0.6221261956334085,0.5625,0.28125,0.15625,1,2024-02-07,2024-02-07,2024-02-07,1513.1099853515625,1513.1099853515625,1514.050048828125,1510.199951171875,1512.510009765625,174829400,2024-02-07,1513.1099853515625,8.592637344229104e-05,-0.0004956678676769632,-5.286840134755e-05
2024-02-08,157,0.1936212011693034,0.7087630639985225,0.5732484076433121,0.34394904458598724,0.08280254777070063,1,2024-02-08,2024-02-08,2024-02-08,1512.3599853515625,1512.3599853515625,1521.1800537109375,1512.3599853515625,1513.18994140625,171566000,2024-02-08,1512.3599853515625,-0.0004956678676769632,-5.286840134755e-05,0.01262330087714525
2024-02-09,85,0.23936485899886226,0.6434387438144317,0.5529411764705883,0.27058823529411763,0.17647058823529413,1,2024-02-09,2024-02-09,2024-02-09,1512.280029296875,1512.280029296875,1514.719970703125,1509.56005859375,1513.8199462890625,79147200,2024-02-09,1512.280029296875,-5.286840134755e-05,0.01262330087714525,-0.0013321660140950264
2024-02-13,192,0.19330355104466435,0.6475197601585058,0.515625,0.328125,0.15625,3,2024-02-10,2024-02-12,2024-02-13,1531.3699951171875,1531.3699951171875,1533.1600341796875,1512.6300048828125,1512.6300048828125,181535700,2024-02-13,1531.3699951171875,0.01262330087714525,-0.0013321660140950264,-0.0006211551458298326
2024-03-01,81,0.043898333111249015,0.6806777310235869,0.49382716049382713,0.43209876543209874,0.07407407407407407,1,2024-03-01,2024-03-01,2024-03-01,1538.02001953125,1538.02001953125,1556.219970703125,1537.1099853515625,1553.1600341796875,304487800,2024-03-01,1538.02001953125,-0.008649978330992236,0.0008127332441232316,-0.0014877435624955915
2024-03-04,182,0.1993900460324117,0.6849171985878532,0.5879120879120879,0.33516483516483514,0.07692307692307693,3,2024-03-02,2024-03-04,2024-03-04,1539.27001953125,1539.27001953125,1547.0999755859375,1537.030029296875,1539.0999755859375,234915700,2024-03-04,1539.27001953125,0.0008127332441232316,-0.0014877435624955915,-0.003558908230839042
2024-03-05,91,0.2649600013430425,0.6166058316203719,0.5604395604395604,0.2967032967032967,0.14285714285714285,1,2024-03-05,2024-03-05,2024-03-05,1536.97998046875,1536.97998046875,1537.9200439453125,1518.8399658203125,1537.9200439453125,292974200,2024-03-05,1536.97998046875,-0.0014877435624955915,-0.003558908230839042,0.002820710450154751
2024-03-06,41,0.1348724402260126,0.6685601227767033,0.4634146341463415,0.36585365853658536,0.17073170731707318,1,2024-03-06,2024-03-06,2024-03-06,1531.510009765625,1531.510009765625,1535.199951171875,1527.9200439453125,1532.449951171875,266505400,2024-03-06,1531.510009765625,-0.003558908230839042,0.002820710450154751,0.002624007482721291
2024-03-07,76,0.3314373114844784,0.6063347523783594,0.6447368421052632,0.2236842105263158,0.13157894736842105,1,2024-03-07,2024-03-07,2024-03-07,1535.8299560546875,1535.8299560546875,1539.5999755859375,1531.699951171875,1531.699951171875,235394700,2024-03-07,1535.8299560546875,0.002820710450154751,0.002624007482721291,0.0031496211552184405
2024-03-08,8,-0.3496398198185489,0.6554084863134105,0.375,0.625,0.0,1,2024-03-08,2024-03-08,2024-03-08,1539.8599853515625,1539.8599853515625,1541.1500244140625,1535.3199462890625,1536.52001953125,334762200,2024-03-08,1539.8599853515625,0.002624007482721291,0.0031496211552184405,0.006376664814326638
2024-03-11,233,0.2083593542215938,0.6620046946714494,0.5579399141630901,0.351931330472103,0.09012875536480687,3,2024-03-09,2024-03-11,2024-03-11,1544.7099609375,1544.7099609375,1547.47998046875,1540.77001953125,1542.010009765625,282742100,2024-03-11,1544.7099609375,0.0031496211552184405,0.006376664814326638,-0.010568941109808327
2024-03-12,75,0.10838539481783907,0.6598560971989287,0.49333333333333335,0.32,0.18666666666666668,1,2024-03-12,2024-03-12,2024-03-12,1554.56005859375,1554.56005859375,1556.7099609375,1541.3599853515625,1544.949951171875,236872900,2024-03-12,1554.56005859375,0.006376664814326638,-0.010568941109808327,0.003653784205071675
2024-04-01,84,0.13469289049195746,0.7070092854727861,0.5238095238095238,0.39285714285714285,0.08333333333333333,1,2024-04-01,2024-04-01,2024-04-01,1544.02001953125,1544.02001953125,1544.7099609375,1537.0699462890625,1537.5,113539400,2024-04-01,1544.02001953125,0.005175593247816579,0.002571191210545498,-0.007093056504252737
2024-04-02,11,-0.5104580025019293,0.6940440338271212,0.18181818181818182,0.8181818181818182,0.0,1,2024-04-02,2024-04-02,2024-04-02,1547.989990234375,1547.989990234375,1550.989990234375,1540.77001953125,1543.530029296875,188490400,2024-04-02,1547.989990234375,0.002571191210545498,-0.007093056504252737,0.010559450078809096
2024-04-03,99,0.227037964108861,0.6555607888369548,0.5959595959595959,0.30303030303030304,0.10101010101010101,1,2024-04-03,2024-04-03,2024-04-03,1537.010009765625,1537.010009765625,1548.4200439453125,1537.010009765625,1547.2900390625,185700600,2024-04-03,1537.010009765625,-0.007093056504252737,0.010559450078809096,0.0012940754669352739
2024-04-04,138,0.3347191581438444,0.6046327227051582,0.6521739130434783,0.2536231884057971,0.09420289855072464,1,2024-04-04,2024-04-04,2024-04-04,1553.239990234375,1553.239990234375,1554.3299560546875,1537.25,1538.97998046875,208034400,2024-04-04,1553.239990234375,0.010559450078809096,0.0012940754669352739,0.0030412991279538115
2024-04-05,19,0.2950721020369153,0.5611890892032585,0.5789473684210527,0.2631578947368421,0.15789473684210525,1,2024-04-05,2024-04-05,2024-04-05,1555.25,1555.25,1555.969970703125,1547.9599609375,1551.0699462890625,183477400,2024-04-05,1555.25,0.0012940754669352739,0.0030412991279538115,-0.004147470342011017
2024-04-08,217,0.19564987654789154,0.6859069413252528,0.5529953917050692,0.35023041474654376,0.0967741935483871,3,2024-04-06,2024-04-08,2024-04-08,1559.97998046875,1559.97998046875,1560.260009765625,1554.1500244140625,1556.780029296875,136336200,2024-04-08,1559.97998046875,0.0030412991279538115,-0.004147470342011017,-0.001589929055878847
2024-04-09,130,0.1428250629938423,0.7453251523724994,0.5153846153846153,0.4,0.08461538461538462,1,2024-04-09,2024-04-09,2024-04-09,1553.510009765625,1553.510009765625,1565.5699462890625,1553.4300537109375,1559.9100341796875,148751200,2024-04-09,1553.510009765625,-0.004147470342011017,-0.001589929055878847,-0.0054866473793731
2024-04-12,332,0.21059363988418894,0.6612273203406424,0.5542168674698795,0.3373493975903614,0.10843373493975904,3,2024-04-10,2024-04-12,2024-04-12,1551.0400390625,1551.0400390625,1556.6400146484375,1548.27001953125,1554.0899658203125,225170600,2024-04-12,1551.0400390625,-0.001589929055878847,-0.0054866473793731,-0.004881609533596842
2024-05-02,203,0.11829609601194123,0.6482581670069218,0.47783251231527096,0.35960591133004927,0.1625615763546798,2,2024-05-01,2024-05-02,2024-05-02,1580.300048828125,1580.300048828125,1582.6800537109375,1574.27001953125,1574.969970703125,246289200,2024-05-02,1580.300048828125,0.002747563853052526,0.0058785779314987074,0.004906956508183402
2024-05-03,111,0.15723789409054695,0.6673784665874447,0.5225225225225225,0.36936936936936937,0.10810810810810811,1,2024-05-03,2024-05-03,2024-05-03,1589.5899658203125,1589.5899658203125,1590.56005859375,1581.5899658203125,1581.5899658203125,262487200,2024-05-03,1589.5899658203125,0.0058785779314987074,0.004906956508183402,0.0051897401301364
2024-05-06,219,0.2839767300421755,0.6334891289997372,0.6027397260273972,0.2968036529680365,0.1004566210045662,3,2024-05-04,2024-05-06,2024-05-06,1597.3900146484375,1597.3900146484375,1598.260009765625,1591.1700439453125,1591.800048828125,201147700,2024-05-06,1597.3900146484375,0.004906956508183402,0.0051897401301364,-0.0005792272930015274
2024-05-07,56,0.09072817084130035,0.7312553760467869,0.5,0.35714285714285715,0.14285714285714285,1,2024-05-07,2024-05-07,2024-05-07,1605.6800537109375,1605.6800537109375,1610.3199462890625,1600.6600341796875,1600.8499755859375,265320400,2024-05-07,1605.6800537109375,0.0051897401301364,-0.0005792272930015274,-0.0021997378388378674
2024-05-08,95,0.2563201450252612,0.7500087453247067,0.6421052631578947,0.30526315789473685,0.05263157894736842,1,2024-05-08,2024-05-08,2024-05-08,1604.75,1604.75,1610.25,1602.2900390625,1606.9599609375,216508600,2024-05-08,1604.75,-0.0005792272930015274,-0.0021997378388378674,-0.0003434423551256227
2024-05-09,160,0.16631803434574977,0.6725728165798652,0.55625,0.3625,0.08125,1,2024-05-09,2024-05-09,2024-05-09,1601.219970703125,1601.219970703125,1607.3800048828125,1599.2900390625,1606.2099609375,168553600,2024-05-09,1601.219970703125,-0.0021997378388378674,-0.0003434423551256227,0.001399407856008894
2024-05-10,21,-0.06183868788537523,0.6328874522616903,0.3333333333333333,0.5238095238095238,0.14285714285714285,1,2024-05-10,2024-05-10,2024-05-10,1600.6700439453125,1600.6700439453125,1604.0699462890625,1599.8399658203125,1603.4599609375,180639100,2024-05-10,1600.6700439453125,-0.0003434423551256227,0.001399407856008894,0.0018528617575501727
2024-05-13,216,0.23061622931790127,0.6535030964617425,0.5601851851851852,0.2824074074074074,0.1574074074074074,2,2024-05-11,2024-05-12,2024-05-13,1602.9100341796875,1602.9100341796875,1604.800048828125,1600.4300537109375,1602.300048828125,163107600,2024-05-13,1602.9100341796875,0.001399407856008894,0.0018528617575501727,-0.0016502007659382478
2024-06-04,310,0.2160990518412643,0.6747590865827922,0.5548387096774193,0.35161290322580646,0.0935483870967742,4,2024-06-01,2024-06-04,2024-06-04,1615.4000244140625,1615.4000244140625,1617.4100341796875,1595.3499755859375,1595.93994140625,280419400,2024-06-04,1615.4000244140625,0.011724309237543862,-0.0042528135529027455,0.0038544205323820524
2024-06-05,99,0.31361544330021124,0.5853416520497047,0.5959595959595959,0.24242424242424243,0.16161616161616163,1,2024-06-05,2024-06-05,2024-06-05,1608.530029296875,1608.530029296875,1622.6500244140625,1608.530029296875,1614.81005859375,197151900,2024-06-05,1608.530029296875,-0.0042528135529027455,0.0038544205323820524,0.00193840761035724
2024-06-06,175,0.4176220472276743,0.5788003260478075,0.6971428571428572,0.19428571428571428,0.10857142857142857,1,2024-06-06,2024-06-06,2024-06-06,1614.72998046875,1614.72998046875,1617.050048828125,1609.3399658203125,1611.8199462890625,233096300,2024-06-06,1614.72998046875,0.0038544205323820524,0.00193840761035724,-0.002157164566757408
2024-06-07,10,0.07982235457748177,0.6577162464598345,0.5,0.3,0.2,1,2024-06-07,2024-06-07,2024-06-07,1617.8599853515625,1617.8599853515625,1622.489990234375,1614.9300537109375,1615.969970703125,213524300,2024-06-07,1617.8599853515625,0.00193840761035724,-0.002157164566757408,-0.0017839806807133929
2024-06-10,208,0.19246824749615582,0.6757869360912194,0.5673076923076923,0.35096153846153844,0.08173076923076923,3,2024-06-08,2024-06-10,2024-06-10,1614.3699951171875,1614.3699951171875,1619.239990234375,1613.010009765625,1619.239990234375,158084400,2024-06-10,1614.3699951171875,-0.002157164566757408,-0.0017839806807133929,-0.0015762052993767428
2024-06-11,120,0.23413958195014856,0.6239216968287143,0.5666666666666667,0.2916666666666667,0.14166666666666666,1,2024-06-11,2024-06-11,2024-06-11,1611.489990234375,1611.489990234375,1617.3699951171875,1609.260009765625,1617.0,273386100,2024-06-11,1611.489990234375,-0.0017839806807133929,-0.0015762052993767428,0.0007583161754340928
2024-06-12,122,0.2760014657072387,0.6899489036564834,0.5983606557377049,0.29508196721311475,0.10655737704918032,1,2024-06-12,2024-06-12,2024-06-12,1608.949951171875,1608.949951171875,1618.989990234375,1608.949951171875,1616.6300048828125,202814000,2024-06-12,1608.949951171875,-0.0015762052993767428,0.0007583161754340928,-0.0017700600423956603
2024-07-01,13,0.11944252458544305,0.7167611062536592,0.5384615384615384,0.38461538461538464,0.07692307692307693,1,2024-07-01,2024-07-01,2024-07-01,1598.199951171875,1598.199951171875,1598.3599853515625,1587.030029296875,1590.260009765625,163914800,2024-07-01,1598.199951171875,0.0051003311296153875,-0.00015016283425550725,0.010863842509156285
2024-07-02,90,0.05223499767534022,0.7326174480953918,0.4777777777777778,0.4777777777777778,0.044444444444444446,1,2024-07-02,2024-07-02,2024-07-02,1597.9599609375,1597.9599609375,1602.52001953125,1595.6199951171875,1598.5799560546875,232831300,2024-07-02,1597.9599609375,-0.00015016283425550725,0.010863842509156285,0.0008853067865737252
2024-07-03,168,0.3366289289357762,0.5984682173834426,0.6607142857142857,0.22023809523809523,0.11904761904761904,1,2024-07-03,2024-07-03,2024-07-03,1615.3199462890625,1615.3199462890625,1615.3199462890625,1599.5999755859375,1599.5999755859375,207024100,2024-07-03,1615.3199462890625,0.010863842509156285,0.0008853067865737252,-0.0035441351283439504
2024-07-04,6,0.513347758872745,0.5732153178952021,0.6666666666666666,0.16666666666666666,0.16666666666666666,1,2024-07-04,2024-07-04,2024-07-04,1616.75,1616.75,1619.75,1614.7099609375,1615.9599609375,213023400,2024-07-04,1616.75,0.0008853067865737252,-0.0035441351283439504,0.00211047930680075
2024-07-05,146,0.34077686815497094,0.6032334076776703,0.6917808219178082,0.2534246575342466,0.0547945205479452,1,2024-07-05,2024-07-05,2024-07-05,1611.02001953125,1611.02001953125,1616.260009765625,1608.4100341796875,1615.760009765625,151108400,2024-07-05,1611.02001953125,-0.0035441351283439504,0.00211047930680075,0.002452869036376981
2024-07-09,230,0.2557057121647117,0.6388121092176529,0.6347826086956522,0.30869565217391304,0.05652173913043478,4,2024-07-06,2024-07-09,2024-07-09,1614.4200439453125,1614.4200439453125,1618.02001953125,1613.1500244140625,1617.1400146484375,251992400,2024-07-09,1614.4200439453125,0.00211047930680075,0.002452869036376981,0.002928848737672185
2024-07-10,70,0.3707046208803409,0.604942035233825,0.7,0.24285714285714285,0.05714285714285714,1,2024-07-10,2024-07-10,2024-07-10,1618.3800048828125,1618.3800048828125,1620.8299560546875,1613.6500244140625,1613.7099609375,223438200,2024-07-10,1618.3800048828125,0.002452869036376981,0.002928848737672185,-0.002501316314043933
2024-07-11,167,0.2473689541806227,0.6595770645846081,0.5988023952095808,0.31137724550898205,0.08982035928143713,1,2024-07-11,2024-07-11,2024-07-11,1623.1199951171875,1623.1199951171875,1628.3499755859375,1620.02001953125,1621.1600341796875,266203500,2024-07-11,1623.1199951171875,0.002928848737672185,-0.002501316314043933,0.006645761927237093
2024-07-12,11,0.29678634861060843,0.6194587847653492,0.6363636363636364,0.18181818181818182,0.18181818181818182,1,2024-07-12,2024-07-12,2024-07-12,1619.06005859375,1619.06005859375,1622.969970703125,1616.219970703125,1622.72998046875,235110500,2024-07-12,1619.06005859375,-0.002501316314043933,0.006645761927237093,-0.002368350786448148
2024-08-01,119,0.23366103788931705,0.609943690457546,0.5378151260504201,0.25210084033613445,0.21008403361344538,1,2024-08-01,2024-08-01,2024-08-01,1624.25,1624.25,1626.3499755859375,1621.43994140625,1625.8699951171875,176147500,2024-08-01,1624.25,-0.0008119898452082497,-0.00812679770470992,-0.046286624312892766
2024-08-02,106,0.2248897291632053,0.6791494892531246,0.5754716981132075,0.32075471698113206,0.10377358490566038,1,2024-08-02,2024-08-02,2024-08-02,1611.050048828125,1611.050048828125,1619.31005859375,1607.75,1619.31005859375,244657700,2024-08-02,1611.050048828125,-0.00812679770470992,-0.046286624312892766,0.02467330174267679
2024-08-05,391,0.2815220372839486,0.6171408047198494,0.6214833759590793,0.2710997442455243,0.10741687979539642,3,2024-08-03,2024-08-05,2024-08-05,1536.47998046875,1536.47998046875,1593.3599853515625,1532.239990234375,1593.3599853515625,560210500,2024-08-05,1536.47998046875,-0.046286624312892766,0.02467330174267679,0.011102700287802136
2024-08-06,20,-0.14620180410565806,0.49333684591675847,0.3,0.6,0.1,1,2024-08-06,2024-08-06,2024-08-06,1574.3900146484375,1574.3900146484375,1574.3900146484375,1529.0899658203125,1542.1400146484375,352168600,2024-08-06,1574.3900146484375,0.02467330174267679,0.011102700287802136,-0.0009359999490821114
2024-08-07,30,0.11072225011109064,0.6881708668598968,0.5333333333333333,0.3333333333333333,0.13333333333333333,1,2024-08-07,2024-08-07,2024-08-07,1591.8699951171875,1591.8699951171875,1596.5999755859375,1563.77001953125,1576.1199951171875,240479600,2024-08-07,1591.8699951171875,0.011102700287802136,-0.0009359999490821114,0.0035652132999057784
2024-08-08,162,0.23514005168841254,0.6682500389428268,0.5802469135802469,0.3148148148148148,0.10493827160493827,1,2024-08-08,2024-08-08,2024-08-08,1590.3800048828125,1590.3800048828125,1593.239990234375,1579.68994140625,1585.9599609375,214625200,2024-08-08,1590.3800048828125,-0.0009359999490821114,0.0035652132999057784,0.006647652032812257
2024-08-09,4,0.3613307545892894,0.7468513709337922,0.75,0.25,0.0,1,2024-08-09,2024-08-09,2024-08-09,1596.050048828125,1596.050048828125,1604.06005859375,1591.75,1601.1600341796875,170811600,2024-08-09,1596.050048828125,0.0035652132999057784,0.006647652032812257,0.001780081218627494
2024-08-12,215,0.2568196659192963,0.6415052274175316,0.5906976744186047,0.30697674418604654,0.10232558139534884,3,2024-08-10,2024-08-12,2024-08-12,1606.6600341796875,1606.6600341796875,1609.5699462890625,1598.530029296875,1598.530029296875,161802300,2024-08-12,1606.6600341796875,0.006647652032812257,0.001780081218627494,0.0017582608605959393
2024-09-02,172,0.2342494787556271,0.629364254780253,0.5988372093023255,0.3081395348837209,0.09302325581395349,2,2024-09-01,2024-09-02,2024-09-02,1678.18994140625,1678.18994140625,1683.4300537109375,1671.9000244140625,1680.3599853515625,207989000,2024-09-02,1678.18994140625,-0.0003634187539491851,-0.0009176059003769277,-0.0038231199632300372
2024-09-03,25,-0.10248241867870092,0.5079867090256733,0.32,0.48,0.2,1,2024-09-03,2024-09-03,2024-09-03,1676.6500244140625,1676.6500244140625,1684.06005859375,1673.8599853515625,1677.8199462890625,216652100,2024-09-03,1676.6500244140625,-0.0009176059003769277,-0.0038231199632300372,-0.0032450689583548575
2024-09-04,160,0.20967957089014816,0.6575075166588775,0.5875,0.325,0.0875,1,2024-09-04,2024-09-04,2024-09-04,1670.239990234375,1670.239990234375,1675.530029296875,1662.219970703125,1662.6500244140625,231641900,2024-09-04,1670.239990234375,-0.0038231199632300372,-0.0032450689583548575,-0.007027757685120539
2024-09-05,184,0.25621574294738186,0.6338834103098033,0.6032608695652174,0.28804347826086957,0.10869565217391304,1,2024-09-05,2024-09-05,2024-09-05,1664.8199462890625,1664.8199462890625,1677.4599609375,1663.1800537109375,1670.550048828125,301092500,2024-09-05,1664.8199462890625,-0.0032450689583548575,-0.007027757685120539,-0.000986017281036533
2024-09-06,11,0.0196549311618913,0.6766888516116603,0.45454545454545453,0.45454545454545453,0.09090909090909091,1,2024-09-06,2024-09-06,2024-09-06,1653.1199951171875,1653.1199951171875,1671.8299560546875,1648.4200439453125,1669.469970703125,338233700,2024-09-06,1653.1199951171875,-0.007027757685120539,-0.000986017281036533,0.005364843507350114
2024-09-09,312,0.2873731673260828,0.6449547294876372,0.6089743589743589,0.2692307692307692,0.12179487179487179,3,2024-09-07,2024-09-09,2024-09-09,1651.489990234375,1651.489990234375,1659.1099853515625,1642.31005859375,1647.199951171875,344983500,2024-09-09,1651.489990234375,-0.000986017281036533,0.005364843507350114,-0.012376864552643752
2024-09-10,116,0.24271601919839483,0.6644182347536859,0.5862068965517241,0.3103448275862069,0.10344827586206896,1,2024-09-10,2024-09-10,2024-09-10,1660.3499755859375,1660.3499755859375,1661.0899658203125,1649.530029296875,1653.800048828125,343812800,2024-09-10,1660.3499755859375,0.005364843507350114,-0.012376864552643752,-0.0009086414135917043
2024-09-11,11,-0.044760697859932086,0.6861970363821116,0.36363636363636365,0.5454545454545454,0.09090909090909091,1,2024-09-11,2024-09-11,2024-09-11,1639.800048828125,1639.800048828125,1654.3800048828125,1638.9000244140625,1653.5699462890625,289597400,2024-09-11,1639.800048828125,-0.012376864552643752,-0.0009086414135917043,0.008447708507748564
2024-09-12,78,0.16300472937142238,0.6515794094632094,0.46153846153846156,0.32051282051282054,0.21794871794871795,1,2024-09-12,2024-09-12,2024-09-12,1638.31005859375,1638.31005859375,1649.8699951171875,1637.9100341796875,1644.0400390625,260029100,2024-09-12,1638.31005859375,-0.0009086414135917043,0.008447708507748564,0.00734195121724146
2024-10-01,89,0.05013638028738957,0.6860667637980495,0.4157303370786517,0.43820224719101125,0.14606741573033707,1,2024-10-01,2024-10-01,2024-10-01,1656.3900146484375,1656.3900146484375,1657.3199462890625,1643.1099853515625,1647.4200439453125,175516900,2024-10-01,1656.3900146484375,0.00453631812148636,-0.010311554587771776,0.0013664225523610796
2024-10-02,17,0.08118503321619597,0.6117835220887754,0.4117647058823529,0.4117647058823529,0.17647058823529413,1,2024-10-02,2024-10-02,2024-10-02,1639.31005859375,1639.31005859375,1647.300048828125,1633.0799560546875,1642.780029296875,209417000,2024-10-02,1639.31005859375,-0.010311554587771776,0.0013664225523610796,-0.007054355810392043
2024-10-03,17,0.49409293939414267,0.6615611216535286,0.7058823529411765,0.23529411764705882,0.058823529411764705,1,2024-10-03,2024-10-03,2024-10-03,1641.550048828125,1641.550048828125,1643.8199462890625,1630.449951171875,1640.699951171875,196807000,2024-10-03,1641.550048828125,0.0013664225523610796,-0.007054355810392043,0.0032639057497974022
2024-10-04,79,0.08086336270281222,0.7381948104833685,0.5189873417721519,0.4430379746835443,0.0379746835443038,1,2024-10-04,2024-10-04,2024-10-04,1629.969970703125,1629.969970703125,1639.2900390625,1625.3499755859375,1638.489990234375,207710900,2024-10-04,1629.969970703125,-0.007054355810392043,0.0032639057497974022,0.00020177219135786295
2024-10-07,319,0.29688910666567075,0.6383091761699011,0.6050156739811913,0.2601880877742947,0.13479623824451412,3,2024-10-05,2024-10-07,2024-10-07,1635.2900390625,1635.2900390625,1637.2900390625,1628.1199951171875,1633.5799560546875,204278000,2024-10-07,1635.2900390625,0.0032639057497974022,0.00020177219135786295,-0.00043406227584608104
2024-10-08,11,-0.05337426464327357,0.6907959642071663,0.36363636363636365,0.5454545454545454,0.09090909090909091,1,2024-10-08,2024-10-08,2024-10-08,1635.6199951171875,1635.6199951171875,1638.8699951171875,1629.219970703125,1631.6300048828125,217848800,2024-10-08,1635.6199951171875,0.00020177219135786295,-0.00043406227584608104,0.003688219596491793
2024-10-09,76,0.38402075387267887,0.6361074219959467,0.6973684210526315,0.21052631578947367,0.09210526315789473,1,2024-10-09,2024-10-09,2024-10-09,1634.9100341796875,1634.9100341796875,1642.2900390625,1634.9100341796875,1637.6600341796875,157353300,2024-10-09,1634.9100341796875,-0.00043406227584608104,0.003688219596491793,-0.004503450974440937
2024-10-10,159,0.29944852085010903,0.5997022693379926,0.5849056603773585,0.2578616352201258,0.15723270440251572,1,2024-10-10,2024-10-10,2024-10-10,1640.93994140625,1640.93994140625,1646.1400146484375,1638.6700439453125,1639.75,146543200,2024-10-10,1640.93994140625,0.003688219596491793,-0.004503450974440937,0.0018303634079164244
2024-10-11,10,-0.13239251296035945,0.7829846295918916,0.4,0.5,0.1,1,2024-10-11,2024-10-11,2024-10-11,1633.550048828125,1633.550048828125,1643.0699462890625,1631.8900146484375,1635.7900390625,301967800,2024-10-11,1633.550048828125,-0.004503450974440937,0.0018303634079164244,0.003317933879415147
2024-10-14,84,0.2586309868714861,0.6691581892683385,0.5952380952380952,0.2857142857142857,0.11904761904761904,1,2024-10-12,2024-10-12,2024-10-14,1636.5400390625,1636.5400390625,1642.56005859375,1632.3699951171875,1637.1700439453125,208720300,2024-10-14,1636.5400390625,0.0018303634079164244,0.003317933879415147,-0.005688268352625814
2024-11-01,101,0.11941027665271028,0.7002353449253297,0.5445544554455446,0.40594059405940597,0.04950495049504951,1,2024-11-01,2024-11-01,2024-11-01,1603.97998046875,1603.97998046875,1607.0400390625,1589.27001953125,1591.06005859375,200505300,2024-11-01,1603.97998046875,0.0013109443775665142,0.007761987926151681,0.002641560302058643
2024-11-04,144,0.2270281861290439,0.6297192816640855,0.5694444444444444,0.2916666666666667,0.1388888888888889,3,2024-11-02,2024-11-04,2024-11-04,1616.4300537109375,1616.4300537109375,1616.4300537109375,1607.75,1607.75,149138400,2024-11-04,1616.4300537109375,0.007761987926151681,0.002641560302058643,0.008311281038601681
2024-11-05,21,0.23452517895826272,0.6852767839353585,0.6190476190476191,0.2857142857142857,0.09523809523809523,1,2024-11-05,2024-11-05,2024-11-05,1620.699951171875,1620.699951171875,1620.699951171875,1613.9100341796875,1618.199951171875,165303900,2024-11-05,1620.699951171875,0.002641560302058643,0.008311281038601681,-0.0066639421575408475
2024-11-06,146,0.26247093123894133,0.6563637065038658,0.5753424657534246,0.2876712328767123,0.136986301369863,1,2024-11-06,2024-11-06,2024-11-06,1634.1700439453125,1634.1700439453125,1634.1700439453125,1623.52001953125,1624.4100341796875,186223800,2024-11-06,1634.1700439453125,0.008311281038601681,-0.0066639421575408475,-0.0012567388409155944
2024-11-07,158,0.40469988769279863,0.5835256528311684,0.6835443037974683,0.21518987341772153,0.10126582278481013,1,2024-11-07,2024-11-07,2024-11-07,1623.280029296875,1623.280029296875,1639.550048828125,1622.75,1636.1400146484375,248637300,2024-11-07,1623.280029296875,-0.0066639421575408475,-0.0012567388409155944,-0.0073893936375317715
2024-11-08,9,0.15712844795133504,0.8234609570292292,0.5555555555555556,0.4444444444444444,0.0,1,2024-11-08,2024-11-08,2024-11-08,1621.239990234375,1621.239990234375,1627.6199951171875,1621.239990234375,1627.6199951171875,124916600,2024-11-08,1621.239990234375,-0.0012567388409155944,-0.0073893936375317715,-0.0005157376990982954
2024-11-11,329,0.19779086202923718,0.6566695168784739,0.5167173252279635,0.3252279635258359,0.1580547112462006,3,2024-11-09,2024-11-11,2024-11-11,1609.260009765625,1609.260009765625,1627.22998046875,1609.239990234375,1625.6300048828125,139228000,2024-11-11,1609.260009765625,-0.0073893936375317715,-0.0005157376990982954,0.0019086601136180104
2024-11-12,125,0.20686304985173046,0.7049052142131921,0.568,0.368,0.064,1,2024-11-12,2024-11-12,2024-11-12,1608.4300537109375,1608.4300537109375,1615.9599609375,1605.4300537109375,1610.02001953125,188480100,2024-11-12,1608.4300537109375,-0.0005157376990982954,0.0019086601136180104,-0.006714208060231153
2024-12-02,121,0.16033763477332458,0.6223819444361749,0.5206611570247934,0.33884297520661155,0.14049586776859505,2,2024-12-01,2024-12-02,2024-12-02,1595.47998046875,1595.47998046875,1603.93994140625,1593.3699951171875,1596.8399658203125,169145800,2024-12-02,1595.47998046875,0.0007463769935800446,0.0071953146446734895,0.004436952417067541
2024-12-03,132,0.18345971167383887,0.6759109350566802,0.5681818181818182,0.38636363636363635,0.045454545454545456,1,2024-12-03,2024-12-03,2024-12-03,1606.9599609375,1606.9599609375,1606.9599609375,1594.0699462890625,1599.3199462890625,275533700,2024-12-03,1606.9599609375,0.0071953146446734895,0.004436952417067541,0.0009603236876187804
2024-12-04,60,-0.014491019118577229,0.6582923952083348,0.4166666666666667,0.5,0.08333333333333333,1,2024-12-04,2024-12-04,2024-12-04,1614.0899658203125,1614.0899658203125,1616.030029296875,1606.530029296875,1606.969970703125,231303800,2024-12-04,1614.0899658203125,0.004436952417067541,0.0009603236876187804,-0.0014792989940630719
2024-12-05,16,0.6302416248654481,0.557621280133214,0.75,0.125,0.125,1,2024-12-05,2024-12-05,2024-12-05,1615.6400146484375,1615.6400146484375,1617.780029296875,1610.77001953125,1616.1400146484375,190971200,2024-12-05,1615.6400146484375,0.0009603236876187804,-0.0014792989940630719,-0.0011281241525259444
2024-12-06,162,0.31719782091763427,0.6200820145192596,0.6358024691358025,0.2716049382716049,0.09259259259259259,1,2024-12-06,2024-12-06,2024-12-06,1613.25,1613.25,1617.5699462890625,1611.25,1615.8499755859375,219299100,2024-12-06,1613.25,-0.0014792989940630719,-0.0011281241525259444,-0.0015266458523267579
2024-12-09,363,0.2588120356603646,0.6578959118386674,0.6060606060606061,0.3140495867768595,0.07988980716253444,3,2024-12-07,2024-12-09,2024-12-09,1611.4300537109375,1611.4300537109375,1611.4300537109375,1602.93994140625,1610.6199951171875,151300500,2024-12-09,1611.4300537109375,-0.0011281241525259444,-0.0015266458523267579,-0.0035861573778959155
2024-12-10,20,0.09058393238810822,0.6036836296954625,0.45,0.35,0.2,1,2024-12-10,2024-12-10,2024-12-10,1608.969970703125,1608.969970703125,1615.9300537109375,1607.8800048828125,1612.6500244140625,182557200,2024-12-10,1608.969970703125,-0.0015266458523267579,-0.0035861573778959155,-0.000698599770021735
2024-12-11,84,0.2639202417949924,0.6930622672607031,0.5595238095238095,0.2976190476190476,0.14285714285714285,1,2024-12-11,2024-12-11,2024-12-11,1603.199951171875,1603.199951171875,1605.010009765625,1598.9300537109375,1603.18994140625,178589300,2024-12-11,1603.199951171875,-0.0035861573778959155,-0.000698599770021735,0.004163365205403613
2024-12-12,159,0.33463349715958834,0.6533118895567812,0.660377358490566,0.27044025157232704,0.06918238993710692,1,2024-12-12,2024-12-12,2024-12-12,1602.0799560546875,1602.0799560546875,1605.949951171875,1597.1199951171875,1601.8299560546875,160848300,2024-12-12,1602.0799560546875,-0.000698599770021735,0.004163365205403613,-0.0011810563568376287
2025-01-02,81,0.12919423705323335,0.6448785840802116,0.4567901234567901,0.345679012345679,0.19753086419753085,2,2025-01-01,2025-01-02,2025-01-02,1632.8699951171875,1632.8699951171875,1641.3199462890625,1629.22998046875,1641.3199462890625,105628200,2025-01-02,1632.8699951171875,-0.005760085482594102,-0.002088368449346567,-0.002448658040102636
2025-01-03,26,0.07682179410655338,0.6827803291919058,0.38461538461538464,0.46153846153846156,0.15384615384615385,1,2025-01-03,2025-01-03,2025-01-03,1629.4599609375,1629.4599609375,1636.0799560546875,1626.0400390625,1634.93994140625,165072500,2025-01-03,1629.4599609375,-0.002088368449346567,-0.002448658040102636,0.0026577349549596896
2025-01-06,168,0.08577870471414091,0.6966684140683604,0.5,0.4107142857142857,0.08928571428571429,3,2025-01-04,2025-01-06,2025-01-06,1625.469970703125,1625.469970703125,1631.7099609375,1623.6400146484375,1629.739990234375,152866300,2025-01-06,1625.469970703125,-0.002448658040102636,0.0026577349549596896,-0.009179147405035004
2025-01-07,99,0.26229232386215545,0.6226431020953789,0.6161616161616161,0.29292929292929293,0.09090909090909091,1,2025-01-07,2025-01-07,2025-01-07,1629.7900390625,1629.7900390625,1634.27001953125,1624.5,1624.5,264411300,2025-01-07,1629.7900390625,0.0026577349549596896,-0.009179147405035004,-0.00868196518671882
2025-01-08,176,0.22392371495714708,0.6672197546726655,0.5795454545454546,0.32386363636363635,0.09659090909090909,1,2025-01-08,2025-01-08,2025-01-08,1614.8299560546875,1614.8299560546875,1631.1500244140625,1614.8299560546875,1628.9200439453125,235170400,2025-01-08,1614.8299560546875,-0.009179147405035004,-0.00868196518671882,0.0009994787185076959
2025-01-09,43,-0.07068186207826055,0.6294687109910895,0.37209302325581395,0.5581395348837209,0.06976744186046512,1,2025-01-09,2025-01-09,2025-01-09,1600.81005859375,1600.81005859375,1618.1700439453125,1600.75,1618.1700439453125,237734300,2025-01-09,1600.81005859375,-0.00868196518671882,0.0009994787185076959,-0.010496731798104064
2025-01-10,156,0.2951907917561654,0.6496724438065871,0.6025641025641025,0.3076923076923077,0.08974358974358974,1,2025-01-10,2025-01-10,2025-01-10,1602.4100341796875,1602.4100341796875,1605.739990234375,1599.7099609375,1603.5400390625,183779800,2025-01-10,1602.4100341796875,0.0009994787185076959,-0.010496731798104064,-0.005758112172518093
2025-01-13,118,0.19836328883055535,0.6376744759492278,0.5423728813559322,0.3389830508474576,0.11864406779661017,2,2025-01-11,2025-01-12,2025-01-13,1585.5899658203125,1585.5899658203125,1599.3599853515625,1578.969970703125,1598.9599609375,225808500,2025-01-13,1585.5899658203125,-0.010496731798104064,-0.005758112172518093,-0.009096308295571731
2025-02-03,168,0.12409662938305356,0.6708761681312907,0.5119047619047619,0.3869047619047619,0.10119047619047619,3,2025-02-01,2025-02-03,2025-02-03,1553.6300048828125,1553.6300048828125,1556.739990234375,1546.6800537109375,1547.56005859375,143945600,2025-02-03,1553.6300048828125,-0.00211317149862289,0.007035171615240587,0.0063595840359227385
2025-02-04,122,0.0712243753359424,0.6903326497770607,0.4672131147540984,0.4344262295081967,0.09836065573770492,1,2025-02-04,2025-02-04,2025-02-04,1564.56005859375,1564.56005859375,1564.969970703125,1554.5899658203125,1557.030029296875,172653100,2025-02-04,1564.56005859375,0.007035171615240587,0.0063595840359227385,0.006770381968720818
2025-02-05,152,0.09549454315933155,0.6884841813539255,0.4934210526315789,0.42105263157894735,0.08552631578947369,1,2025-02-05,2025-02-05,2025-02-05,1574.510009765625,1574.510009765625,1576.449951171875,1564.4300537109375,1565.6300048828125,215008500,2025-02-05,1574.510009765625,0.0063595840359227385,0.006770381968720818,0.0036210564641310228
2025-02-06,51,-0.316684123804318,0.6538021619336978,0.27450980392156865,0.6274509803921569,0.09803921568627451,1,2025-02-06,2025-02-06,2025-02-06,1585.1700439453125,1585.1700439453125,1585.1700439453125,1573.9000244140625,1576.4300537109375,150941600,2025-02-06,1585.1700439453125,0.006770381968720818,0.0036210564641310228,-0.0006034803899565011
2025-02-07,125,0.1390778487510979,0.6847811685679713,0.512,0.408,0.08,1,2025-02-07,2025-02-07,2025-02-07,1590.9100341796875,1590.9100341796875,1591.489990234375,1582.9200439453125,1583.6199951171875,181303100,2025-02-07,1590.9100341796875,0.0036210564641310228,-0.0006034803899565011,0.008239314480682047
2025-02-10,269,0.21696889335393466,0.6628188124996822,0.5687732342007435,0.31226765799256506,0.11895910780669144,3,2025-02-08,2025-02-10,2025-02-10,1589.949951171875,1589.949951171875,1590.489990234375,1584.199951171875,1587.6500244140625,152037700,2025-02-10,1589.949951171875,-0.0006034803899565011,0.008239314480682047,-0.006718454947257091
2025-02-12,103,0.1793884347075398,0.6107221851057649,0.5339805825242718,0.3300970873786408,0.13592233009708737,2,2025-02-11,2025-02-12,2025-02-12,1603.050048828125,1603.050048828125,1603.050048828125,1592.3199462890625,1592.3199462890625,231113400,2025-02-12,1603.050048828125,0.008239314480682047,-0.006718454947257091,-0.0004270942914719189
2025-03-03,279,0.09361258846136832,0.6547414742600701,0.48028673835125446,0.37992831541218636,0.13978494623655913,3,2025-03-01,2025-03-03,2025-03-03,1571.3900146484375,1571.3900146484375,1580.800048828125,1568.5899658203125,1572.27001953125,170194100,2025-03-03,1571.3900146484375,-0.0021019474351124945,-0.010010233183433637,0.005631056640369447
2025-03-04,160,-0.15018388771713945,0.6664912898138075,0.33125,0.54375,0.125,1,2025-03-04,2025-03-04,2025-03-04,1555.6600341796875,1555.6600341796875,1564.260009765625,1555.0400390625,1561.699951171875,219136200,2025-03-04,1555.6600341796875,-0.010010233183433637,0.005631056640369447,-0.0035220782212233015
2025-03-05,16,-0.2419814859167673,0.6134373184732674,0.3125,0.625,0.0625,1,2025-03-05,2025-03-05,2025-03-05,1564.4200439453125,1564.4200439453125,1569.6099853515625,1560.56005859375,1560.56005859375,241461300,2025-03-05,1564.4200439453125,0.005631056640369447,-0.0035220782212233015,-0.0074667648505851725
2025-03-06,112,0.07235465614316386,0.6683747393397875,0.45535714285714285,0.42857142857142855,0.11607142857142858,1,2025-03-06,2025-03-06,2025-03-06,1558.9100341796875,1558.9100341796875,1569.4300537109375,1554.8499755859375,1568.949951171875,221145000,2025-03-06,1558.9100341796875,-0.0035220782212233015,-0.0074667648505851725,-0.006986536582040737
2025-03-07,166,0.21141784244037445,0.6452841153569477,0.572289156626506,0.3132530120481928,0.1144578313253012,1,2025-03-07,2025-03-07,2025-03-07,1547.27001953125,1547.27001953125,1556.4599609375,1543.2099609375,1555.75,202245800,2025-03-07,1547.27001953125,-0.0074667648505851725,-0.006986536582040737,-0.010615269475350186
2025-03-10,257,0.20216648085205907,0.6485949559940974,0.5719844357976653,0.3346303501945525,0.0933852140077821,3,2025-03-08,2025-03-10,2025-03-10,1536.4599609375,1536.4599609375,1550.0,1536.4599609375,1545.5799560546875,190074000,2025-03-10,1536.4599609375,-0.006986536582040737,-0.010615269475350186,-0.023234593817797022
2025-03-11,105,0.18034148217134532,0.6500456982355868,0.5619047619047619,0.3238095238095238,0.11428571428571428,1,2025-03-11,2025-03-11,2025-03-11,1520.1500244140625,1520.1500244140625,1527.18994140625,1514.47998046875,1526.010009765625,275241700,2025-03-11,1520.1500244140625,-0.010615269475350186,-0.023234593817797022,0.016971689680309376
2025-03-12,153,0.2679436709488334,0.6537019114490294,0.6143790849673203,0.2875816993464052,0.09803921568627451,1,2025-03-12,2025-03-12,2025-03-12,1484.8299560546875,1484.8299560546875,1505.3299560546875,1478.8399658203125,1504.7099609375,411940800,2025-03-12,1484.8299560546875,-0.023234593817797022,0.016971689680309376,0.0014039423561493791
2025-04-02,90,0.25180340377199983,0.6457224897896269,0.5888888888888889,0.28888888888888886,0.12222222222222222,2,2025-04-01,2025-04-02,2025-04-02,1526.52001953125,1526.52001953125,1526.52001953125,1514.0799560546875,1517.1400146484375,192846200,2025-04-02,1526.52001953125,0.008502622739473331,-0.004985185424492,-0.009724091090903109
2025-04-03,69,0.024711151630955105,0.6708994315405813,0.43478260869565216,0.4057971014492754,0.15942028985507245,1,2025-04-03,2025-04-03,2025-04-03,1518.9100341796875,1518.9100341796875,1524.4100341796875,1512.3199462890625,1517.300048828125,135519700,2025-04-03,1518.9100341796875,-0.004985185424492,-0.009724091090903109,-0.040115923539482345
2025-04-04,130,-0.2450908764731139,0.6348499732440618,0.26153846153846155,0.6076923076923076,0.13076923076923078,1,2025-04-04,2025-04-04,2025-04-04,1504.1400146484375,1504.1400146484375,1515.739990234375,1500.9000244140625,1509.010009765625,167969200,2025-04-04,1504.1400146484375,-0.009724091090903109,-0.040115923539482345,-0.00016622123996312688
2025-04-07,320,0.23853361784204025,0.6142117870371689,0.60625,0.29375,0.1,3,2025-04-05,2025-04-07,2025-04-07,1443.800048828125,1443.800048828125,1475.31005859375,1419.050048828125,1475.31005859375,433196400,2025-04-07,1443.800048828125,-0.040115923539482345,-0.00016622123996312688,-0.02976675096933412
2025-04-08,106,-0.04637677758879397,0.6812788749065627,0.41509433962264153,0.4716981132075472,0.11320754716981132,1,2025-04-08,2025-04-08,2025-04-08,1443.56005859375,1443.56005859375,1454.5799560546875,1440.8900146484375,1451.4300537109375,270115200,2025-04-08,1443.56005859375,-0.00016622123996312688,-0.02976675096933412,0.04465263966522204
2025-04-09,92,0.15397693685498898,0.6271859284038189,0.5217391304347826,0.391304347826087,0.08695652173913043,1,2025-04-09,2025-04-09,2025-04-09,1400.5899658203125,1400.5899658203125,1438.989990234375,1386.6300048828125,1437.010009765625,388230000,2025-04-09,1400.5899658203125,-0.02976675096933412,0.04465263966522204,-0.005720609302833579
2025-04-10,18,0.22577024881158858,0.6396099711557327,0.5,0.3888888888888889,0.1111111111111111,1,2025-04-10,2025-04-10,2025-04-10,1463.1300048828125,1463.1300048828125,1473.3599853515625,1453.1300048828125,1464.300048828125,329775100,2025-04-10,1463.1300048828125,0.04465263966522204,-0.005720609302833579,0.017941086784577287
2025-04-11,90,0.18272924600169063,0.6548809599602405,0.5444444444444444,0.37777777777777777,0.07777777777777778,1,2025-04-11,2025-04-11,2025-04-11,1454.760009765625,1454.760009765625,1462.1500244140625,1434.9200439453125,1441.6600341796875,222545200,2025-04-11,1454.760009765625,-0.005720609302833579,0.017941086784577287,0.003761374076194368
2025-04-14,166,0.19160649789699233,0.6613363829018473,0.5421686746987951,0.3132530120481928,0.14457831325301204,1,2025-04-12,2025-04-12,2025-04-14,1480.8599853515625,1480.8599853515625,1480.8599853515625,1472.1400146484375,1474.050048828125,170780900,2025-04-14,1480.8599853515625,0.017941086784577287,0.003761374076194368,-0.00639788582172629
2025-05-02,123,0.19481320536839283,0.6802183834495756,0.5284552845528455,0.3252032520325203,0.14634146341463414,2,2025-05-01,2025-05-02,2025-05-02,1542.489990234375,1542.489990234375,1542.489990234375,1532.22998046875,1537.4200439453125,197063700,2025-05-02,1542.489990234375,0.001473828137817046,-0.0019124604960495395,-0.0017797460052052516
2025-05-05,255,0.10611415193690098,0.6777432908762424,0.49019607843137253,0.3843137254901961,0.12549019607843137,3,2025-05-03,2025-05-05,2025-05-05,1539.5400390625,1539.5400390625,1548.949951171875,1534.52001953125,1541.780029296875,165133400,2025-05-05,1539.5400390625,-0.0019124604960495395,-0.0017797460052052516,0.008524189985500641
2025-05-06,152,0.09863000209627085,0.6615523698795376,0.4934210526315789,0.3815789473684211,0.125,1,2025-05-06,2025-05-06,2025-05-06,1536.800048828125,1536.800048828125,1544.97998046875,1533.1500244140625,1540.6400146484375,156487400,2025-05-06,1536.800048828125,-0.0017797460052052516,0.008524189985500641,-0.004619674860895873
2025-05-07,20,0.06304978613043208,0.7224362914697778,0.45,0.45,0.1,1,2025-05-07,2025-05-07,2025-05-07,1549.9000244140625,1549.9000244140625,1549.9000244140625,1536.56005859375,1536.56005859375,227016800,2025-05-07,1549.9000244140625,0.008524189985500641,-0.004619674860895873,0.002437228430860694
2025-05-08,93,0.12190155161204197,0.6377737049789498,0.5161290322580645,0.3548387096774194,0.12903225806451613,1,2025-05-08,2025-05-08,2025-05-08,1542.739990234375,1542.739990234375,1551.5899658203125,1541.449951171875,1550.2099609375,224050100,2025-05-08,1542.739990234375,-0.004619674860895873,0.002437228430860694,0.02320725163170878
2025-05-09,75,0.24807132505811752,0.6578604727326778,0.6266666666666667,0.25333333333333335,0.12,1,2025-05-09,2025-05-09,2025-05-09,1546.5,1546.5,1547.739990234375,1542.739990234375,1544.989990234375,135391100,2025-05-09,1546.5,0.002437228430860694,0.02320725163170878,0.0007077870226805949
2025-05-13,304,0.15625470830357366,0.6564317219838716,0.5460526315789473,0.3717105263157895,0.08223684210526316,3,2025-05-10,2025-05-12,2025-05-13,1582.3900146484375,1582.3900146484375,1582.550048828125,1561.3900146484375,1561.3900146484375,386090800,2025-05-13,1582.3900146484375,0.02320725163170878,0.0007077870226805949,-0.006624517792551021
2025-06-03,344,0.1566001576010062,0.6564567628713722,0.5203488372093024,0.3633720930232558,0.11627906976744186,3,2025-06-01,2025-06-03,2025-06-03,1503.25,1503.25,1514.1199951171875,1497.4200439453125,1512.719970703125,185951100,2025-06-03,1503.25,-0.003381161977316527,0.0031398441397805232,0.006730919455465001
2025-06-04,16,-0.06300514224858492,0.6667769129633326,0.5,0.5,0.0,1,2025-06-04,2025-06-04,2025-06-04,1507.969970703125,1507.969970703125,1507.969970703125,1501.1099853515625,1507.0999755859375,216742500,2025-06-04,1507.969970703125,0.0031398441397805232,0.006730919455465001,-0.0008760546326805896
2025-06-05,82,0.07966649796666078,0.7008521043574868,0.524390243902439,0.3902439024390244,0.08536585365853659,1,2025-06-05,2025-06-05,2025-06-05,1518.1199951171875,1518.1199951171875,1520.3399658203125,1509.25,1510.699951171875,253379700,2025-06-05,1518.1199951171875,0.006730919455465001,-0.0008760546326805896,0.0017273287994472586
2025-06-06,143,0.026579747816638934,0.69908465743941,0.44755244755244755,0.45454545454545453,0.0979020979020979,1,2025-06-06,2025-06-06,2025-06-06,1516.7900390625,1516.7900390625,1518.7099609375,1513.3900146484375,1516.9100341796875,152100800,2025-06-06,1516.7900390625,-0.0008760546326805896,0.0017273287994472586,-0.0016191040946630375
2025-06-09,206,0.08978707573684022,0.700687761569188,0.529126213592233,0.4077669902912621,0.06310679611650485,3,2025-06-07,2025-06-09,2025-06-09,1519.4100341796875,1519.4100341796875,1521.6400146484375,1518.030029296875,1518.06005859375,144419200,2025-06-09,1519.4100341796875,0.0017273287994472586,-0.0016191040946630375,0.004542018438455919
2025-06-10,116,0.36287639961088203,0.6400117741918501,0.6379310344827587,0.28448275862068967,0.07758620689655173,1,2025-06-10,2025-06-10,2025-06-10,1516.949951171875,1516.949951171875,1522.4300537109375,1516.22998046875,1519.7099609375,173082800,2025-06-10,1516.949951171875,-0.0016191040946630375,0.004542018438455919,0.0018243577798398025
2025-06-11,158,0.33291974888902304,0.6372049858171998,0.6708860759493671,0.25316455696202533,0.0759493670886076,1,2025-06-11,2025-06-11,2025-06-11,1523.8399658203125,1523.8399658203125,1530.8499755859375,1520.8599853515625,1520.8599853515625,275860200,2025-06-11,1523.8399658203125,0.004542018438455919,0.0018243577798398025,-0.0055744126192790455
2025-06-12,10,-0.054663342982530595,0.5716652700485843,0.4,0.4,0.2,1,2025-06-12,2025-06-12,2025-06-12,1526.6199951171875,1526.6199951171875,1528.719970703125,1523.219970703125,1527.7099609375,189752800,2025-06-12,1526.6199951171875,0.0018243577798398025,-0.0055744126192790455,0.0012383851637580712
2025-07-01,71,0.2690321234100774,0.671203376018808,0.5915492957746479,0.2676056338028169,0.14084507042253522,1,2025-07-01,2025-07-01,2025-07-01,1541.530029296875,1541.530029296875,1541.530029296875,1532.2900390625,1533.989990234375,210974600,2025-07-01,1541.530029296875,0.005590536333469398,0.005630724978211488,-0.0007869712709026588
2025-07-02,143,0.2479458577194987,0.6725715710774252,0.5524475524475524,0.34965034965034963,0.0979020979020979,1,2025-07-02,2025-07-02,2025-07-02,1550.2099609375,1550.2099609375,1550.2099609375,1539.1800537109375,1539.72998046875,227442000,2025-07-02,1550.2099609375,0.005630724978211488,-0.0007869712709026588,0.0007746668341566121
2025-07-03,142,0.25495827809618915,0.6877867878859519,0.6126760563380281,0.2887323943661972,0.09859154929577464,1,2025-07-03,2025-07-03,2025-07-03,1548.989990234375,1548.989990234375,1548.989990234375,1540.3499755859375,1546.1400146484375,246417400,2025-07-03,1548.989990234375,-0.0007869712709026588,0.0007746668341566121,-0.008160227341092563
2025-07-04,74,-0.3762416732591904,0.6660273504021046,0.24324324324324326,0.6891891891891891,0.06756756756756757,1,2025-07-04,2025-07-04,2025-07-04,1550.18994140625,1550.18994140625,1551.780029296875,1547.699951171875,1550.739990234375,213981000,2025-07-04,1550.18994140625,0.0007746668341566121,-0.008160227341092563,-0.004812898673243415
2025-07-07,234,0.11388639747125344,0.6558269092312935,0.5256410256410257,0.36752136752136755,0.10683760683760683,3,2025-07-05,2025-07-07,2025-07-07,1537.5400390625,1537.5400390625,1544.739990234375,1534.6700439453125,1544.739990234375,239519500,2025-07-07,1537.5400390625,-0.008160227341092563,-0.004812898673243415,-0.0005881974234033249
2025-07-08,176,0.22575204183786726,0.6604762091648516,0.5738636363636364,0.3409090909090909,0.08522727272727272,1,2025-07-08,2025-07-08,2025-07-08,1530.1400146484375,1530.1400146484375,1531.1400146484375,1526.27001953125,1529.68994140625,175341200,2025-07-08,1530.1400146484375,-0.004812898673243415,-0.0005881974234033249,0.004760553832861225
2025-07-09,18,-0.2350207512629115,0.6704028616138252,0.3333333333333333,0.6111111111111112,0.05555555555555555,1,2025-07-09,2025-07-09,2025-07-09,1529.239990234375,1529.239990234375,1532.6199951171875,1523.2099609375,1529.0,164963400,2025-07-09,1529.239990234375,-0.0005881974234033249,0.004760553832861225,-0.00029291726529201423
2025-07-10,88,0.15875919728370552,0.6404809577512379,0.5454545454545454,0.3181818181818182,0.13636363636363635,1,2025-07-10,2025-07-10,2025-07-10,1536.52001953125,1536.52001953125,1536.52001953125,1523.25,1531.4300537109375,204036900,2025-07-10,1536.52001953125,0.004760553832861225,-0.00029291726529201423,0.0009374986341224023
2025-07-11,158,0.3155461778065567,0.6523758235208754,0.6645569620253164,0.26582278481012656,0.06962025316455696,1,2025-07-11,2025-07-11,2025-07-11,1536.0699462890625,1536.0699462890625,1541.93994140625,1530.77001953125,1537.8800048828125,195392700,2025-07-11,1536.0699462890625,-0.00029291726529201423,0.0009374986341224023,-0.007876361958390476
2025-07-14,13,-0.19036087175258082,0.6496536719455834,0.46153846153846156,0.46153846153846156,0.07692307692307693,1,2025-07-12,2025-07-12,2025-07-14,1537.510009765625,1537.510009765625,1538.3299560546875,1533.9300537109375,1535.56005859375,115095900,2025-07-14,1537.510009765625,0.0009374986341224023,-0.007876361958390476,-0.009112379829285588
2025-08-01,130,0.12973803682252766,0.6738484365091528,0.5076923076923077,0.4076923076923077,0.08461538461538462,1,2025-08-01,2025-08-01,2025-08-01,1533.3499755859375,1533.3499755859375,1534.47998046875,1519.1700439453125,1519.8699951171875,146055100,2025-08-01,1533.3499755859375,0.013282653617008089,-0.004154299552359797,0.007636009855288339
2025-08-04,114,-0.14917469573648354,0.682934667262459,0.32456140350877194,0.5701754385964912,0.10526315789473684,3,2025-08-02,2025-08-04,2025-08-04,1526.97998046875,1526.97998046875,1530.280029296875,1522.9599609375,1530.280029296875,127162100,2025-08-04,1526.97998046875,-0.004154299552359797,0.007636009855288339,0.0018457636570445857
2025-08-05,185,0.15889771002395128,0.6470876739822564,0.5243243243243243,0.372972972972973,0.10270270270270271,1,2025-08-05,2025-08-05,2025-08-05,1538.6400146484375,1538.6400146484375,1538.6400146484375,1528.6300048828125,1528.6300048828125,239523700,2025-08-05,1538.6400146484375,0.007636009855288339,0.0018457636570445857,0.004949791745262999
2025-08-06,10,0.07297047004103666,0.7447085751174387,0.6,0.4,0.0,1,2025-08-06,2025-08-06,2025-08-06,1541.47998046875,1541.47998046875,1542.8900146484375,1533.06005859375,1537.9200439453125,186087600,2025-08-06,1541.47998046875,0.0018457636570445857,0.004949791745262999,0.005080333347281085
2025-08-07,91,-0.1291672550781456,0.6724941685850333,0.37362637362637363,0.5054945054945055,0.12087912087912088,1,2025-08-07,2025-08-07,2025-08-07,1549.1099853515625,1549.1099853515625,1549.1099853515625,1537.739990234375,1540.5,177650300,2025-08-07,1549.1099853515625,0.004949791745262999,0.005080333347281085,0.004020610312369222
2025-08-08,145,0.21243090451020621,0.6684611122976666,0.593103448275862,0.31724137931034485,0.0896551724137931,1,2025-08-08,2025-08-08,2025-08-08,1556.97998046875,1556.97998046875,1556.97998046875,1546.4100341796875,1549.0,215176600,2025-08-08,1556.97998046875,0.005080333347281085,0.004020610312369222,0.0029810100872540435
2025-08-11,263,0.15744634731247767,0.6552466078075636,0.5171102661596958,0.3688212927756654,0.11406844106463879,3,2025-08-09,2025-08-11,2025-08-11,1563.239990234375,1563.239990234375,1565.43994140625,1554.949951171875,1557.739990234375,186306900,2025-08-11,1563.239990234375,0.004020610312369222,0.0029810100872540435,0.011926749716623775
2025-08-12,92,0.056833801173564534,0.6442160354804048,0.42391304347826086,0.41304347826086957,0.16304347826086957,1,2025-08-12,2025-08-12,2025-08-12,1567.9000244140625,1567.9000244140625,1572.969970703125,1561.8299560546875,1561.8299560546875,168959000,2025-08-12,1567.9000244140625,0.0029810100872540435,0.011926749716623775,-0.0034980000272362144
2025-09-02,158,0.12075022851629773,0.7219778164937084,0.5253164556962026,0.3924050632911392,0.08227848101265822,2,2025-09-01,2025-09-02,2025-09-02,1576.699951171875,1576.699951171875,1576.9100341796875,1561.3599853515625,1576.8599853515625,261521800,2025-09-02,1576.699951171875,0.0010030702800962743,0.0011543530257753787,-0.00023439368054223308
2025-09-03,10,0.06295512979850174,0.585938538818418,0.4,0.4,0.2,1,2025-09-03,2025-09-03,2025-09-03,1578.52001953125,1578.52001953125,1582.3399658203125,1573.949951171875,1575.22998046875,270878800,2025-09-03,1578.52001953125,0.0011543530257753787,-0.00023439368054223308,0.0047143435612291285
2025-09-04,150,-0.09993651237494001,0.7116270302573753,0.36666666666666664,0.5133333333333333,0.12,1,2025-09-04,2025-09-04,2025-09-04,1578.1500244140625,1578.1500244140625,1581.8900146484375,1575.989990234375,1579.9200439453125,219533800,2025-09-04,1578.1500244140625,-0.00023439368054223308,0.0047143435612291285,0.0007694882029645189
2025-09-08,418,0.18145444077600026,0.6359147829115056,0.5502392344497608,0.3397129186602871,0.11004784688995216,4,2025-09-05,2025-09-08,2025-09-08,1585.5899658203125,1585.5899658203125,1587.1600341796875,1579.5699462890625,1581.219970703125,168392900,2025-09-08,1585.5899658203125,0.0047143435612291285,0.0007694882029645189,0.002482931958309953
2025-09-09,82,0.22557113135074516,0.6395025237004123,0.5853658536585366,0.3170731707317073,0.0975609756097561,1,2025-09-09,2025-09-09,2025-09-09,1586.81005859375,1586.81005859375,1587.530029296875,1581.8900146484375,1586.97998046875,242971400,2025-09-09,1586.81005859375,0.0007694882029645189,0.002482931958309953,-0.004966226254321859
2025-09-10,169,0.30835107333142553,0.5871880335818213,0.5680473372781065,0.28402366863905326,0.14792899408284024,1,2025-09-10,2025-09-10,2025-09-10,1590.75,1590.75,1590.800048828125,1585.2099609375,1588.0400390625,202912700,2025-09-10,1590.75,0.002482931958309953,-0.004966226254321859,0.01091703545086653
2025-09-11,15,0.04122913560519616,0.701747442095369,0.4666666666666667,0.5333333333333333,0.0,1,2025-09-11,2025-09-11,2025-09-11,1582.8499755859375,1582.8499755859375,1583.8199462890625,1580.1600341796875,1582.8299560546875,205392000,2025-09-11,1582.8499755859375,-0.004966226254321859,0.01091703545086653,0.00723062891999815
2025-09-12,84,0.2348816348461523,0.6456779443969067,0.5833333333333334,0.3333333333333333,0.08333333333333333,1,2025-09-12,2025-09-12,2025-09-12,1600.1300048828125,1600.1300048828125,1600.1300048828125,1585.06005859375,1588.0400390625,156386900,2025-09-12,1600.1300048828125,0.01091703545086653,0.00723062891999815,-0.007923247408211709
2025-10-01,134,0.14828949033129796,0.6789405726423695,0.5373134328358209,0.3656716417910448,0.09701492537313433,1,2025-10-01,2025-10-01,2025-10-01,1620.8699951171875,1620.8699951171875,1624.0400390625,1612.6199951171875,1612.6199951171875,175175200,2025-10-01,1620.8699951171875,0.005577332187967965,0.010445041096410312,-0.0016729699308138946
2025-10-02,82,0.09361314814446903,0.7080037963466411,0.5121951219512195,0.4024390243902439,0.08536585365853659,1,2025-10-02,2025-10-02,2025-10-02,1637.800048828125,1637.800048828125,1640.1700439453125,1621.6800537109375,1621.6800537109375,269241100,2025-10-02,1637.800048828125,0.010445041096410312,-0.0016729699308138946,0.0018530861974381807
2025-10-03,81,-0.00550063348800679,0.6827760443582093,0.3333333333333333,0.4691358024691358,0.19753086419753085,1,2025-10-03,2025-10-03,2025-10-03,1635.06005859375,1635.06005859375,1658.72998046875,1631.4300537109375,1658.72998046875,163922700,2025-10-03,1635.06005859375,-0.0016729699308138946,0.0018530861974381807,-0.004920325923247648
2025-10-06,257,0.12032883078338225,0.6609435753974972,0.5097276264591439,0.4085603112840467,0.08171206225680934,3,2025-10-04,2025-10-06,2025-10-06,1638.0899658203125,1638.0899658203125,1638.0899658203125,1629.9300537109375,1636.1400146484375,180593900,2025-10-06,1638.0899658203125,0.0018530861974381807,-0.004920325923247648,-0.0015521366179777063
2025-10-07,159,0.1489525904802828,0.6771434367472502,0.5157232704402516,0.39622641509433965,0.0880503144654088,1,2025-10-07,2025-10-07,2025-10-07,1630.030029296875,1630.030029296875,1636.5,1624.3499755859375,1636.06005859375,203738200,2025-10-07,1630.030029296875,-0.004920325923247648,-0.0015521366179777063,0.0013333603350613732
2025-10-08,14,0.12699002752612748,0.720086070761338,0.6428571428571429,0.35714285714285715,0.0,1,2025-10-08,2025-10-08,2025-10-08,1627.5,1627.5,1628.1500244140625,1621.1700439453125,1628.1500244140625,190616300,2025-10-08,1627.5,-0.0015521366179777063,0.0013333603350613732,-0.004553095869240575
2025-10-09,125,0.250118753394112,0.6022178619944798,0.6,0.304,0.096,1,2025-10-09,2025-10-09,2025-10-09,1629.6700439453125,1629.6700439453125,1632.530029296875,1626.6700439453125,1628.8699951171875,254565400,2025-10-09,1629.6700439453125,0.0013333603350613732,-0.004553095869240575,-0.0043520163931268785
2025-10-10,149,0.22830363200202383,0.6638793016149362,0.5704697986577181,0.3288590604026846,0.10067114093959731,1,2025-10-10,2025-10-10,2025-10-10,1622.25,1622.25,1628.2099609375,1621.739990234375,1628.1600341796875,208692800,2025-10-10,1622.25,-0.004553095869240575,-0.0043520163931268785,-0.0023093138293707183
2025-10-13,233,0.20783210993552576,0.6724948375957962,0.5493562231759657,0.34334763948497854,0.1072961373390558,2,2025-10-11,2025-10-12,2025-10-13,1615.18994140625,1615.18994140625,1618.1300048828125,1601.75,1601.75,182977700,2025-10-13,1615.18994140625,-0.0043520163931268785,-0.0023093138293707183,5.590451690307141e-05
2025-11-03,129,-0.1163080466293925,0.6537630779689754,0.3488372093023256,0.5038759689922481,0.14728682170542637,3,2025-11-01,2025-11-03,2025-11-03,1622.4200439453125,1622.4200439453125,1622.4200439453125,1608.8499755859375,1610.7900390625,81104400,2025-11-03,1622.4200439453125,0.008246601826999989,0.0006656451630500104,-0.0012010786398983786
2025-11-04,136,0.08157941800891423,0.7045130939663465,0.5,0.4338235294117647,0.0661764705882353,1,2025-11-04,2025-11-04,2025-11-04,1623.5,1623.5,1630.9100341796875,1621.219970703125,1621.219970703125,167092600,2025-11-04,1623.5,0.0006656451630500104,-0.0012010786398983786,-0.0016096372873358744
2025-11-05,13,0.23858216820428005,0.6147783229455217,0.6153846153846154,0.3076923076923077,0.07692307692307693,1,2025-11-05,2025-11-05,2025-11-05,1621.550048828125,1621.550048828125,1623.1600341796875,1614.300048828125,1622.239990234375,166965600,2025-11-05,1621.550048828125,-0.0012010786398983786,-0.0016096372873358744,0.00011739995518134094
2025-11-06,165,0.2719768767767219,0.6283056942391282,0.6242424242424243,0.2606060606060606,0.11515151515151516,1,2025-11-06,2025-11-06,2025-11-06,1618.93994140625,1618.93994140625,1624.2900390625,1618.93994140625,1621.489990234375,177591400,2025-11-06,1618.93994140625,-0.0016096372873358744,0.00011739995518134094,0.005095328957601009
2025-11-07,148,0.20364245155517868,0.6158026942995807,0.5945945945945946,0.33783783783783783,0.06756756756756757,1,2025-11-07,2025-11-07,2025-11-07,1619.1300048828125,1619.1300048828125,1621.18994140625,1616.5,1617.6300048828125,176091000,2025-11-07,1619.1300048828125,0.00011739995518134094,0.005095328957601009,0.0045778804885903135
2025-11-10,269,0.22890782529976372,0.6373532729577779,0.5836431226765799,0.32342007434944237,0.09293680297397769,3,2025-11-08,2025-11-10,2025-11-10,1627.3800048828125,1627.3800048828125,1633.52001953125,1620.489990234375,1621.530029296875,156713600,2025-11-10,1627.3800048828125,0.005095328957601009,0.0045778804885903135,-0.0019696058854314913
2025-11-11,110,0.3061298706103116,0.5985855611195517,0.6545454545454545,0.24545454545454545,0.1,1,2025-11-11,2025-11-11,2025-11-11,1634.8299560546875,1634.8299560546875,1642.9000244140625,1630.77001953125,1631.52001953125,248402700,2025-11-11,1634.8299560546875,0.0045778804885903135,-0.0019696058854314913,0.00040452938239732283
2025-11-12,180,0.20661355652717045,0.6561752580589026,0.6,0.32222222222222224,0.07777777777777778,1,2025-11-12,2025-11-12,2025-11-12,1631.6099853515625,1631.6099853515625,1641.27001953125,1630.1199951171875,1636.739990234375,251510200,2025-11-12,1631.6099853515625,-0.0019696058854314913,0.00040452938239732283,-0.004043433688644793
2025-12-01,9,0.3336857692855928,0.7141098510076669,0.6666666666666666,0.3333333333333333,0.0,1,2025-12-01,2025-12-01,2025-12-01,1624.5699462890625,1624.5699462890625,1625.4200439453125,1608.260009765625,1608.260009765625,197661800,2025-12-01,1624.5699462890625,0.012527486305729418,0.0037117695736335055,-0.004758990483141989
2025-12-02,115,0.19036274152686417,0.6462315368253766,0.5130434782608696,0.3217391304347826,0.16521739130434782,1,2025-12-02,2025-12-02,2025-12-02,1630.5999755859375,1630.5999755859375,1634.3499755859375,1624.469970703125,1627.0699462890625,262521100,2025-12-02,1630.5999755859375,0.0037117695736335055,-0.004758990483141989,-0.0010906925935578737
2025-12-03,139,0.12473768080926416,0.7025052730115264,0.49640287769784175,0.3669064748201439,0.1366906474820144,1,2025-12-03,2025-12-03,2025-12-03,1622.8399658203125,1622.8399658203125,1632.949951171875,1617.7900390625,1631.4599609375,151137200,2025-12-03,1622.8399658203125,-0.004758990483141989,-0.0010906925935578737,-0.002806743020699498
2025-12-04,16,-0.14867457465152256,0.6241951466668612,0.375,0.5,0.125,1,2025-12-04,2025-12-04,2025-12-04,1621.0699462890625,1621.0699462890625,1625.989990234375,1616.489990234375,1624.6300048828125,182264300,2025-12-04,1621.0699462890625,-0.0010906925935578737,-0.002806743020699498,-0.0023136058874541066
2025-12-05,48,0.14177273021778095,0.6268073893819852,0.4583333333333333,0.3958333333333333,0.14583333333333334,1,2025-12-05,2025-12-05,2025-12-05,1616.52001953125,1616.52001953125,1621.25,1609.6700439453125,1620.699951171875,159772100,2025-12-05,1616.52001953125,-0.002806743020699498,-0.0023136058874541066,0.0008618749136195536
2025-12-08,264,0.15358977975891763,0.6579481019448662,0.5454545454545454,0.3484848484848485,0.10606060606060606,3,2025-12-06,2025-12-08,2025-12-08,1612.780029296875,1612.780029296875,1616.489990234375,1601.5,1616.030029296875,151561400,2025-12-08,1612.780029296875,-0.0023136058874541066,0.0008618749136195536,-0.001963884757496981
2025-12-09,147,0.3065101923183443,0.6439157491443237,0.6530612244897959,0.2925170068027211,0.05442176870748299,1,2025-12-09,2025-12-09,2025-12-09,1614.1700439453125,1614.1700439453125,1620.72998046875,1606.22998046875,1619.1400146484375,176320100,2025-12-09,1614.1700439453125,0.0008618749136195536,-0.001963884757496981,0.008932349254151095
2025-12-10,16,-0.13107808303902857,0.6718407771649412,0.4375,0.5,0.0625,1,2025-12-10,2025-12-10,2025-12-10,1611.0,1611.0,1612.5,1606.1099853515625,1611.0400390625,134862500,2025-12-10,1611.0,-0.001963884757496981,0.008932349254151095,0.007641269992666233
2025-12-11,135,0.2207898182794452,0.6752213791717051,0.6222222222222222,0.31851851851851853,0.05925925925925926,1,2025-12-11,2025-12-11,2025-12-11,1625.3900146484375,1625.3900146484375,1625.3900146484375,1609.9599609375,1612.8599853515625,203357400,2025-12-11,1625.3900146484375,0.008932349254151095,0.007641269992666233,0.003608423381188164
2025-12-12,197,0.2830677965424274,0.6460305976342142,0.6192893401015228,0.27411167512690354,0.1065989847715736,1,2025-12-12,2025-12-12,2025-12-12,1637.81005859375,1637.81005859375,1640.3599853515625,1622.030029296875,1622.56005859375,202172000,2025-12-12,1637.81005859375,0.007641269992666233,0.003608423381188164,0.0027924999223933877
