source,category,url,title,date,body
malaysiakini_news,news,https://www.malaysiakini.com/news/768328,"'Focus on unity', PM sidesteps questions on Rafizi",,"Speaking to reporters at Wisma MCA, Anwar, who is also PKR president, instead urged that focus be given to unity in the spirit of the day’s celebrations...
Please join the Malaysiakini WhatsApp Channel to get the latest news and views that matter."
malaysiakini_news,news,https://www.malaysiakini.com/news/768332,"Takiyuddin: PN to hold meeting on Feb 22, decide on new PN chief",,"PN deputy secretary-general Takiyuddin Hassan said leaders of the four component parties will convene at 3pm, following the conclusion of a PAS supreme council meeting...
Please join the Malaysiakini WhatsApp Channel to get the latest news and views that matter."
malaysiakini_news,news,https://www.malaysiakini.com/news/768335,Gerakan has 4 criteria for next PN chair - Lau,,"Primarily, Lau (above) said the individual chosen must not only be acceptable to all four PN component parties - Gerakan, Bersatu, PAS, and the Malaysian Indian People's Party (MIPP) - but also enjoy support across all segments of the society...
Please join the Malaysiakini WhatsApp Channel to get the latest news and views that matter."
malaysiakini_news,news,https://www.malaysiakini.com/news/768337,"PM calls for KLSCAH conservation, heritage recognition",,"He said this is to facilitate the requirements for the building to be recognised as a historic building and national heritage.
As such, he asked the Minister in the Prime Minister's Department (Federal Territories) Hannah Yeoh to coordinate the...
Please join the Malaysiakini WhatsApp Channel to get the latest news and views that matter."
malaysiakini_news,news,https://www.malaysiakini.com/news/768341,PAS backs Hamzah to 'get at' Muhyiddin - analysts,,"Political analyst Azmi Hassan from the Nusantara Strategic Research Academy said PAS’ current stance could be linked to the political crisis in Perlis.
In that episode, he said, PAS blamed Bersatu for...
Please join the Malaysiakini WhatsApp Channel to get the latest news and views that matter."
malaysiakini_news,news,https://www.malaysiakini.com/news/768342,Cops suspect financial difficulties behind murder of 5,,"Pahang police chief Yahaya Othman said the case is still under investigation under Section 302 of the Penal Code...
Please join the Malaysiakini WhatsApp Channel to get the latest news and views that matter."
malaysiakini_news,news,https://www.malaysiakini.com/news/768343,Exco denies data centres caused water supply issues at select areas,,"State Work, Transport, Infrastructure and Communications committee chairperson Fazli Salleh said no data centres receive water supply in Simpang Renggam and Benut, adding that the areas are not locations for such facility developments...
Please join the Malaysiakini WhatsApp Channel to get the latest news and views that matter."
malaysiakini_news,news,https://www.malaysiakini.com/news/768346,"MACC probe against me a form of 'intimidation', says Rafizi",,"Rafizi said MACC had “suddenly become active” in probing allegations of misconduct and corruption during his tenure as economy minister, centring on two major national policies - the Silicon Vision Programme and the National Energy Transition Roadmap (NETR)...
Please join the Malaysiakini WhatsApp Channel to get the latest news and views that matter."
malaysiakini_news,news,https://www.malaysiakini.com/news/768349,"Pre-rally arrests: Lawyer lodges police report, warns civil suit against govt",,"He said this following the police’s decision to disallow and halt the Gerakan Anti-Rumah Anutan Haram (Garah) rally, initially scheduled to take place in front of the Sogo Shopping Complex on Feb 7, and the subsequent detention of 20 individuals before the event began...
Please join the Malaysiakini WhatsApp Channel to get the latest news and views that matter."
malaysiakini_news,news,https://www.malaysiakini.com/news/768351,PAS denies 'targeting' Muhyiddin with 'welcome' for Hamzah,,"Speaking to Malaysiakini, Tuan Ibrahim instead reiterated the party’s stance that it has never interfered in Bersatu’s affairs.
Contrary to claims by political analyst Azmi Hassan of the Nusantara Strategic Research Academy, Tuan Ibrahim said the turmoil within Bersatu was not...
Please join the Malaysiakini WhatsApp Channel to get the latest news and views that matter."
malaysiakini_news,news,https://www.malaysiakini.com/news/768356,Experts: Hamzah's fate lies on ability to retain opposition chief post,,"As the factional fire within Bersatu continues, sacked deputy president Hamzah Zainudin’s vision to launch a new political movement could face its first test in Parliament.
The Larut MP, who so far remains as parliamentary opposition leader, has claimed the support of 19 out of 25 Bersatu MPs, led by the party’s parliamentary whip, Beluran MP Ronald Kiandee.
Bersih executive director Asraf Sharafi said...
Please join the Malaysiakini WhatsApp Channel to get the latest news and views that matter."
malaysiakini_news,news,https://www.malaysiakini.com/news/768358,YOURSAY | Who's the purveyor of disunity?,,"YOURSAY | ‘ Mere talk and doing the opposite will further alienate you from the people.’
'Focus on unity', PM sidesteps questions on Rafizi
GreenFalcon2290: Unity means being one. So, what is the measure of that oneness?
Are jobs open to all? Are budgetary allocations made on the basis of population distribution? Are laws used uniformly across the different communities?
Are cabinet positions, where policies are determined, based on parliamentary seats, which directly reflect the wishes of the people?
On none of these four pillars upon which unity sits is there even a semblance of unity. So, what on earth is Prime Minister Anwar Ibrahim talking about?
Does he write his own speeches, or can he not tell what he is actually saying?
It's evident from just a glance at the comments here that there is plain derision and contempt for the fake tongue.
No doubt there will be the usual suspects here, trumpeting some facet and hailing the guy; best to just laugh, as we always do, at that comedy act played out in so many articles here by the same one or two.
Every time he opens his mouth, he descends deeper into the morass.
Thana55: Who is the purveyor of disunity? Who causes it and then wants rakyat to focus on unity? Blatant 3R (race, religion, royalty) violators are arrested and no remand, and worse, no further action.
Pig farms and Hindu temples come to focus when there are more critical bread-and-butter issues, such as chronic traffic congestion.
The latest “ sandiwara ” (drama) is MACC chief commissioner Azam Baki. It is clear as daylight that Azam should be relieved of his duties pending investigation by an independent panel, preferably headed by former chief justice Tengku Maimun Tuan Mat.
Walk the talk, Anwar, because no one believes you anymore. Do not assume that the rakyat is blur when you never walk the talk on critical issues.
Maybe you and your sluggish cabinet should spend some time in Sarawak under the tutelage of Sarawak Premier Abang Johari Openg.
Your performance pales in comparison to Abang Jo, who focuses on things that really matter to make the ordinary rakyat's lives better and more competitive.
TC: The one who initiated disunity and promoted different camps within his own party is calling for unity among Malaysians with no shame. This is really pathetic.
For me, as someone who has supported him ever since he was jailed by former prime minster Dr Mahatir Mohamad, I am ashamed of myself for being a blind believer.
MarioT: Your certain behaviour and statements do not give the impression that you are truly sincere about unity.
When you take sides in a dispute and are not fair and concern for both sides, it is seen to be an expression of bias.
Mere talk and doing the opposite will further alienate you from the people.
As it is, PKR is seen to have a very low rating , and its survival in the upcoming 16th general election is a big question mark.
Dr Peter Jebaseelan Jesudason: Former economy minister Rafizi Ramli should be a gentleman and resign from PKR.
Sniping from the sidelines is ineffective. Offering Malaysians a new radical paradigm is vital. The old system is a clear failure, which is why Rafizi needs to spearhead a new alternative.
Anwar is going nowhere, and so Rafizi should leave the party. Nurul Izzah Anwar is being groomed to take over, even though she does not have grassroots support. If she cannot win in Permatang Pauh, I think it is a given she will not win in any Malay majority seat.
She could win in non- Malay majority constituencies, but this is an admission that she does not have Malay support.
So far, Anwar is not addressing any of Rafizi's concerns and has not made conciliatory gestures to him, indicating he is effectively being purged from PKR.
Rafizi, DAP disciplinary chief Tony Pua, former Umno leader Khairy Jamaluddin, former Bangi MP Ong Kian Ming, and PKR’s Setiawangsa MP Nik Nazmi Nik Ahmad should form a new technocratic party.
They should invite the best brains and talent to join the party to provide Malaysians with an alternative, which is free of baggage and corruption, is an unashamedly secular party with clear aims to uplift the B40 and to recognise and nurture talent.
Racism and bigotry will be made illegal. Reforms will be outlined and delivered within an achievable timeline. The judiciary, police force, education system, MACC, health care system and the NEP equivalent are in dire need of reform.
BlueShark1548: Anwar has no choice but to sack Rafizi, following precedents set by other Malay leaders who want to continue to lead sampai mati (until death).
Get rid of the deputy who threatened their positions?
Rafizi saw the writing on the wall when, out of the shadows, Nurul Izzah challenged Rafizi and won the PKR deputy president post.
GanMu: Rafizi, you are doing a great job. Let Anwar go around the bush and make insinuating statements implying you.
Nothing and nobody can shake your guts and nerves because your thoughts, words and actions are all aligned in one straight line, and you can never be wrong. That is the power within you.
I’m sure you know that arrogance precedes a fall, and you know whom I am referring to.
The above is a selection of comments posted by Malaysiakini subscribers. Only paying subscribers can post comments. In the past year, Malaysiakinians have posted over 100,000 comments. Join the Malaysiakini community and help set the news agenda. Subscribe now .
These comments are compiled to reflect the views of Malaysiakini subscribers on matters of public interest. Malaysiakini does not intend to represent these views as fact.
Please join the Malaysiakini WhatsApp Channel to get the latest news and views that matter."
malaysiakini_news,news,https://www.malaysiakini.com/news/768359,Family secures lawyer for youth detained in Japan as third charge looms,,"The family of Faiq Zafran Jailani, a Malaysian detained in Toyama, Japan, is appointing a lawyer for him.
This is ahead of March 12, when a third charge will be brought against Faiq, said Malaysian Humanitarian Organisation (MHO) secretary-general Hishamuddin Hashim.
However, Hishamuddin said details...
Please join the Malaysiakini WhatsApp Channel to get the latest news and views that matter."
malaysiakini_news,news,https://www.malaysiakini.com/news/768362,Wan Fayhsal withdraws appeal against Bersatu suspension,,"Machang MP Wan Ahmad Fayhsal Wan Ahmad Kamal has withdrawn his appeal for Bersatu to reconsider the suspension of his party membership.
In a statement on social media, Wan Fayhsal thanked the Bersatu board of appeal for its professionalism.
""However, like many former leaders...
Please join the Malaysiakini WhatsApp Channel to get the latest news and views that matter."
malaysiakini_news,news,https://www.malaysiakini.com/news/768367,"Bersatu dismisses division dissolutions, insists all intact",,"Bersatu has dismissed announcements that several of its divisions have been dissolved, calling the allegations baseless and unconstitutional.
In a statement, its secretary-general Azmin Ali said the dissolution announcements are in direct conflict with several provisions of the party constitution and standing orders.
He stressed that the party's...
Please join the Malaysiakini WhatsApp Channel to get the latest news and views that matter."
malaysiakini_news,news,https://www.malaysiakini.com/news/768371,'Dakwah' tents taken down for blocking footpaths - DBKL,,"The Kuala Lumpur City Hall (DBKL) has clarified that its officers removed Multiracial Reverted Muslims' (MRM) tents for violating regulations on obstructing pedestrian walkways.
Before the removal, DBKL officers had waited over 30 minutes at the location at Jalan Bukit Bintang for an explanation, but nobody came forward, it said in a statement today.
Please join the Malaysiakini WhatsApp Channel to get the latest news and views that matter."
malaysiakini_news,news,https://www.malaysiakini.com/news/768375,Bersatu crisis escalates as 12 divisions dissolve,,"Twelve Bersatu divisions have dissolved amid ongoing factional disputes within the party.
In Johor, 11 divisions dissolved as a group, namely Pontian, Simpang Renggam, Sembrong, Mersing, Johor Bahru, Pengerang, Labis, Tanjung Piai, Seri Gading, Ledang and Pulai, while the Dungun division in Terengganu followed separately.
Please join the Malaysiakini WhatsApp Channel to get the latest news and views that matter."
malaysiakini_news,news,https://www.malaysiakini.com/news/768377,Vatican says it will not participate in Gaza board of peace,,"The Vatican has decided not to join the Board of Peace, an international body primarily focused on post-conflict reconstruction in Gaza and broader global stability efforts, led by the US, Anadolu Ajansi reported.
Vatican News reported that Vatican secretary of state Cardinal Pietro Parolin announced on Sunday during a bilateral meeting with Italian officials at Palazzo Borromeo.
Please join the Malaysiakini WhatsApp Channel to get the latest news and views that matter."
malaysiakini_news,news,https://www.malaysiakini.com/news/768378,Amanah ready to capitalise on Bersatu turmoil in Johor - state leader,,"Johor Amanah is positioning itself to take advantage of Bersatu’s internal turmoil in the state, describing the situation as opening up political space ahead of the next state election.
When asked whether Bersatu’s instability could benefit his party, Johor Amanah vice-chairperson Zuhan Zain replied in the affirmative.
“It is seen as one of the...
Please join the Malaysiakini WhatsApp Channel to get the latest news and views that matter."
malaysiakini_news,news,https://www.malaysiakini.com/news/768384,Selamat berpuasa and blessed Lent,,"Malaysiakini wishes all Muslim readers a blessed Ramadan and extends warm Lenten greetings to our Christian supporters.
May this holy period of fasting bring peace, renewal, reflection, and a spirit of togetherness as we journey towards a better Malaysia.
Please join the Malaysiakini WhatsApp Channel to get the latest news and views that matter."
malaysiakini_news,news,https://www.malaysiakini.com/news/768398,"Build temples, preach Islam as much as you want, just follow law - PM",,"Prime Minister Anwar Ibrahim has reminded the public that they are free to practise their faiths however they want, as long as it is in accordance with the law.
Speaking at a special event with the Home Ministry in Putrajaya today, Anwar also suggested that focusing on such issues would only lead to racial disharmony and distract from more pressing issues.
Please join the Malaysiakini WhatsApp Channel to get the latest news and views that matter."
malaysiakini_news,news,https://www.malaysiakini.com/news/768402,"'Return home,' Umno tells Johor Bersatu members after 11 divisions dissolved",,"A Johor Umno division leader has invited Bersatu members affected by the dissolution of 11 divisions in the state to join Umno, describing the development as proof that Malay political strength cannot be built on division.
In a statement today, Johor Bahru Umno chief Yahya Jaafar said the disbandment – which includes the Johor Bahru division – should serve as a lesson that political stability and unity are crucial in safeguarding Malay interests.
Please join the Malaysiakini WhatsApp Channel to get the latest news and views that matter."
malaysiakini_news,news,https://www.malaysiakini.com/news/768418,Putra president accuses govt of double-faced stance on Azam issue,,"Rebuking the ""double-faced"" attitude of current government leaders, Ibrahim reminded the public that before the 15th general election, PKR leaders had openly pledged to take stern action against MACC chief commissioner Azam Baki...
Please join the Malaysiakini WhatsApp Channel to get the latest news and views that matter."
malaysiakini_news,news,https://www.malaysiakini.com/news/768422,"Bersatu not lacking in leaders, Tun Faisal says amid resignations",,"Bersatu information chief Tun Faisal Ismail Aziz has insisted the party is not lacking in leadership despite the departures of leaders who were either sacked or resigned in recent weeks.
In a statement, Tun Faisal said divisions affected by the actions of supporters aligned with sacked deputy president Hamzah Zainudin have a succession line capable of maintaining the party's struggle.
Please join the Malaysiakini WhatsApp Channel to get the latest news and views that matter."
malaysiakini_news,news,https://www.malaysiakini.com/news/768428,PN urges 'RCI-like committee' to probe Rafizi's alleged RM1.1b 'mega deal',,"PN chief whip Takiyuddin Hassan said immediate action was necessary if the government is serious in its commitment to combat corruption and misconduct....
Please join the Malaysiakini WhatsApp Channel to get the latest news and views that matter."
malaysiakini_news,news,https://www.malaysiakini.com/news/768430,Passing of ex-CJ a major loss to judiciary and nation,,"The Office of the Chief Registrar of the Federal Court said today that Hamid, who served as chief justice from Nov 1, 2007, to Oct 17, 2008, made invaluable contributions to the judiciary during his career...
Please join the Malaysiakini WhatsApp Channel to get the latest news and views that matter."
malaysiakini_news,news,https://www.malaysiakini.com/news/768433,"Financial, mental distress behind rising family tragedies, MMA says",,"MMA president Dr Thirunavukarasu Rajoo described recent instances of family tragedies as a stark reminder of a wider and worrying trend of rising suicides and severe psychological distress, particularly among working-age individuals grappling with intense economic and social pressures...
Please join the Malaysiakini WhatsApp Channel to get the latest news and views that matter."
malaysiakini_news,news,https://www.malaysiakini.com/news/768436,MIPP founder reports ROS DG to MACC,,"The report was made on Feb 10 following allegations of abuse of power, arbitrary decisions, and suspicions of bribery involving the issuance of contradictory ROS official letters in a short period of time...
Please join the Malaysiakini WhatsApp Channel to get the latest news and views that matter."
malaysiakini_news,news,https://www.malaysiakini.com/news/768441,"Masjid Tanah Bersatu implodes as Mas Ermieyati, senior leaders quit",,"She confirmed her exit when contacted by Malaysiakini ...
Please join the Malaysiakini WhatsApp Channel to get the latest news and views that matter."
malaysiakini_news,news,https://www.malaysiakini.com/news/768443,"Rafizi slams MACC probe, accuses Anwar of letting his allies weaponise slander",,"In a video posted on his Facebook today, the former PKR deputy president also accused Prime Minister Anwar Ibrahim of allowing this to flourish, via his allies...
Please join the Malaysiakini WhatsApp Channel to get the latest news and views that matter."
malaysiakini_news,news,https://www.malaysiakini.com/news/768449,UK cops nab Andrew Mountbatten-Windsor on suspicion of misconduct,,"Thames Valley Police confirmed the arrest on Thursday following allegations made against the former prince after the release of millions of pages of files related to paedophile financier, Jeffrey Epstein...
Please join the Malaysiakini WhatsApp Channel to get the latest news and views that matter."
malaysiakini_news,news,https://www.malaysiakini.com/news/768450,S. Korea ex-president Yoon gets life sentence over martial law bid,,"In the first ruling on the case, the Seoul Central District Court convicted Yoon of leading an insurrection through the martial law bid but handed down a sentence lighter than the death penalty recommended by special prosecutors...
Please join the Malaysiakini WhatsApp Channel to get the latest news and views that matter."
